image_path,fold
data/D1/Anthracnose/1730354693037.png,0
data/D1/Anthracnose/1730354693052.png,0
data/D1/Anthracnose/53e45a15-9c45-40be-bd04-6a637b31d5fd.png,2
data/D1/Anthracnose/Anthracnose(105).png,3
data/D1/Anthracnose/Anthracnose(108).png,1
data/D1/Anthracnose/Anthracnose(114).png,0
data/D1/Anthracnose/Anthracnose(116).png,3
data/D1/Anthracnose/Anthracnose(117).png,3
data/D1/Anthracnose/Anthracnose(126).png,1
data/D1/Anthracnose/Anthracnose(135).png,1
data/D1/Anthracnose/Anthracnose(147).png,0
data/D1/Anthracnose/Anthracnose(153).png,4
data/D1/Anthracnose/Anthracnose(159).png,4
data/D1/Anthracnose/Anthracnose(174).png,0
data/D1/Anthracnose/Anthracnose(179).png,3
data/D1/Anthracnose/Anthracnose(180).png,2
data/D1/Anthracnose/Anthracnose(186).png,1
data/D1/Anthracnose/Anthracnose(192).png,0
data/D1/Anthracnose/Anthracnose(196).png,2
data/D1/Anthracnose/Anthracnose(198).png,2
data/D1/Anthracnose/Anthracnose(204).png,0
data/D1/Anthracnose/Anthracnose(207).png,3
data/D1/Anthracnose/Anthracnose(211).png,1
data/D1/Anthracnose/Anthracnose(213).png,3
data/D1/Anthracnose/Anthracnose(216).png,3
data/D1/Anthracnose/Anthracnose(222).png,4
data/D1/Anthracnose/Anthracnose(227).png,4
data/D1/Anthracnose/Anthracnose(246).png,4
data/D1/Anthracnose/Anthracnose(249).png,2
data/D1/Anthracnose/Anthracnose(252).png,2
data/D1/Anthracnose/Anthracnose(258).png,0
data/D1/Anthracnose/Anthracnose(259).png,2
data/D1/Anthracnose/Anthracnose(260).png,3
data/D1/Anthracnose/Anthracnose(261).png,3
data/D1/Anthracnose/Anthracnose(264).png,0
data/D1/Anthracnose/Anthracnose(267).png,0
data/D1/Anthracnose/Anthracnose(270).png,4
data/D1/Anthracnose/Anthracnose(291).png,2
data/D1/Anthracnose/Anthracnose(292).png,1
data/D1/Anthracnose/Anthracnose(294).png,0
data/D1/Anthracnose/Anthracnose(333).png,2
data/D1/Anthracnose/Anthracnose(52).png,3
data/D1/Anthracnose/Anthracnose(75).png,2
data/D1/Anthracnose/Anthracnose(84).png,1
data/D1/Anthracnose/Anthracnose_decreased_1.png,0
data/D1/Anthracnose/Anthracnose_decreased_10.png,1
data/D1/Anthracnose/Anthracnose_decreased_11.png,0
data/D1/Anthracnose/Anthracnose_decreased_12.png,4
data/D1/Anthracnose/Anthracnose_decreased_13.png,4
data/D1/Anthracnose/Anthracnose_decreased_14.png,0
data/D1/Anthracnose/Anthracnose_decreased_15.png,3
data/D1/Anthracnose/Anthracnose_decreased_16.png,2
data/D1/Anthracnose/Anthracnose_decreased_17.png,1
data/D1/Anthracnose/Anthracnose_decreased_18.png,3
data/D1/Anthracnose/Anthracnose_decreased_19.png,2
data/D1/Anthracnose/Anthracnose_decreased_2.png,0
data/D1/Anthracnose/Anthracnose_decreased_20.png,0
data/D1/Anthracnose/Anthracnose_decreased_21.png,0
data/D1/Anthracnose/Anthracnose_decreased_22.png,3
data/D1/Anthracnose/Anthracnose_decreased_23.png,1
data/D1/Anthracnose/Anthracnose_decreased_24.png,3
data/D1/Anthracnose/Anthracnose_decreased_25.png,3
data/D1/Anthracnose/Anthracnose_decreased_26.png,2
data/D1/Anthracnose/Anthracnose_decreased_27.png,4
data/D1/Anthracnose/Anthracnose_decreased_28.png,4
data/D1/Anthracnose/Anthracnose_decreased_29.png,2
data/D1/Anthracnose/Anthracnose_decreased_3.png,2
data/D1/Anthracnose/Anthracnose_decreased_30.png,2
data/D1/Anthracnose/Anthracnose_decreased_31.png,0
data/D1/Anthracnose/Anthracnose_decreased_32.png,2
data/D1/Anthracnose/Anthracnose_decreased_33.png,3
data/D1/Anthracnose/Anthracnose_decreased_34.png,3
data/D1/Anthracnose/Anthracnose_decreased_35.png,0
data/D1/Anthracnose/Anthracnose_decreased_36.png,0
data/D1/Anthracnose/Anthracnose_decreased_37.png,3
data/D1/Anthracnose/Anthracnose_decreased_38.png,2
data/D1/Anthracnose/Anthracnose_decreased_39.png,1
data/D1/Anthracnose/Anthracnose_decreased_4.png,3
data/D1/Anthracnose/Anthracnose_decreased_40.png,0
data/D1/Anthracnose/Anthracnose_decreased_41.png,2
data/D1/Anthracnose/Anthracnose_decreased_42.png,3
data/D1/Anthracnose/Anthracnose_decreased_43.png,2
data/D1/Anthracnose/Anthracnose_decreased_44.png,1
data/D1/Anthracnose/Anthracnose_decreased_46.png,1
data/D1/Anthracnose/Anthracnose_decreased_47.png,2
data/D1/Anthracnose/Anthracnose_decreased_5.png,1
data/D1/Anthracnose/Anthracnose_decreased_6.png,0
data/D1/Anthracnose/Anthracnose_decreased_7.png,3
data/D1/Anthracnose/Anthracnose_decreased_8.png,3
data/D1/Anthracnose/Anthracnose_decreased_9.png,1
data/D1/Anthracnose/Anthracnose_increased_1.png,0
data/D1/Anthracnose/Anthracnose_increased_10.png,1
data/D1/Anthracnose/Anthracnose_increased_100.png,0
data/D1/Anthracnose/Anthracnose_increased_101.png,2
data/D1/Anthracnose/Anthracnose_increased_102.png,0
data/D1/Anthracnose/Anthracnose_increased_103.png,2
data/D1/Anthracnose/Anthracnose_increased_104.png,0
data/D1/Anthracnose/Anthracnose_increased_105.png,3
data/D1/Anthracnose/Anthracnose_increased_106.png,1
data/D1/Anthracnose/Anthracnose_increased_107.png,3
data/D1/Anthracnose/Anthracnose_increased_108.png,3
data/D1/Anthracnose/Anthracnose_increased_109.png,4
data/D1/Anthracnose/Anthracnose_increased_11.png,0
data/D1/Anthracnose/Anthracnose_increased_110.png,4
data/D1/Anthracnose/Anthracnose_increased_111.png,4
data/D1/Anthracnose/Anthracnose_increased_112.png,2
data/D1/Anthracnose/Anthracnose_increased_113.png,2
data/D1/Anthracnose/Anthracnose_increased_114.png,2
data/D1/Anthracnose/Anthracnose_increased_115.png,0
data/D1/Anthracnose/Anthracnose_increased_116.png,2
data/D1/Anthracnose/Anthracnose_increased_117.png,3
data/D1/Anthracnose/Anthracnose_increased_118.png,3
data/D1/Anthracnose/Anthracnose_increased_119.png,0
data/D1/Anthracnose/Anthracnose_increased_12.png,4
data/D1/Anthracnose/Anthracnose_increased_120.png,0
data/D1/Anthracnose/Anthracnose_increased_121.png,1
data/D1/Anthracnose/Anthracnose_increased_122.png,2
data/D1/Anthracnose/Anthracnose_increased_123.png,1
data/D1/Anthracnose/Anthracnose_increased_124.png,3
data/D1/Anthracnose/Anthracnose_increased_125.png,0
data/D1/Anthracnose/Anthracnose_increased_126.png,2
data/D1/Anthracnose/Anthracnose_increased_127.png,3
data/D1/Anthracnose/Anthracnose_increased_128.png,2
data/D1/Anthracnose/Anthracnose_increased_129.png,1
data/D1/Anthracnose/Anthracnose_increased_13.png,4
data/D1/Anthracnose/Anthracnose_increased_130.png,1
data/D1/Anthracnose/Anthracnose_increased_131.png,2
data/D1/Anthracnose/Anthracnose_increased_132.png,1
data/D1/Anthracnose/Anthracnose_increased_133.png,0
data/D1/Anthracnose/Anthracnose_increased_134.png,3
data/D1/Anthracnose/Anthracnose_increased_135.png,3
data/D1/Anthracnose/Anthracnose_increased_136.png,1
data/D1/Anthracnose/Anthracnose_increased_138.png,1
data/D1/Anthracnose/Anthracnose_increased_139.png,2
data/D1/Anthracnose/Anthracnose_increased_14.png,0
data/D1/Anthracnose/Anthracnose_increased_15.png,3
data/D1/Anthracnose/Anthracnose_increased_16.png,2
data/D1/Anthracnose/Anthracnose_increased_17.png,1
data/D1/Anthracnose/Anthracnose_increased_18.png,0
data/D1/Anthracnose/Anthracnose_increased_19.png,2
data/D1/Anthracnose/Anthracnose_increased_2.png,0
data/D1/Anthracnose/Anthracnose_increased_20.png,2
data/D1/Anthracnose/Anthracnose_increased_21.png,0
data/D1/Anthracnose/Anthracnose_increased_22.png,3
data/D1/Anthracnose/Anthracnose_increased_23.png,1
data/D1/Anthracnose/Anthracnose_increased_24.png,3
data/D1/Anthracnose/Anthracnose_increased_25.png,3
data/D1/Anthracnose/Anthracnose_increased_26.png,4
data/D1/Anthracnose/Anthracnose_increased_27.png,4
data/D1/Anthracnose/Anthracnose_increased_28.png,4
data/D1/Anthracnose/Anthracnose_increased_29.png,2
data/D1/Anthracnose/Anthracnose_increased_3.png,2
data/D1/Anthracnose/Anthracnose_increased_30.png,2
data/D1/Anthracnose/Anthracnose_increased_31.png,0
data/D1/Anthracnose/Anthracnose_increased_32.png,2
data/D1/Anthracnose/Anthracnose_increased_33.png,3
data/D1/Anthracnose/Anthracnose_increased_34.png,3
data/D1/Anthracnose/Anthracnose_increased_35.png,0
data/D1/Anthracnose/Anthracnose_increased_36.png,0
data/D1/Anthracnose/Anthracnose_increased_37.png,1
data/D1/Anthracnose/Anthracnose_increased_38.png,2
data/D1/Anthracnose/Anthracnose_increased_39.png,1
data/D1/Anthracnose/Anthracnose_increased_4.png,3
data/D1/Anthracnose/Anthracnose_increased_40.png,0
data/D1/Anthracnose/Anthracnose_increased_41.png,2
data/D1/Anthracnose/Anthracnose_increased_42.png,3
data/D1/Anthracnose/Anthracnose_increased_43.png,2
data/D1/Anthracnose/Anthracnose_increased_44.png,1
data/D1/Anthracnose/Anthracnose_increased_45.png,0
data/D1/Anthracnose/Anthracnose_increased_46.png,1
data/D1/Anthracnose/Anthracnose_increased_47.png,0
data/D1/Anthracnose/Anthracnose_increased_48.png,4
data/D1/Anthracnose/Anthracnose_increased_49.png,4
data/D1/Anthracnose/Anthracnose_increased_5.png,1
data/D1/Anthracnose/Anthracnose_increased_50.png,0
data/D1/Anthracnose/Anthracnose_increased_51.png,3
data/D1/Anthracnose/Anthracnose_increased_52.png,2
data/D1/Anthracnose/Anthracnose_increased_53.png,1
data/D1/Anthracnose/Anthracnose_increased_54.png,3
data/D1/Anthracnose/Anthracnose_increased_55.png,2
data/D1/Anthracnose/Anthracnose_increased_56.png,0
data/D1/Anthracnose/Anthracnose_increased_57.png,0
data/D1/Anthracnose/Anthracnose_increased_58.png,0
data/D1/Anthracnose/Anthracnose_increased_59.png,3
data/D1/Anthracnose/Anthracnose_increased_6.png,0
data/D1/Anthracnose/Anthracnose_increased_60.png,1
data/D1/Anthracnose/Anthracnose_increased_61.png,3
data/D1/Anthracnose/Anthracnose_increased_62.png,3
data/D1/Anthracnose/Anthracnose_increased_63.png,2
data/D1/Anthracnose/Anthracnose_increased_64.png,4
data/D1/Anthracnose/Anthracnose_increased_65.png,4
data/D1/Anthracnose/Anthracnose_increased_66.png,2
data/D1/Anthracnose/Anthracnose_increased_67.png,2
data/D1/Anthracnose/Anthracnose_increased_68.png,2
data/D1/Anthracnose/Anthracnose_increased_69.png,0
data/D1/Anthracnose/Anthracnose_increased_7.png,3
data/D1/Anthracnose/Anthracnose_increased_70.png,2
data/D1/Anthracnose/Anthracnose_increased_71.png,3
data/D1/Anthracnose/Anthracnose_increased_72.png,3
data/D1/Anthracnose/Anthracnose_increased_73.png,0
data/D1/Anthracnose/Anthracnose_increased_74.png,0
data/D1/Anthracnose/Anthracnose_increased_75.png,3
data/D1/Anthracnose/Anthracnose_increased_76.png,2
data/D1/Anthracnose/Anthracnose_increased_77.png,1
data/D1/Anthracnose/Anthracnose_increased_78.png,3
data/D1/Anthracnose/Anthracnose_increased_79.png,0
data/D1/Anthracnose/Anthracnose_increased_8.png,3
data/D1/Anthracnose/Anthracnose_increased_80.png,2
data/D1/Anthracnose/Anthracnose_increased_81.png,3
data/D1/Anthracnose/Anthracnose_increased_82.png,2
data/D1/Anthracnose/Anthracnose_increased_83.png,1
data/D1/Anthracnose/Anthracnose_increased_84.png,1
data/D1/Anthracnose/Anthracnose_increased_85.png,2
data/D1/Anthracnose/Anthracnose_increased_86.png,1
data/D1/Anthracnose/Anthracnose_increased_87.png,0
data/D1/Anthracnose/Anthracnose_increased_88.png,3
data/D1/Anthracnose/Anthracnose_increased_89.png,3
data/D1/Anthracnose/Anthracnose_increased_9.png,1
data/D1/Anthracnose/Anthracnose_increased_90.png,1
data/D1/Anthracnose/Anthracnose_increased_91.png,0
data/D1/Anthracnose/Anthracnose_increased_92.png,1
data/D1/Anthracnose/Anthracnose_increased_93.png,0
data/D1/Anthracnose/Anthracnose_increased_94.png,4
data/D1/Anthracnose/Anthracnose_increased_95.png,4
data/D1/Anthracnose/Anthracnose_increased_96.png,0
data/D1/Anthracnose/Anthracnose_increased_97.png,3
data/D1/Anthracnose/Anthracnose_increased_98.png,2
data/D1/Anthracnose/Anthracnose_increased_99.png,1
data/D1/Anthracnose/IMG20241103151558.png,1
data/D1/Anthracnose/IMG20241103151610.png,2
data/D1/BacterialSpot/Anthracnose_increased_1.png,0
data/D1/BacterialSpot/Anthracnose_increased_10.png,0
data/D1/BacterialSpot/Anthracnose_increased_100.png,4
data/D1/BacterialSpot/Anthracnose_increased_101.png,3
data/D1/BacterialSpot/Anthracnose_increased_102.png,3
data/D1/BacterialSpot/Anthracnose_increased_103.png,1
data/D1/BacterialSpot/Anthracnose_increased_104.png,2
data/D1/BacterialSpot/Anthracnose_increased_105.png,4
data/D1/BacterialSpot/Anthracnose_increased_106.png,0
data/D1/BacterialSpot/Anthracnose_increased_107.png,2
data/D1/BacterialSpot/Anthracnose_increased_11.png,0
data/D1/BacterialSpot/Anthracnose_increased_12.png,0
data/D1/BacterialSpot/Anthracnose_increased_13.png,3
data/D1/BacterialSpot/Anthracnose_increased_14.png,2
data/D1/BacterialSpot/Anthracnose_increased_15.png,0
data/D1/BacterialSpot/Anthracnose_increased_16.png,2
data/D1/BacterialSpot/Anthracnose_increased_17.png,1
data/D1/BacterialSpot/Anthracnose_increased_18.png,2
data/D1/BacterialSpot/Anthracnose_increased_19.png,2
data/D1/BacterialSpot/Anthracnose_increased_2.png,0
data/D1/BacterialSpot/Anthracnose_increased_20.png,3
data/D1/BacterialSpot/Anthracnose_increased_21.png,3
data/D1/BacterialSpot/Anthracnose_increased_22.png,2
data/D1/BacterialSpot/Anthracnose_increased_23.png,3
data/D1/BacterialSpot/Anthracnose_increased_24.png,4
data/D1/BacterialSpot/Anthracnose_increased_25.png,0
data/D1/BacterialSpot/Anthracnose_increased_26.png,4
data/D1/BacterialSpot/Anthracnose_increased_27.png,4
data/D1/BacterialSpot/Anthracnose_increased_28.png,2
data/D1/BacterialSpot/Anthracnose_increased_29.png,3
data/D1/BacterialSpot/Anthracnose_increased_3.png,3
data/D1/BacterialSpot/Anthracnose_increased_30.png,2
data/D1/BacterialSpot/Anthracnose_increased_31.png,3
data/D1/BacterialSpot/Anthracnose_increased_32.png,0
data/D1/BacterialSpot/Anthracnose_increased_33.png,0
data/D1/BacterialSpot/Anthracnose_increased_34.png,0
data/D1/BacterialSpot/Anthracnose_increased_35.png,2
data/D1/BacterialSpot/Anthracnose_increased_36.png,0
data/D1/BacterialSpot/Anthracnose_increased_37.png,2
data/D1/BacterialSpot/Anthracnose_increased_38.png,0
data/D1/BacterialSpot/Anthracnose_increased_39.png,1
data/D1/BacterialSpot/Anthracnose_increased_4.png,1
data/D1/BacterialSpot/Anthracnose_increased_40.png,0
data/D1/BacterialSpot/Anthracnose_increased_41.png,1
data/D1/BacterialSpot/Anthracnose_increased_42.png,3
data/D1/BacterialSpot/Anthracnose_increased_43.png,1
data/D1/BacterialSpot/Anthracnose_increased_44.png,1
data/D1/BacterialSpot/Anthracnose_increased_45.png,1
data/D1/BacterialSpot/Anthracnose_increased_46.png,3
data/D1/BacterialSpot/Anthracnose_increased_47.png,2
data/D1/BacterialSpot/Anthracnose_increased_48.png,0
data/D1/BacterialSpot/Anthracnose_increased_49.png,3
data/D1/BacterialSpot/Anthracnose_increased_5.png,0
data/D1/BacterialSpot/Anthracnose_increased_50.png,1
data/D1/BacterialSpot/Anthracnose_increased_51.png,4
data/D1/BacterialSpot/Anthracnose_increased_52.png,4
data/D1/BacterialSpot/Anthracnose_increased_53.png,4
data/D1/BacterialSpot/Anthracnose_increased_54.png,3
data/D1/BacterialSpot/Anthracnose_increased_55.png,4
data/D1/BacterialSpot/Anthracnose_increased_56.png,3
data/D1/BacterialSpot/Anthracnose_increased_57.png,2
data/D1/BacterialSpot/Anthracnose_increased_58.png,2
data/D1/BacterialSpot/Anthracnose_increased_59.png,1
data/D1/BacterialSpot/Anthracnose_increased_6.png,2
data/D1/BacterialSpot/Anthracnose_increased_60.png,2
data/D1/BacterialSpot/Anthracnose_increased_61.png,0
data/D1/BacterialSpot/Anthracnose_increased_62.png,4
data/D1/BacterialSpot/Anthracnose_increased_63.png,2
data/D1/BacterialSpot/Anthracnose_increased_64.png,2
data/D1/BacterialSpot/Anthracnose_increased_65.png,2
data/D1/BacterialSpot/Anthracnose_increased_66.png,4
data/D1/BacterialSpot/Anthracnose_increased_67.png,2
data/D1/BacterialSpot/Anthracnose_increased_68.png,4
data/D1/BacterialSpot/Anthracnose_increased_69.png,4
data/D1/BacterialSpot/Anthracnose_increased_7.png,1
data/D1/BacterialSpot/Anthracnose_increased_70.png,4
data/D1/BacterialSpot/Anthracnose_increased_71.png,3
data/D1/BacterialSpot/Anthracnose_increased_72.png,4
data/D1/BacterialSpot/Anthracnose_increased_73.png,4
data/D1/BacterialSpot/Anthracnose_increased_74.png,0
data/D1/BacterialSpot/Anthracnose_increased_75.png,2
data/D1/BacterialSpot/Anthracnose_increased_76.png,4
data/D1/BacterialSpot/Anthracnose_increased_77.png,3
data/D1/BacterialSpot/Anthracnose_increased_78.png,4
data/D1/BacterialSpot/Anthracnose_increased_79.png,3
data/D1/BacterialSpot/Anthracnose_increased_8.png,3
data/D1/BacterialSpot/Anthracnose_increased_80.png,3
data/D1/BacterialSpot/Anthracnose_increased_81.png,3
data/D1/BacterialSpot/Anthracnose_increased_82.png,2
data/D1/BacterialSpot/Anthracnose_increased_83.png,0
data/D1/BacterialSpot/Anthracnose_increased_84.png,4
data/D1/BacterialSpot/Anthracnose_increased_85.png,4
data/D1/BacterialSpot/Anthracnose_increased_86.png,3
data/D1/BacterialSpot/Anthracnose_increased_87.png,2
data/D1/BacterialSpot/Anthracnose_increased_88.png,3
data/D1/BacterialSpot/Anthracnose_increased_89.png,2
data/D1/BacterialSpot/Anthracnose_increased_9.png,0
data/D1/BacterialSpot/Anthracnose_increased_90.png,4
data/D1/BacterialSpot/Anthracnose_increased_91.png,4
data/D1/BacterialSpot/Anthracnose_increased_92.png,3
data/D1/BacterialSpot/Anthracnose_increased_93.png,2
data/D1/BacterialSpot/Anthracnose_increased_94.png,4
data/D1/BacterialSpot/Anthracnose_increased_95.png,3
data/D1/BacterialSpot/Anthracnose_increased_96.png,0
data/D1/BacterialSpot/Anthracnose_increased_97.png,0
data/D1/BacterialSpot/Anthracnose_increased_98.png,4
data/D1/BacterialSpot/Anthracnose_increased_99.png,3
data/D1/BacterialSpot/BacterialSpot(118).jpg,0
data/D1/BacterialSpot/BacterialSpot(120).jpg,0
data/D1/BacterialSpot/BacterialSpot(133).jpg,3
data/D1/BacterialSpot/BacterialSpot(134).jpg,1
data/D1/BacterialSpot/BacterialSpot(135).jpg,0
data/D1/BacterialSpot/BacterialSpot(137).jpg,2
data/D1/BacterialSpot/BacterialSpot(142).jpg,1
data/D1/BacterialSpot/BacterialSpot(143).jpg,3
data/D1/BacterialSpot/BacterialSpot(144).jpg,0
data/D1/BacterialSpot/BacterialSpot(148).jpg,0
data/D1/BacterialSpot/BacterialSpot(150).jpg,0
data/D1/BacterialSpot/BacterialSpot(154).jpg,0
data/D1/BacterialSpot/BacterialSpot(155).jpg,3
data/D1/BacterialSpot/BacterialSpot(157).jpg,2
data/D1/BacterialSpot/BacterialSpot(159).jpg,0
data/D1/BacterialSpot/BacterialSpot(16).jpg,2
data/D1/BacterialSpot/BacterialSpot(163).jpg,1
data/D1/BacterialSpot/BacterialSpot(184).jpg,2
data/D1/BacterialSpot/BacterialSpot(186).jpg,2
data/D1/BacterialSpot/BacterialSpot(189).jpg,3
data/D1/BacterialSpot/BacterialSpot(191).jpg,3
data/D1/BacterialSpot/BacterialSpot(193).jpg,2
data/D1/BacterialSpot/BacterialSpot(194).jpg,3
data/D1/BacterialSpot/BacterialSpot(195).jpg,4
data/D1/BacterialSpot/BacterialSpot(199).jpg,0
data/D1/BacterialSpot/BacterialSpot(204).jpg,4
data/D1/BacterialSpot/BacterialSpot(207).jpg,4
data/D1/BacterialSpot/BacterialSpot(210).jpg,2
data/D1/BacterialSpot/BacterialSpot(212).jpg,3
data/D1/BacterialSpot/BacterialSpot(213).jpg,2
data/D1/BacterialSpot/BacterialSpot(214).jpg,3
data/D1/BacterialSpot/BacterialSpot(217).jpg,0
data/D1/BacterialSpot/BacterialSpot(220).jpg,0
data/D1/BacterialSpot/BacterialSpot(224).jpg,0
data/D1/BacterialSpot/BacterialSpot(225).jpg,2
data/D1/BacterialSpot/BacterialSpot(228).jpg,0
data/D1/BacterialSpot/BacterialSpot(229).jpg,2
data/D1/BacterialSpot/BacterialSpot(230).jpg,0
data/D1/BacterialSpot/BacterialSpot(232).jpg,1
data/D1/BacterialSpot/BacterialSpot(233).jpg,0
data/D1/BacterialSpot/BacterialSpot(234).jpg,1
data/D1/BacterialSpot/BacterialSpot(237).jpg,3
data/D1/BacterialSpot/BacterialSpot(240).jpg,1
data/D1/BacterialSpot/BacterialSpot(241).jpg,1
data/D1/BacterialSpot/BacterialSpot(245).jpg,1
data/D1/BacterialSpot/BacterialSpot(247).jpg,3
data/D1/BacterialSpot/BacterialSpot(248).jpg,2
data/D1/BacterialSpot/BacterialSpot(253).jpg,0
data/D1/BacterialSpot/BacterialSpot(259).jpg,3
data/D1/BacterialSpot/BacterialSpot(260).jpg,1
data/D1/BacterialSpot/BacterialSpot(262).jpg,4
data/D1/BacterialSpot/BacterialSpot(264).jpg,4
data/D1/BacterialSpot/BacterialSpot(265).jpg,4
data/D1/BacterialSpot/BacterialSpot(266).jpg,3
data/D1/BacterialSpot/BacterialSpot(273).jpg,4
data/D1/BacterialSpot/BacterialSpot(277).jpg,3
data/D1/BacterialSpot/BacterialSpot(286).jpg,1
data/D1/BacterialSpot/BacterialSpot(292).jpg,2
data/D1/BacterialSpot/BacterialSpot(295).jpg,4
data/D1/BacterialSpot/BacterialSpot(296).jpg,2
data/D1/BacterialSpot/BacterialSpot(297).jpg,0
data/D1/BacterialSpot/BacterialSpot(309).jpg,4
data/D1/BacterialSpot/BacterialSpot(311).jpg,2
data/D1/BacterialSpot/BacterialSpot(312).jpg,2
data/D1/BacterialSpot/BacterialSpot(320).jpg,2
data/D1/BacterialSpot/BacterialSpot(321).jpg,4
data/D1/BacterialSpot/BacterialSpot(329).jpg,2
data/D1/BacterialSpot/BacterialSpot(343).jpg,4
data/D1/BacterialSpot/BacterialSpot(345).jpg,4
data/D1/BacterialSpot/BacterialSpot(346).jpg,4
data/D1/BacterialSpot/BacterialSpot(348).jpg,3
data/D1/BacterialSpot/BacterialSpot(354).jpg,4
data/D1/BacterialSpot/BacterialSpot(355).jpg,4
data/D1/BacterialSpot/BacterialSpot(358).jpg,0
data/D1/BacterialSpot/BacterialSpot(363).jpg,2
data/D1/BacterialSpot/BacterialSpot(364).jpg,4
data/D1/BacterialSpot/BacterialSpot(367).jpg,3
data/D1/BacterialSpot/BacterialSpot(368).jpg,4
data/D1/BacterialSpot/BacterialSpot(369).jpg,3
data/D1/BacterialSpot/BacterialSpot(371).jpg,3
data/D1/BacterialSpot/BacterialSpot(372).jpg,3
data/D1/BacterialSpot/BacterialSpot(374).jpg,2
data/D1/BacterialSpot/BacterialSpot(381).jpg,0
data/D1/BacterialSpot/BacterialSpot(385).jpg,4
data/D1/BacterialSpot/BacterialSpot(386).jpg,4
data/D1/BacterialSpot/BacterialSpot(39).jpg,3
data/D1/BacterialSpot/BacterialSpot(390).jpg,2
data/D1/BacterialSpot/BacterialSpot(391).jpg,3
data/D1/BacterialSpot/BacterialSpot(392).jpg,2
data/D1/BacterialSpot/BacterialSpot(395).jpg,4
data/D1/BacterialSpot/BacterialSpot(397).jpg,4
data/D1/BacterialSpot/BacterialSpot(398).jpg,3
data/D1/BacterialSpot/BacterialSpot(4).jpg,2
data/D1/BacterialSpot/BacterialSpot(401).jpg,4
data/D1/BacterialSpot/BacterialSpot(402).jpg,3
data/D1/BacterialSpot/BacterialSpot(418).jpg,0
data/D1/BacterialSpot/BacterialSpot(421).jpg,0
data/D1/BacterialSpot/BacterialSpot(422).jpg,4
data/D1/BacterialSpot/BacterialSpot(425).jpg,3
data/D1/BacterialSpot/BacterialSpot(436).jpg,4
data/D1/BacterialSpot/BacterialSpot(438).jpg,3
data/D1/BacterialSpot/BacterialSpot(441).jpg,3
data/D1/BacterialSpot/BacterialSpot(447).jpg,1
data/D1/BacterialSpot/BacterialSpot(454).jpg,2
data/D1/BacterialSpot/BacterialSpot(456).jpg,4
data/D1/BacterialSpot/BacterialSpot(457).jpg,0
data/D1/BacterialSpot/BacterialSpot(6).jpg,2
data/D1/Curl/075c28da-9e91-40bf-9558-572fac762ced.png,2
data/D1/Curl/0b529930-48dd-4fea-a0a8-ef53ef368130.png,4
data/D1/Curl/1887a59d-89cf-4a22-8c77-cbec7c6ec4b8_rotated_135.png,0
data/D1/Curl/2270cfd0-1d0e-42db-9fdb-2bc5f208a3fa - Copy (2).png,3
data/D1/Curl/475667a1-6d62-4715-a2ca-a1dd6769a652.png,4
data/D1/Curl/4f14467b-9694-411c-8ede-84726486611a_rotated_90.png,2
data/D1/Curl/7c5c8f19-a9f9-4138-830e-2497ef571bb1_rotated_270.png,4
data/D1/Curl/7c5c8f19-a9f9-4138-830e-2497ef571bb1_rotated_90 - Copy.png,4
data/D1/Curl/83ea002c-37bf-4558-849d-cbce11abfa44.png,4
data/D1/Curl/84eeab58-ad10-4b6c-b63f-6dc589dad034 - Copy - Copy.png,4
data/D1/Curl/84eeab58-ad10-4b6c-b63f-6dc589dad034_rotated_180 - Copy.png,4
data/D1/Curl/976d1972-3b93-4d73-9fa7-229554fd5df5 - Copy.png,2
data/D1/Curl/Anthracnose_increased_1.png,1
data/D1/Curl/Anthracnose_increased_10.png,4
data/D1/Curl/Anthracnose_increased_100.png,3
data/D1/Curl/Anthracnose_increased_101.png,0
data/D1/Curl/Anthracnose_increased_102.png,4
data/D1/Curl/Anthracnose_increased_103.png,1
data/D1/Curl/Anthracnose_increased_104.png,3
data/D1/Curl/Anthracnose_increased_105.png,0
data/D1/Curl/Anthracnose_increased_106.png,0
data/D1/Curl/Anthracnose_increased_107.png,0
data/D1/Curl/Anthracnose_increased_108.png,0
data/D1/Curl/Anthracnose_increased_109.png,2
data/D1/Curl/Anthracnose_increased_11.png,4
data/D1/Curl/Anthracnose_increased_110.png,2
data/D1/Curl/Anthracnose_increased_111.png,3
data/D1/Curl/Anthracnose_increased_112.png,2
data/D1/Curl/Anthracnose_increased_113.png,0
data/D1/Curl/Anthracnose_increased_114.png,1
data/D1/Curl/Anthracnose_increased_115.png,2
data/D1/Curl/Anthracnose_increased_116.png,0
data/D1/Curl/Anthracnose_increased_117.png,0
data/D1/Curl/Anthracnose_increased_118.png,0
data/D1/Curl/Anthracnose_increased_119.png,3
data/D1/Curl/Anthracnose_increased_12.png,1
data/D1/Curl/Anthracnose_increased_120.png,0
data/D1/Curl/Anthracnose_increased_121.png,4
data/D1/Curl/Anthracnose_increased_122.png,0
data/D1/Curl/Anthracnose_increased_123.png,2
data/D1/Curl/Anthracnose_increased_124.png,0
data/D1/Curl/Anthracnose_increased_125.png,4
data/D1/Curl/Anthracnose_increased_126.png,0
data/D1/Curl/Anthracnose_increased_127.png,1
data/D1/Curl/Anthracnose_increased_128.png,1
data/D1/Curl/Anthracnose_increased_129.png,0
data/D1/Curl/Anthracnose_increased_13.png,0
data/D1/Curl/Anthracnose_increased_130.png,1
data/D1/Curl/Anthracnose_increased_131.png,1
data/D1/Curl/Anthracnose_increased_132.png,1
data/D1/Curl/Anthracnose_increased_133.png,1
data/D1/Curl/Anthracnose_increased_134.png,1
data/D1/Curl/Anthracnose_increased_135.png,1
data/D1/Curl/Anthracnose_increased_136.png,4
data/D1/Curl/Anthracnose_increased_137.png,4
data/D1/Curl/Anthracnose_increased_138.png,1
data/D1/Curl/Anthracnose_increased_139.png,1
data/D1/Curl/Anthracnose_increased_14.png,3
data/D1/Curl/Anthracnose_increased_140.png,3
data/D1/Curl/Anthracnose_increased_141.png,0
data/D1/Curl/Anthracnose_increased_142.png,0
data/D1/Curl/Anthracnose_increased_143.png,0
data/D1/Curl/Anthracnose_increased_144.png,0
data/D1/Curl/Anthracnose_increased_145.png,0
data/D1/Curl/Anthracnose_increased_146.png,3
data/D1/Curl/Anthracnose_increased_147.png,3
data/D1/Curl/Anthracnose_increased_148.png,1
data/D1/Curl/Anthracnose_increased_149.png,3
data/D1/Curl/Anthracnose_increased_15.png,3
data/D1/Curl/Anthracnose_increased_150.png,2
data/D1/Curl/Anthracnose_increased_151.png,4
data/D1/Curl/Anthracnose_increased_152.png,3
data/D1/Curl/Anthracnose_increased_153.png,2
data/D1/Curl/Anthracnose_increased_154.png,2
data/D1/Curl/Anthracnose_increased_155.png,4
data/D1/Curl/Anthracnose_increased_156.png,4
data/D1/Curl/Anthracnose_increased_157.png,0
data/D1/Curl/Anthracnose_increased_158.png,2
data/D1/Curl/Anthracnose_increased_159.png,1
data/D1/Curl/Anthracnose_increased_16.png,1
data/D1/Curl/Anthracnose_increased_160.png,1
data/D1/Curl/Anthracnose_increased_161.png,1
data/D1/Curl/Anthracnose_increased_162.png,4
data/D1/Curl/Anthracnose_increased_163.png,4
data/D1/Curl/Anthracnose_increased_164.png,4
data/D1/Curl/Anthracnose_increased_165.png,4
data/D1/Curl/Anthracnose_increased_166.png,0
data/D1/Curl/Anthracnose_increased_167.png,2
data/D1/Curl/Anthracnose_increased_168.png,1
data/D1/Curl/Anthracnose_increased_169.png,0
data/D1/Curl/Anthracnose_increased_17.png,3
data/D1/Curl/Anthracnose_increased_170.png,1
data/D1/Curl/Anthracnose_increased_171.png,2
data/D1/Curl/Anthracnose_increased_172.png,2
data/D1/Curl/Anthracnose_increased_173.png,0
data/D1/Curl/Anthracnose_increased_174.png,2
data/D1/Curl/Anthracnose_increased_175.png,2
data/D1/Curl/Anthracnose_increased_176.png,4
data/D1/Curl/Anthracnose_increased_177.png,3
data/D1/Curl/Anthracnose_increased_178.png,0
data/D1/Curl/Anthracnose_increased_179.png,0
data/D1/Curl/Anthracnose_increased_18.png,3
data/D1/Curl/Anthracnose_increased_180.png,4
data/D1/Curl/Anthracnose_increased_181.png,2
data/D1/Curl/Anthracnose_increased_182.png,3
data/D1/Curl/Anthracnose_increased_183.png,0
data/D1/Curl/Anthracnose_increased_184.png,3
data/D1/Curl/Anthracnose_increased_185.png,0
data/D1/Curl/Anthracnose_increased_186.png,4
data/D1/Curl/Anthracnose_increased_187.png,3
data/D1/Curl/Anthracnose_increased_188.png,0
data/D1/Curl/Anthracnose_increased_189.png,3
data/D1/Curl/Anthracnose_increased_19.png,3
data/D1/Curl/Anthracnose_increased_190.png,3
data/D1/Curl/Anthracnose_increased_191.png,3
data/D1/Curl/Anthracnose_increased_192.png,2
data/D1/Curl/Anthracnose_increased_193.png,0
data/D1/Curl/Anthracnose_increased_194.png,0
data/D1/Curl/Anthracnose_increased_195.png,0
data/D1/Curl/Anthracnose_increased_196.png,0
data/D1/Curl/Anthracnose_increased_197.png,0
data/D1/Curl/Anthracnose_increased_198.png,0
data/D1/Curl/Anthracnose_increased_199.png,2
data/D1/Curl/Anthracnose_increased_2.png,4
data/D1/Curl/Anthracnose_increased_20.png,0
data/D1/Curl/Anthracnose_increased_200.png,3
data/D1/Curl/Anthracnose_increased_201.png,3
data/D1/Curl/Anthracnose_increased_202.png,3
data/D1/Curl/Anthracnose_increased_203.png,3
data/D1/Curl/Anthracnose_increased_204.png,4
data/D1/Curl/Anthracnose_increased_205.png,1
data/D1/Curl/Anthracnose_increased_206.png,2
data/D1/Curl/Anthracnose_increased_207.png,2
data/D1/Curl/Anthracnose_increased_208.png,4
data/D1/Curl/Anthracnose_increased_209.png,2
data/D1/Curl/Anthracnose_increased_21.png,3
data/D1/Curl/Anthracnose_increased_210.png,1
data/D1/Curl/Anthracnose_increased_211.png,2
data/D1/Curl/Anthracnose_increased_212.png,2
data/D1/Curl/Anthracnose_increased_213.png,1
data/D1/Curl/Anthracnose_increased_214.png,4
data/D1/Curl/Anthracnose_increased_215.png,0
data/D1/Curl/Anthracnose_increased_216.png,1
data/D1/Curl/Anthracnose_increased_217.png,3
data/D1/Curl/Anthracnose_increased_218.png,4
data/D1/Curl/Anthracnose_increased_219.png,2
data/D1/Curl/Anthracnose_increased_22.png,1
data/D1/Curl/Anthracnose_increased_220.png,1
data/D1/Curl/Anthracnose_increased_221.png,4
data/D1/Curl/Anthracnose_increased_222.png,1
data/D1/Curl/Anthracnose_increased_223.png,4
data/D1/Curl/Anthracnose_increased_224.png,3
data/D1/Curl/Anthracnose_increased_225.png,1
data/D1/Curl/Anthracnose_increased_226.png,0
data/D1/Curl/Anthracnose_increased_227.png,4
data/D1/Curl/Anthracnose_increased_228.png,1
data/D1/Curl/Anthracnose_increased_229.png,1
data/D1/Curl/Anthracnose_increased_23.png,3
data/D1/Curl/Anthracnose_increased_230.png,1
data/D1/Curl/Anthracnose_increased_231.png,4
data/D1/Curl/Anthracnose_increased_232.png,1
data/D1/Curl/Anthracnose_increased_233.png,1
data/D1/Curl/Anthracnose_increased_234.png,1
data/D1/Curl/Anthracnose_increased_235.png,1
data/D1/Curl/Anthracnose_increased_236.png,1
data/D1/Curl/Anthracnose_increased_237.png,1
data/D1/Curl/Anthracnose_increased_238.png,1
data/D1/Curl/Anthracnose_increased_239.png,1
data/D1/Curl/Anthracnose_increased_24.png,1
data/D1/Curl/Anthracnose_increased_240.png,1
data/D1/Curl/Anthracnose_increased_241.png,1
data/D1/Curl/Anthracnose_increased_242.png,1
data/D1/Curl/Anthracnose_increased_243.png,3
data/D1/Curl/Anthracnose_increased_244.png,3
data/D1/Curl/Anthracnose_increased_245.png,3
data/D1/Curl/Anthracnose_increased_246.png,2
data/D1/Curl/Anthracnose_increased_247.png,0
data/D1/Curl/Anthracnose_increased_248.png,4
data/D1/Curl/Anthracnose_increased_249.png,2
data/D1/Curl/Anthracnose_increased_25.png,4
data/D1/Curl/Anthracnose_increased_250.png,3
data/D1/Curl/Anthracnose_increased_251.png,4
data/D1/Curl/Anthracnose_increased_252.png,2
data/D1/Curl/Anthracnose_increased_253.png,2
data/D1/Curl/Anthracnose_increased_254.png,3
data/D1/Curl/Anthracnose_increased_255.png,0
data/D1/Curl/Anthracnose_increased_256.png,0
data/D1/Curl/Anthracnose_increased_257.png,1
data/D1/Curl/Anthracnose_increased_258.png,0
data/D1/Curl/Anthracnose_increased_259.png,4
data/D1/Curl/Anthracnose_increased_26.png,0
data/D1/Curl/Anthracnose_increased_260.png,2
data/D1/Curl/Anthracnose_increased_261.png,0
data/D1/Curl/Anthracnose_increased_262.png,1
data/D1/Curl/Anthracnose_increased_263.png,1
data/D1/Curl/Anthracnose_increased_264.png,2
data/D1/Curl/Anthracnose_increased_265.png,0
data/D1/Curl/Anthracnose_increased_266.png,3
data/D1/Curl/Anthracnose_increased_267.png,3
data/D1/Curl/Anthracnose_increased_268.png,1
data/D1/Curl/Anthracnose_increased_269.png,3
data/D1/Curl/Anthracnose_increased_27.png,1
data/D1/Curl/Anthracnose_increased_270.png,3
data/D1/Curl/Anthracnose_increased_271.png,3
data/D1/Curl/Anthracnose_increased_272.png,3
data/D1/Curl/Anthracnose_increased_273.png,3
data/D1/Curl/Anthracnose_increased_274.png,4
data/D1/Curl/Anthracnose_increased_275.png,2
data/D1/Curl/Anthracnose_increased_276.png,4
data/D1/Curl/Anthracnose_increased_277.png,4
data/D1/Curl/Anthracnose_increased_278.png,4
data/D1/Curl/Anthracnose_increased_279.png,2
data/D1/Curl/Anthracnose_increased_28.png,0
data/D1/Curl/Anthracnose_increased_280.png,0
data/D1/Curl/Anthracnose_increased_281.png,3
data/D1/Curl/Anthracnose_increased_282.png,2
data/D1/Curl/Anthracnose_increased_283.png,1
data/D1/Curl/Anthracnose_increased_284.png,3
data/D1/Curl/Anthracnose_increased_285.png,3
data/D1/Curl/Anthracnose_increased_286.png,3
data/D1/Curl/Anthracnose_increased_287.png,3
data/D1/Curl/Anthracnose_increased_288.png,0
data/D1/Curl/Anthracnose_increased_289.png,4
data/D1/Curl/Anthracnose_increased_29.png,4
data/D1/Curl/Anthracnose_increased_290.png,2
data/D1/Curl/Anthracnose_increased_291.png,2
data/D1/Curl/Anthracnose_increased_292.png,1
data/D1/Curl/Anthracnose_increased_293.png,2
data/D1/Curl/Anthracnose_increased_294.png,4
data/D1/Curl/Anthracnose_increased_295.png,3
data/D1/Curl/Anthracnose_increased_296.png,4
data/D1/Curl/Anthracnose_increased_297.png,3
data/D1/Curl/Anthracnose_increased_298.png,3
data/D1/Curl/Anthracnose_increased_299.png,1
data/D1/Curl/Anthracnose_increased_3.png,0
data/D1/Curl/Anthracnose_increased_30.png,4
data/D1/Curl/Anthracnose_increased_300.png,1
data/D1/Curl/Anthracnose_increased_301.png,0
data/D1/Curl/Anthracnose_increased_302.png,0
data/D1/Curl/Anthracnose_increased_303.png,1
data/D1/Curl/Anthracnose_increased_304.png,2
data/D1/Curl/Anthracnose_increased_305.png,3
data/D1/Curl/Anthracnose_increased_306.png,4
data/D1/Curl/Anthracnose_increased_307.png,2
data/D1/Curl/Anthracnose_increased_308.png,0
data/D1/Curl/Anthracnose_increased_309.png,4
data/D1/Curl/Anthracnose_increased_31.png,1
data/D1/Curl/Anthracnose_increased_310.png,0
data/D1/Curl/Anthracnose_increased_311.png,1
data/D1/Curl/Anthracnose_increased_312.png,0
data/D1/Curl/Anthracnose_increased_313.png,2
data/D1/Curl/Anthracnose_increased_314.png,0
data/D1/Curl/Anthracnose_increased_315.png,4
data/D1/Curl/Anthracnose_increased_316.png,0
data/D1/Curl/Anthracnose_increased_317.png,2
data/D1/Curl/Anthracnose_increased_318.png,2
data/D1/Curl/Anthracnose_increased_319.png,2
data/D1/Curl/Anthracnose_increased_32.png,1
data/D1/Curl/Anthracnose_increased_320.png,0
data/D1/Curl/Anthracnose_increased_321.png,2
data/D1/Curl/Anthracnose_increased_322.png,4
data/D1/Curl/Anthracnose_increased_323.png,3
data/D1/Curl/Anthracnose_increased_324.png,1
data/D1/Curl/Anthracnose_increased_325.png,4
data/D1/Curl/Anthracnose_increased_326.png,1
data/D1/Curl/Anthracnose_increased_327.png,1
data/D1/Curl/Anthracnose_increased_328.png,1
data/D1/Curl/Anthracnose_increased_329.png,0
data/D1/Curl/Anthracnose_increased_33.png,1
data/D1/Curl/Anthracnose_increased_330.png,3
data/D1/Curl/Anthracnose_increased_331.png,3
data/D1/Curl/Anthracnose_increased_332.png,0
data/D1/Curl/Anthracnose_increased_333.png,4
data/D1/Curl/Anthracnose_increased_334.png,3
data/D1/Curl/Anthracnose_increased_335.png,4
data/D1/Curl/Anthracnose_increased_336.png,3
data/D1/Curl/Anthracnose_increased_337.png,0
data/D1/Curl/Anthracnose_increased_338.png,1
data/D1/Curl/Anthracnose_increased_339.png,4
data/D1/Curl/Anthracnose_increased_34.png,1
data/D1/Curl/Anthracnose_increased_340.png,4
data/D1/Curl/Anthracnose_increased_341.png,0
data/D1/Curl/Anthracnose_increased_342.png,0
data/D1/Curl/Anthracnose_increased_343.png,0
data/D1/Curl/Anthracnose_increased_344.png,0
data/D1/Curl/Anthracnose_increased_345.png,0
data/D1/Curl/Anthracnose_increased_346.png,3
data/D1/Curl/Anthracnose_increased_347.png,4
data/D1/Curl/Anthracnose_increased_348.png,4
data/D1/Curl/Anthracnose_increased_349.png,1
data/D1/Curl/Anthracnose_increased_35.png,0
data/D1/Curl/Anthracnose_increased_350.png,4
data/D1/Curl/Anthracnose_increased_351.png,4
data/D1/Curl/Anthracnose_increased_352.png,0
data/D1/Curl/Anthracnose_increased_353.png,0
data/D1/Curl/Anthracnose_increased_354.png,0
data/D1/Curl/Anthracnose_increased_355.png,0
data/D1/Curl/Anthracnose_increased_356.png,0
data/D1/Curl/Anthracnose_increased_357.png,4
data/D1/Curl/Anthracnose_increased_358.png,0
data/D1/Curl/Anthracnose_increased_359.png,0
data/D1/Curl/Anthracnose_increased_36.png,2
data/D1/Curl/Anthracnose_increased_360.png,1
data/D1/Curl/Anthracnose_increased_361.png,0
data/D1/Curl/Anthracnose_increased_362.png,1
data/D1/Curl/Anthracnose_increased_363.png,1
data/D1/Curl/Anthracnose_increased_364.png,0
data/D1/Curl/Anthracnose_increased_365.png,0
data/D1/Curl/Anthracnose_increased_366.png,1
data/D1/Curl/Anthracnose_increased_367.png,3
data/D1/Curl/Anthracnose_increased_368.png,1
data/D1/Curl/Anthracnose_increased_369.png,3
data/D1/Curl/Anthracnose_increased_37.png,0
data/D1/Curl/Anthracnose_increased_370.png,3
data/D1/Curl/Anthracnose_increased_371.png,4
data/D1/Curl/Anthracnose_increased_372.png,3
data/D1/Curl/Anthracnose_increased_373.png,4
data/D1/Curl/Anthracnose_increased_374.png,0
data/D1/Curl/Anthracnose_increased_375.png,4
data/D1/Curl/Anthracnose_increased_376.png,3
data/D1/Curl/Anthracnose_increased_377.png,0
data/D1/Curl/Anthracnose_increased_378.png,4
data/D1/Curl/Anthracnose_increased_379.png,0
data/D1/Curl/Anthracnose_increased_38.png,3
data/D1/Curl/Anthracnose_increased_380.png,2
data/D1/Curl/Anthracnose_increased_381.png,0
data/D1/Curl/Anthracnose_increased_382.png,1
data/D1/Curl/Anthracnose_increased_383.png,1
data/D1/Curl/Anthracnose_increased_384.png,4
data/D1/Curl/Anthracnose_increased_385.png,1
data/D1/Curl/Anthracnose_increased_386.png,0
data/D1/Curl/Anthracnose_increased_387.png,1
data/D1/Curl/Anthracnose_increased_388.png,1
data/D1/Curl/Anthracnose_increased_389.png,4
data/D1/Curl/Anthracnose_increased_39.png,3
data/D1/Curl/Anthracnose_increased_4.png,3
data/D1/Curl/Anthracnose_increased_40.png,3
data/D1/Curl/Anthracnose_increased_41.png,4
data/D1/Curl/Anthracnose_increased_42.png,4
data/D1/Curl/Anthracnose_increased_43.png,0
data/D1/Curl/Anthracnose_increased_44.png,3
data/D1/Curl/Anthracnose_increased_45.png,2
data/D1/Curl/Anthracnose_increased_46.png,4
data/D1/Curl/Anthracnose_increased_47.png,2
data/D1/Curl/Anthracnose_increased_48.png,4
data/D1/Curl/Anthracnose_increased_49.png,3
data/D1/Curl/Anthracnose_increased_5.png,4
data/D1/Curl/Anthracnose_increased_50.png,1
data/D1/Curl/Anthracnose_increased_51.png,1
data/D1/Curl/Anthracnose_increased_52.png,3
data/D1/Curl/Anthracnose_increased_53.png,4
data/D1/Curl/Anthracnose_increased_54.png,1
data/D1/Curl/Anthracnose_increased_55.png,0
data/D1/Curl/Anthracnose_increased_56.png,4
data/D1/Curl/Anthracnose_increased_57.png,1
data/D1/Curl/Anthracnose_increased_58.png,4
data/D1/Curl/Anthracnose_increased_59.png,0
data/D1/Curl/Anthracnose_increased_6.png,2
data/D1/Curl/Anthracnose_increased_60.png,3
data/D1/Curl/Anthracnose_increased_61.png,0
data/D1/Curl/Anthracnose_increased_62.png,2
data/D1/Curl/Anthracnose_increased_63.png,4
data/D1/Curl/Anthracnose_increased_64.png,2
data/D1/Curl/Anthracnose_increased_65.png,2
data/D1/Curl/Anthracnose_increased_66.png,3
data/D1/Curl/Anthracnose_increased_67.png,4
data/D1/Curl/Anthracnose_increased_68.png,4
data/D1/Curl/Anthracnose_increased_69.png,4
data/D1/Curl/Anthracnose_increased_7.png,4
data/D1/Curl/Anthracnose_increased_70.png,2
data/D1/Curl/Anthracnose_increased_71.png,3
data/D1/Curl/Anthracnose_increased_72.png,1
data/D1/Curl/Anthracnose_increased_73.png,2
data/D1/Curl/Anthracnose_increased_74.png,2
data/D1/Curl/Anthracnose_increased_75.png,1
data/D1/Curl/Anthracnose_increased_76.png,3
data/D1/Curl/Anthracnose_increased_77.png,0
data/D1/Curl/Anthracnose_increased_78.png,4
data/D1/Curl/Anthracnose_increased_79.png,0
data/D1/Curl/Anthracnose_increased_8.png,4
data/D1/Curl/Anthracnose_increased_80.png,2
data/D1/Curl/Anthracnose_increased_81.png,2
data/D1/Curl/Anthracnose_increased_82.png,4
data/D1/Curl/Anthracnose_increased_83.png,3
data/D1/Curl/Anthracnose_increased_84.png,2
data/D1/Curl/Anthracnose_increased_85.png,2
data/D1/Curl/Anthracnose_increased_86.png,2
data/D1/Curl/Anthracnose_increased_87.png,1
data/D1/Curl/Anthracnose_increased_88.png,3
data/D1/Curl/Anthracnose_increased_89.png,2
data/D1/Curl/Anthracnose_increased_9.png,4
data/D1/Curl/Anthracnose_increased_90.png,2
data/D1/Curl/Anthracnose_increased_91.png,1
data/D1/Curl/Anthracnose_increased_92.png,4
data/D1/Curl/Anthracnose_increased_93.png,4
data/D1/Curl/Anthracnose_increased_94.png,4
data/D1/Curl/Anthracnose_increased_95.png,4
data/D1/Curl/Anthracnose_increased_96.png,2
data/D1/Curl/Anthracnose_increased_97.png,2
data/D1/Curl/Anthracnose_increased_98.png,4
data/D1/Curl/Anthracnose_increased_99.png,0
data/D1/Curl/b41ae26f-36ec-4e7f-9d2a-9ba6152dd092.png,0
data/D1/Curl/bb1808a3-047c-43fc-a3e9-89ad2d7a20b0_rotated_90 - Copy.png,3
data/D1/Curl/be4d6e4f-f1a0-4064-88d3-0475044a7604_rotated_45 - Copy.png,3
data/D1/Curl/be4d6e4f-f1a0-4064-88d3-0475044a7604_rotated_90 - Copy (2).png,1
data/D1/Curl/Curl(100) - Copy.jpg,3
data/D1/Curl/Curl(100).jpg,3
data/D1/Curl/Curl(101) - Copy.jpg,3
data/D1/Curl/Curl(102).jpg,0
data/D1/Curl/Curl(103).jpg,3
data/D1/Curl/Curl(104).jpg,1
data/D1/Curl/Curl(106).jpg,3
data/D1/Curl/Curl(122).jpg,1
data/D1/Curl/Curl(145).jpg,4
data/D1/Curl/Curl(149).jpg,0
data/D1/Curl/Curl(249).jpg,1
data/D1/Curl/Curl(264).jpg,0
data/D1/Curl/Curl(268).jpg,4
data/D1/Curl/Curl(28).jpg,4
data/D1/Curl/Curl(302).jpg,1
data/D1/Curl/Curl(303).jpg,1
data/D1/Curl/Curl(307).jpg,1
data/D1/Curl/Curl(309).jpg,1
data/D1/Curl/Curl(310).jpg,0
data/D1/Curl/Curl(311).jpg,2
data/D1/Curl/Curl(314).jpg,0
data/D1/Curl/Curl(345).jpg,3
data/D1/Curl/Curl(347).jpg,3
data/D1/Curl/Curl(350).jpg,3
data/D1/Curl/Curl(362).jpg,4
data/D1/Curl/Curl(481).jpg,4
data/D1/Curl/Curl(484).jpg,0
data/D1/Curl/Curl(498).jpg,3
data/D1/Curl/Curl(518).jpg,2
data/D1/Curl/Curl(521).jpg,4
data/D1/Curl/Curl(581).jpg,2
data/D1/Curl/Curl(583).jpg,4
data/D1/Curl/Curl(70).jpg,3
data/D1/Curl/Curl(88).jpg,1
data/D1/Curl/Curl(99).jpg,1
data/D1/Curl/ffd826a6-e6b3-443a-95a5-5599041b8d22.png,3
data/D1/Curl/IMG20241024093926_rotated_90.png,4
data/D1/Curl/IMG20241024101352.png,1
data/D1/Curl/IMG20241024101352_rotated_180.png,0
data/D1/Curl/IMG20241024101352_rotated_270.png,4
data/D1/Curl/IMG20241024101352_rotated_360.png,1
data/D1/Curl/IMG20241024101352_rotated_90.png,4
data/D1/Curl/IMG20241024101629.png,0
data/D1/Curl/IMG20241024101629_01_rotated_90.png,3
data/D1/Curl/IMG20241024101629_rotated_360.png,0
data/D1/Curl/IMG20241024101937.png,2
data/D1/Curl/IMG20241024101937_rotated_180.png,4
data/D1/Curl/IMG20241024101937_rotated_270.png,2
data/D1/Curl/IMG20241024101937_rotated_360.png,2
data/D1/Curl/IMG20241024101937_rotated_90.png,3
data/D1/Curl/IMG20241024102226.png,4
data/D1/Curl/IMG20241024102226_rotated_180.png,4
data/D1/Curl/IMG20241024102226_rotated_90.png,4
data/D1/Curl/IMG20241024103858_rotated_90.png,2
data/D1/Curl/IMG20241024103901_rotated_270.png,3
data/D1/Curl/IMG20241024103901_rotated_90.png,1
data/D1/Curl/IMG20241024103903_rotated_360.png,2
data/D1/Curl/IMG_20230926_180851.jpg,2
data/D1/Curl/IMG_20230926_180913.jpg,1
data/D1/Curl/IMG_20230926_180922.jpg,3
data/D1/Curl/IMG_20230926_180954.jpg,0
data/D1/Curl/IMG_20230926_181009.jpg,4
data/D1/Curl/IMG_20230926_181026.jpg,0
data/D1/Curl/IMG_20230926_181040.jpg,2
data/D1/Curl/IMG_20230926_181047.jpg,2
data/D1/Curl/IMG_20230926_181231.jpg,4
data/D1/Curl/IMG_20230926_181237.jpg,3
data/D1/Curl/IMG_20230926_181242.jpg,2
data/D1/Curl/IMG_20230926_181248.jpg,2
data/D1/Curl/IMG_20230926_181255.jpg,2
data/D1/Curl/IMG_20230926_181402.jpg,1
data/D1/Curl/IMG_20230926_181416.jpg,3
data/D1/Curl/IMG_20230926_181422.jpg,2
data/D1/Curl/IMG_20230926_181429.jpg,2
data/D1/Curl/IMG_20230926_181437.jpg,1
data/D1/Curl/IMG_20230926_181615.jpg,4
data/D1/Curl/IMG_20230926_181623.jpg,4
data/D1/Curl/IMG_20230926_181628.jpg,4
data/D1/Curl/IMG_20230926_181633.jpg,4
data/D1/Curl/IMG_20230926_181701.jpg,2
data/D1/Curl/IMG_20230926_181710.jpg,2
data/D1/Curl/IMG_20230926_181714.jpg,4
data/D1/Curl/IMG_20230926_181724.jpg,0
data/D1/Curl/IMG_20230926_181850.jpg,3
data/D1/Curl/IMG_20230926_181901.jpg,0
data/D1/Curl/IMG_20230926_181913.jpg,4
data/D1/Curl/IMG_20230926_181920.jpg,1
data/D1/Curl/IMG_20230926_182021.jpg,3
data/D1/Curl/IMG_20230926_182024.jpg,0
data/D1/Curl/IMG_20230926_182026.jpg,0
data/D1/Curl/IMG_20230926_182050.jpg,0
data/D1/Curl/IMG_20230926_182104.jpg,0
data/D1/Curl/IMG_20230926_182119.jpg,2
data/D1/Curl/IMG_20230926_182125.jpg,2
data/D1/Curl/IMG_20230926_182143.jpg,3
data/D1/Curl/IMG_20230926_182147.jpg,2
data/D1/Curl/IMG_20230926_182151.jpg,0
data/D1/Curl/IMG_20230926_182154.jpg,1
data/D1/Curl/IMG_20230926_182200.jpg,2
data/D1/Curl/IMG_20230926_182214.jpg,0
data/D1/Curl/IMG_20230926_182220.jpg,0
data/D1/Curl/IMG_20230926_182228.jpg,0
data/D1/Curl/IMG_20230926_182233.jpg,3
data/D1/Curl/IMG_20230926_182239.jpg,0
data/D1/Curl/IMG_20230926_182251.jpg,4
data/D1/Curl/IMG_20230926_182315.jpg,0
data/D1/Curl/IMG_20230926_182320.jpg,2
data/D1/Curl/IMG_20230926_182324.jpg,0
data/D1/Curl/IMG_20230926_182328.jpg,4
data/D1/Curl/IMG_20230926_182332.jpg,0
data/D1/Curl/IMG_20231020_164951.jpg,1
data/D1/Curl/IMG_20231020_164956.jpg,1
data/D1/Curl/IMG_20231020_165010.jpg,0
data/D1/Curl/IMG_20231020_165018.jpg,1
data/D1/Curl/IMG_20231020_165025.jpg,1
data/D1/Curl/IMG_20231020_165031.jpg,1
data/D1/Curl/IMG_20231020_165036.jpg,1
data/D1/Curl/IMG_20231020_165109.jpg,1
data/D1/Curl/IMG_20231020_165115.jpg,1
data/D1/Curl/IMG_20231020_165123.jpg,4
data/D1/Curl/IMG_20231020_165132.jpg,4
data/D1/Curl/IMG_20231020_165136.jpg,1
data/D1/Curl/IMG_20231020_165141.jpg,1
data/D1/Curl/IMG_20231020_165427.jpg,3
data/D1/Curl/IMG_20231020_165436.jpg,0
data/D1/Curl/IMG_20231020_165450.jpg,0
data/D1/Curl/IMG_20231020_165455.jpg,0
data/D1/Curl/IMG_20231020_165515.jpg,0
data/D1/Curl/IMG_20231020_165517.jpg,0
data/D1/Curl/IMG_20231020_165524.jpg,3
data/D1/Curl/IMG_20231020_165538.jpg,3
data/D1/Curl/IMG_20231020_165543.jpg,1
data/D1/Curl/IMG_20231020_165551.jpg,3
data/D1/Curl/IMG_20231020_165556.jpg,2
data/D1/Curl/IMG_20231020_165600.jpg,4
data/D1/Curl/IMG_20231020_165605.jpg,3
data/D1/Curl/IMG_20231020_165614.jpg,2
data/D1/Curl/IMG_20231020_165618.jpg,2
data/D1/Curl/IMG_20231020_165623.jpg,4
data/D1/Curl/IMG_20231020_165624.jpg,4
data/D1/Curl/IMG_20231020_165626.jpg,0
data/D1/Curl/IMG_20231020_165628.jpg,2
data/D1/Curl/IMG_20231020_165725.jpg,1
data/D1/Curl/IMG_20231020_165734.jpg,1
data/D1/Curl/IMG_20231020_165741.jpg,1
data/D1/Curl/IMG_20231020_165749.jpg,4
data/D1/Curl/IMG_20231020_165750.jpg,4
data/D1/Curl/IMG_20231020_165753.jpg,4
data/D1/Curl/IMG_20231020_165755.jpg,4
data/D1/Curl/IMG_20231020_165808_1.jpg,0
data/D1/Curl/IMG_20231020_165930.jpg,2
data/D1/Curl/IMG_20231020_165939.jpg,1
data/D1/Curl/IMG_20231020_165951.jpg,0
data/D1/Curl/IMG_20231020_170002.jpg,1
data/D1/Curl/IMG_20231020_170009.jpg,2
data/D1/Curl/IMG_20231020_170019.jpg,2
data/D1/Curl/IMG_20231020_170025.jpg,0
data/D1/Curl/IMG_20231020_170032.jpg,2
data/D1/Curl/IMG_20231020_170100.jpg,2
data/D1/Curl/IMG_20231020_170105.jpg,4
data/D1/Curl/IMG_20231020_170113.jpg,3
data/D1/Curl/IMG_20231020_170121.jpg,0
data/D1/Curl/IMG_20231020_170127.jpg,0
data/D1/Curl/IMG_20231020_170133.jpg,4
data/D1/Curl/IMG_20231020_170137.jpg,2
data/D1/Curl/IMG_20231020_170338.jpg,3
data/D1/Curl/IMG_20231020_170346.jpg,0
data/D1/Curl/IMG_20231020_170353.jpg,3
data/D1/Curl/IMG_20231020_170359.jpg,0
data/D1/Curl/IMG_20231020_170405.jpg,4
data/D1/Curl/IMG_20231020_170419.jpg,3
data/D1/Curl/IMG_20231020_170426.jpg,0
data/D1/Curl/IMG_20231020_170432.jpg,3
data/D1/Curl/IMG_20231020_170438.jpg,3
data/D1/Curl/IMG_20231020_170444.jpg,3
data/D1/Curl/IMG_20231020_170448.jpg,2
data/D1/Curl/IMG_20231020_170634.jpg,0
data/D1/Curl/IMG_20231020_170646.jpg,0
data/D1/Curl/IMG_20231020_170751.jpg,0
data/D1/Curl/IMG_20231020_170806.jpg,0
data/D1/Curl/IMG_20231020_170815.jpg,0
data/D1/Curl/IMG_20231020_170833.jpg,0
data/D1/Curl/IMG_20231020_170838.jpg,2
data/D1/Curl/IMG_20231020_170847.jpg,3
data/D1/Curl/IMG_20231020_170856.jpg,3
data/D1/Curl/IMG_20231020_170903.jpg,3
data/D1/Curl/IMG_20231020_170911.jpg,3
data/D1/Curl/IMG_20231020_171322.jpg,4
data/D1/Curl/IMG_20231020_171329.jpg,1
data/D1/Curl/IMG_20231020_171333.jpg,2
data/D1/Curl/IMG_20231020_171337.jpg,2
data/D1/Curl/IMG_20231020_171341.jpg,4
data/D1/Curl/IMG_20231020_171344.jpg,2
data/D1/Curl/IMG_20231020_171349.jpg,1
data/D1/Curl/IMG_20231020_171353.jpg,2
data/D1/Curl/IMG_20231020_171403.jpg,2
data/D1/Curl/IMG_20231020_171409.jpg,1
data/D1/Curl/IMG_20231020_171413.jpg,4
data/D1/Curl/IMG_20231020_171417.jpg,0
data/D1/Curl/IMG_20231020_171421.jpg,1
data/D1/Curl/IMG_20231020_171426.jpg,3
data/D1/Curl/IMG_20231020_171429.jpg,4
data/D1/Curl/IMG_20231020_171433.jpg,2
data/D1/Curl/IMG_20231020_171436.jpg,1
data/D1/Curl/IMG_20231020_171439.jpg,4
data/D1/Curl/IMG_20231020_171443.jpg,1
data/D1/Curl/IMG_20231020_171538.jpg,4
data/D1/Curl/IMG_20231020_171547.jpg,3
data/D1/Curl/IMG_20231020_171556.jpg,1
data/D1/Curl/IMG_20231020_171605.jpg,0
data/D1/Curl/IMG_20231020_171610.jpg,4
data/D1/Curl/IMG_20231020_171615.jpg,1
data/D1/Curl/IMG_20231020_171620.jpg,1
data/D1/Curl/IMG_20231020_171628.jpg,1
data/D1/Curl/IMG_20231020_171640.jpg,4
data/D1/Curl/IMG_20231020_171647.jpg,1
data/D1/Curl/IMG_20231020_171652.jpg,1
data/D1/Curl/IMG_20231020_171656.jpg,1
data/D1/Curl/IMG_20231020_171703.jpg,1
data/D1/Curl/IMG_20231020_171710.jpg,1
data/D1/Curl/IMG_20231020_171719.jpg,1
data/D1/Curl/IMG_20231020_171722.jpg,1
data/D1/Curl/IMG_20231020_171731.jpg,1
data/D1/Curl/IMG_20231020_171951.jpg,1
data/D1/Curl/IMG_20231020_171952.jpg,1
data/D1/Curl/IMG_20231020_171953.jpg,1
data/D1/Curl/IMG_20231020_171956.jpg,3
data/D1/Curl/IMG_20231020_171957.jpg,3
data/D1/Curl/IMG_20231020_172003.jpg,3
data/D1/Curl/IMG_20231020_172009.jpg,2
data/D1/Curl/IMG_20231020_172013.jpg,0
data/D1/Curl/IMG_20231020_172018.jpg,4
data/D1/Curl/IMG_20231020_172026.jpg,2
data/D1/Curl/IMG_20231020_172034.jpg,3
data/D1/Curl/IMG_20231020_172037.jpg,4
data/D1/Curl/IMG_20231020_172046.jpg,2
data/D1/Curl/IMG_20231020_172052.jpg,2
data/D1/Curl/IMG_20231020_172205.jpg,3
data/D1/Curl/IMG_20231020_172209.jpg,0
data/D1/Curl/IMG_20231020_172215.jpg,0
data/D1/Curl/IMG_20231020_172220.jpg,1
data/D1/Curl/IMG_20231020_172226.jpg,0
data/D1/Curl/IMG_20231020_172231.jpg,4
data/D1/Curl/IMG_20231020_172237.jpg,2
data/D1/Curl/IMG_20231020_172241.jpg,0
data/D1/Curl/IMG_20231020_172247.jpg,1
data/D1/Curl/IMG_20231020_172251.jpg,1
data/D1/Curl/IMG_20231020_172254.jpg,2
data/D1/Curl/IMG_20231020_172258.jpg,0
data/D1/Curl/IMG_20231020_172303.jpg,3
data/D1/Curl/IMG_20231020_172304.jpg,3
data/D1/Curl/IMG_20231020_172308.jpg,1
data/D1/Curl/IMG_20231020_172447.jpg,3
data/D1/Curl/IMG_20231020_172450.jpg,3
data/D1/Curl/IMG_20231020_172455.jpg,3
data/D1/Curl/IMG_20231020_172503.jpg,3
data/D1/Curl/IMG_20231020_172507.jpg,3
data/D1/Curl/IMG_20231020_172513.jpg,4
data/D1/Curl/IMG_20231020_172518.jpg,2
data/D1/Curl/IMG_20231020_172521.jpg,4
data/D1/Curl/IMG_20231020_172527.jpg,4
data/D1/Curl/IMG_20231020_172529.jpg,4
data/D1/Curl/IMG_20231021_151800.jpg,2
data/D1/Curl/IMG_20231021_151808.jpg,0
data/D1/Curl/IMG_20231021_151815.jpg,3
data/D1/Curl/IMG_20231021_151835.jpg,2
data/D1/Curl/IMG_20231021_151847.jpg,1
data/D1/Curl/IMG_20231021_151856.jpg,3
data/D1/Curl/IMG_20231021_151906.jpg,3
data/D1/Curl/IMG_20231021_151910.jpg,3
data/D1/Curl/IMG_20231021_151921.jpg,3
data/D1/Curl/IMG_20231021_151952.jpg,0
data/D1/Curl/IMG_20231021_152013.jpg,4
data/D1/Curl/IMG_20231021_152126.jpg,2
data/D1/Curl/IMG_20231021_152156.jpg,2
data/D1/Curl/IMG_20231021_152201.jpg,1
data/D1/Curl/IMG_20231021_152208.jpg,2
data/D1/Curl/IMG_20231021_152217.jpg,4
data/D1/Curl/IMG_20231021_152222.jpg,3
data/D1/Curl/IMG_20231021_152235.jpg,4
data/D1/Curl/IMG_20231021_152240.jpg,3
data/D1/Curl/IMG_20231021_152246.jpg,3
data/D1/Curl/IMG_20231021_152312.jpg,1
data/D1/Curl/IMG_20231021_152321.jpg,1
data/D1/Curl/IMG_20231021_152326.jpg,0
data/D1/Curl/IMG_20231021_152333.jpg,0
data/D1/Curl/IMG_20231021_152343.jpg,1
data/D1/Curl/IMG_20231021_152353.jpg,2
data/D1/Curl/IMG_20231021_152411.jpg,3
data/D1/Curl/IMG_20231021_152427.jpg,4
data/D1/Curl/IMG_20231021_152436.jpg,2
data/D1/Curl/IMG_20231021_152443.jpg,0
data/D1/Curl/IMG_20231021_152448.jpg,4
data/D1/Curl/IMG_20231021_152511.jpg,0
data/D1/Curl/IMG_20231021_152522.jpg,1
data/D1/Curl/IMG_20231021_152530.jpg,0
data/D1/Curl/IMG_20231021_152540.jpg,2
data/D1/Curl/IMG_20231021_152550.jpg,0
data/D1/Curl/IMG_20231021_152557.jpg,4
data/D1/Curl/IMG_20231021_152600.jpg,0
data/D1/Curl/IMG_20231021_152610.jpg,2
data/D1/Curl/IMG_20231021_152619.jpg,2
data/D1/Curl/IMG_20231021_152629.jpg,2
data/D1/Curl/IMG_20231021_152632.jpg,0
data/D1/Curl/IMG_20231021_152646.jpg,2
data/D1/Curl/IMG_20231021_152654.jpg,4
data/D1/Curl/IMG_20231021_152701.jpg,3
data/D1/Curl/IMG_20231021_152707.jpg,1
data/D1/Curl/IMG_20231021_152714.jpg,4
data/D1/Curl/IMG_20231021_152720.jpg,1
data/D1/Curl/IMG_20231021_152725.jpg,1
data/D1/Curl/IMG_20231021_152730.jpg,1
data/D1/Curl/IMG_20231021_152739.jpg,0
data/D1/Curl/IMG_20231021_152745.jpg,3
data/D1/Curl/IMG_20231021_152753.jpg,3
data/D1/Curl/IMG_20231021_152758.jpg,0
data/D1/Curl/IMG_20231021_152807.jpg,4
data/D1/Curl/IMG_20231021_152813.jpg,3
data/D1/Curl/IMG_20231021_152821.jpg,4
data/D1/Curl/IMG_20231021_152828.jpg,3
data/D1/Curl/IMG_20231021_152833.jpg,0
data/D1/Curl/IMG_20231021_152839.jpg,1
data/D1/Curl/IMG_20231125_153018.jpg,4
data/D1/Curl/IMG_20231125_153020.jpg,4
data/D1/Curl/IMG_20231125_153032.jpg,0
data/D1/Curl/IMG_20231125_153032_1.jpg,0
data/D1/Curl/IMG_20231125_153038.jpg,0
data/D1/Curl/IMG_20231125_153039.jpg,0
data/D1/Curl/IMG_20231125_153040.jpg,0
data/D1/Curl/IMG_20231125_153045.jpg,3
data/D1/Curl/IMG_20231125_153052.jpg,4
data/D1/Curl/IMG_20231125_153053.jpg,4
data/D1/Curl/IMG_20231125_153056.jpg,1
data/D1/Curl/IMG_20231125_153100.jpg,4
data/D1/Curl/IMG_20231125_153101.jpg,4
data/D1/Curl/IMG_20231125_153112.jpg,0
data/D1/Curl/IMG_20231125_153113.jpg,0
data/D1/Curl/IMG_20231125_153116.jpg,0
data/D1/Curl/IMG_20231125_153122.jpg,0
data/D1/Curl/IMG_20231125_153124.jpg,0
data/D1/Curl/IMG_20231125_153128.jpg,4
data/D1/Curl/IMG_20241024_092920 - Copy.png,0
data/D1/Curl/IMG_20241024_092920.png,0
data/D1/Curl/IMG_20241024_092920_rotated_180 - Copy - Copy.png,1
data/D1/Curl/IMG_20241024_092920_rotated_360 - Copy.png,0
data/D1/Curl/IMG_20241024_092920_rotated_90 - Copy.png,1
data/D1/Curl/IMG_20241024_092920_rotated_90.png,1
data/D1/Curl/IMG_20241103_150239.png,0
data/D1/Curl/Screenshot 2024-10-28 191418.png,0
data/D1/Curl/Screenshot 2024-10-28 191418_rotated_180.png,1
data/D1/Curl/Screenshot 2024-10-28 191627.png,3
data/D1/Curl/Screenshot 2024-10-28 191627_rotated_180.png,1
data/D1/Curl/Screenshot 2024-10-28 191627_rotated_270.png,3
data/D1/Curl/Screenshot 2024-10-28 191627_rotated_360.png,3
data/D1/Curl/Screenshot 2024-10-28 191627_rotated_90.png,4
data/D1/Curl/Screenshot 2024-10-28 191658.png,3
data/D1/Curl/Screenshot 2024-10-28 191904.png,4
data/D1/Curl/Screenshot 2024-10-28 191913.png,0
data/D1/Curl/Screenshot 2024-10-28 191913_rotated_180.png,4
data/D1/Curl/Screenshot 2024-10-28 191913_rotated_270.png,3
data/D1/Curl/Screenshot 2024-10-28 191913_rotated_360.png,0
data/D1/Curl/Screenshot 2024-10-28 191913_rotated_90.png,4
data/D1/Curl/Screenshot 2024-10-28 192404_rotated_360.png,0
data/D1/Curl/Screenshot 2024-10-28 192404_rotated_90.png,2
data/D1/Curl/Screenshot 2024-10-28 192416.png,0
data/D1/Curl/Screenshot 2024-10-28 192420.png,1
data/D1/Curl/Screenshot 2024-10-28 192420_rotated_180.png,1
data/D1/Curl/Screenshot 2024-10-28 192420_rotated_90.png,4
data/D1/Curl/Screenshot 2024-10-28 192652.png,1
data/D1/Curl/Screenshot 2024-10-28 192652_rotated_270.png,0
data/D1/Curl/Screenshot 2024-10-28 192652_rotated_360.png,1
data/D1/Curl/Screenshot 2024-10-28 192711.png,1
data/D1/Curl/Screenshot 2024-10-28 192711_rotated_90.png,4
data/D1/Healthy/0186bd04-1f45-4c30-bb4b-704f9017bd00.png,0
data/D1/Healthy/063f86c8-7d9e-4d6b-8df4-723dab64d9b7.png,0
data/D1/Healthy/063f86c8-7d9e-4d6b-8df4-723dab64d9b7_rotated_45.png,2
data/D1/Healthy/063f86c8-7d9e-4d6b-8df4-723dab64d9b7_rotated_90 - Copy.png,0
data/D1/Healthy/1b5d1728-e24e-4c35-8fc8-a0edefb22c70.png,2
data/D1/Healthy/1eeb6aa9-1fc4-4d4c-b1dc-bdce1c313165.png,2
data/D1/Healthy/2fade621-217b-4ac0-aa24-7037b87eeca8.png,0
data/D1/Healthy/2fc1b718-2e5f-4fd7-bedb-6168ff5f1ae9.png,1
data/D1/Healthy/3cd1d5e2-8f5c-4bf6-ac70-8f7646dcc8d2.png,2
data/D1/Healthy/460c8af3-b8dd-4857-a5d7-aa92f53243cd.png,3
data/D1/Healthy/4ec7e73a-995c-4b6c-9a45-18de72d6edbd.png,0
data/D1/Healthy/5547816c-4b9a-4e0c-811e-799f3b55e6fc_rotated_360 - Copy.png,0
data/D1/Healthy/5547816c-4b9a-4e0c-811e-799f3b55e6fc_rotated_90 - Copy.png,0
data/D1/Healthy/55c94ce8-950c-4ffe-8ed0-2d7f06056789_rotated_360.png,4
data/D1/Healthy/57dd5e5d-e06a-421a-b7cc-88357e0cd5b2_rotated_360 - Copy.png,2
data/D1/Healthy/608eb3ed-a6e4-4acd-af32-f1e5ad7736de_rotated_360.png,3
data/D1/Healthy/65662991-119e-4d1e-9019-b8411e717044_rotated_360 - Copy.png,4
data/D1/Healthy/67a1b7ef-2f4a-48c2-aae4-e11bfba381bc.png,2
data/D1/Healthy/67a1b7ef-2f4a-48c2-aae4-e11bfba381bc_rotated_270 - Copy.png,2
data/D1/Healthy/696f54f8-f3ff-462a-a986-0245de3eef8c - Copy.png,4
data/D1/Healthy/698b45ca-2dd1-469b-b67e-c10517263f09 - Copy.png,4
data/D1/Healthy/69fb7234-1a3a-4ee7-bc4d-81e3eaa75400.png,4
data/D1/Healthy/69fb7234-1a3a-4ee7-bc4d-81e3eaa75400_rotated_135 - Copy.png,1
data/D1/Healthy/69fb7234-1a3a-4ee7-bc4d-81e3eaa75400_rotated_360.png,4
data/D1/Healthy/6ae87686-3b5f-4534-ad35-e9fd8beee8b1 - Copy.png,2
data/D1/Healthy/762e8895-e5d7-4173-bb15-aba39eee7114 - Copy.png,1
data/D1/Healthy/7d6304cc-c2df-430a-a215-2fac435fbbde.png,4
data/D1/Healthy/806cdca9-e221-4ebb-8f31-0e4115bcbc83_rotated_360.png,4
data/D1/Healthy/806cdca9-e221-4ebb-8f31-0e4115bcbc83_rotated_90 - Copy.png,2
data/D1/Healthy/8ab22122-4e59-410e-8f09-2ae734166c7b.png,2
data/D1/Healthy/8cbfdf6b-edf4-476d-9170-5472b502be12.png,4
data/D1/Healthy/91e6151c-56ad-4e22-b6a5-172d50a5f252_rotated_360.png,4
data/D1/Healthy/91e6151c-56ad-4e22-b6a5-172d50a5f252_rotated_90.png,4
data/D1/Healthy/9571f8f6-91c5-4d87-89ad-ed574754f46a_rotated_135 - Copy.png,0
data/D1/Healthy/9571f8f6-91c5-4d87-89ad-ed574754f46a_rotated_360.png,0
data/D1/Healthy/a06feff1-239d-451c-b91b-e5f793a4b8fd.png,0
data/D1/Healthy/a06feff1-239d-451c-b91b-e5f793a4b8fd_rotated_135 - Copy.png,0
data/D1/Healthy/a06feff1-239d-451c-b91b-e5f793a4b8fd_rotated_360.png,0
data/D1/Healthy/a06feff1-239d-451c-b91b-e5f793a4b8fd_rotated_90 - Copy.png,0
data/D1/Healthy/a3c75f0a-447c-4a31-9e6b-0091e7443bc9.png,3
data/D1/Healthy/a3c75f0a-447c-4a31-9e6b-0091e7443bc9_rotated_360.png,2
data/D1/Healthy/a63e0869-5716-4b94-b51f-4a0878e5ccfd_rotated_90.png,2
data/D1/Healthy/Anthracnose_increased_1.png,0
data/D1/Healthy/Anthracnose_increased_10.png,3
data/D1/Healthy/Anthracnose_increased_100.png,0
data/D1/Healthy/Anthracnose_increased_101.png,0
data/D1/Healthy/Anthracnose_increased_102.png,0
data/D1/Healthy/Anthracnose_increased_103.png,0
data/D1/Healthy/Anthracnose_increased_104.png,0
data/D1/Healthy/Anthracnose_increased_105.png,0
data/D1/Healthy/Anthracnose_increased_106.png,0
data/D1/Healthy/Anthracnose_increased_107.png,0
data/D1/Healthy/Anthracnose_increased_108.png,0
data/D1/Healthy/Anthracnose_increased_109.png,0
data/D1/Healthy/Anthracnose_increased_11.png,0
data/D1/Healthy/Anthracnose_increased_110.png,0
data/D1/Healthy/Anthracnose_increased_111.png,0
data/D1/Healthy/Anthracnose_increased_112.png,0
data/D1/Healthy/Anthracnose_increased_113.png,0
data/D1/Healthy/Anthracnose_increased_114.png,0
data/D1/Healthy/Anthracnose_increased_115.png,0
data/D1/Healthy/Anthracnose_increased_116.png,0
data/D1/Healthy/Anthracnose_increased_117.png,0
data/D1/Healthy/Anthracnose_increased_118.png,0
data/D1/Healthy/Anthracnose_increased_119.png,0
data/D1/Healthy/Anthracnose_increased_12.png,0
data/D1/Healthy/Anthracnose_increased_120.png,0
data/D1/Healthy/Anthracnose_increased_121.png,0
data/D1/Healthy/Anthracnose_increased_122.png,0
data/D1/Healthy/Anthracnose_increased_123.png,0
data/D1/Healthy/Anthracnose_increased_124.png,0
data/D1/Healthy/Anthracnose_increased_125.png,0
data/D1/Healthy/Anthracnose_increased_126.png,0
data/D1/Healthy/Anthracnose_increased_127.png,0
data/D1/Healthy/Anthracnose_increased_128.png,0
data/D1/Healthy/Anthracnose_increased_129.png,0
data/D1/Healthy/Anthracnose_increased_13.png,0
data/D1/Healthy/Anthracnose_increased_130.png,0
data/D1/Healthy/Anthracnose_increased_131.png,0
data/D1/Healthy/Anthracnose_increased_132.png,0
data/D1/Healthy/Anthracnose_increased_133.png,0
data/D1/Healthy/Anthracnose_increased_134.png,0
data/D1/Healthy/Anthracnose_increased_135.png,0
data/D1/Healthy/Anthracnose_increased_136.png,0
data/D1/Healthy/Anthracnose_increased_137.png,0
data/D1/Healthy/Anthracnose_increased_138.png,0
data/D1/Healthy/Anthracnose_increased_139.png,0
data/D1/Healthy/Anthracnose_increased_14.png,4
data/D1/Healthy/Anthracnose_increased_140.png,0
data/D1/Healthy/Anthracnose_increased_141.png,0
data/D1/Healthy/Anthracnose_increased_142.png,0
data/D1/Healthy/Anthracnose_increased_143.png,0
data/D1/Healthy/Anthracnose_increased_144.png,0
data/D1/Healthy/Anthracnose_increased_145.png,0
data/D1/Healthy/Anthracnose_increased_146.png,0
data/D1/Healthy/Anthracnose_increased_147.png,0
data/D1/Healthy/Anthracnose_increased_148.png,0
data/D1/Healthy/Anthracnose_increased_149.png,0
data/D1/Healthy/Anthracnose_increased_15.png,2
data/D1/Healthy/Anthracnose_increased_150.png,0
data/D1/Healthy/Anthracnose_increased_151.png,0
data/D1/Healthy/Anthracnose_increased_152.png,0
data/D1/Healthy/Anthracnose_increased_153.png,0
data/D1/Healthy/Anthracnose_increased_154.png,0
data/D1/Healthy/Anthracnose_increased_155.png,0
data/D1/Healthy/Anthracnose_increased_156.png,0
data/D1/Healthy/Anthracnose_increased_157.png,0
data/D1/Healthy/Anthracnose_increased_158.png,0
data/D1/Healthy/Anthracnose_increased_159.png,0
data/D1/Healthy/Anthracnose_increased_16.png,3
data/D1/Healthy/Anthracnose_increased_160.png,0
data/D1/Healthy/Anthracnose_increased_161.png,0
data/D1/Healthy/Anthracnose_increased_162.png,0
data/D1/Healthy/Anthracnose_increased_163.png,0
data/D1/Healthy/Anthracnose_increased_164.png,0
data/D1/Healthy/Anthracnose_increased_165.png,0
data/D1/Healthy/Anthracnose_increased_166.png,0
data/D1/Healthy/Anthracnose_increased_167.png,0
data/D1/Healthy/Anthracnose_increased_168.png,0
data/D1/Healthy/Anthracnose_increased_169.png,0
data/D1/Healthy/Anthracnose_increased_17.png,4
data/D1/Healthy/Anthracnose_increased_170.png,0
data/D1/Healthy/Anthracnose_increased_171.png,3
data/D1/Healthy/Anthracnose_increased_172.png,3
data/D1/Healthy/Anthracnose_increased_173.png,0
data/D1/Healthy/Anthracnose_increased_174.png,0
data/D1/Healthy/Anthracnose_increased_175.png,0
data/D1/Healthy/Anthracnose_increased_176.png,0
data/D1/Healthy/Anthracnose_increased_177.png,0
data/D1/Healthy/Anthracnose_increased_178.png,0
data/D1/Healthy/Anthracnose_increased_179.png,0
data/D1/Healthy/Anthracnose_increased_18.png,2
data/D1/Healthy/Anthracnose_increased_180.png,0
data/D1/Healthy/Anthracnose_increased_181.png,0
data/D1/Healthy/Anthracnose_increased_182.png,0
data/D1/Healthy/Anthracnose_increased_183.png,0
data/D1/Healthy/Anthracnose_increased_184.png,0
data/D1/Healthy/Anthracnose_increased_185.png,0
data/D1/Healthy/Anthracnose_increased_186.png,0
data/D1/Healthy/Anthracnose_increased_187.png,0
data/D1/Healthy/Anthracnose_increased_188.png,0
data/D1/Healthy/Anthracnose_increased_189.png,0
data/D1/Healthy/Anthracnose_increased_19.png,2
data/D1/Healthy/Anthracnose_increased_190.png,0
data/D1/Healthy/Anthracnose_increased_191.png,0
data/D1/Healthy/Anthracnose_increased_192.png,0
data/D1/Healthy/Anthracnose_increased_193.png,0
data/D1/Healthy/Anthracnose_increased_194.png,0
data/D1/Healthy/Anthracnose_increased_195.png,0
data/D1/Healthy/Anthracnose_increased_196.png,0
data/D1/Healthy/Anthracnose_increased_197.png,0
data/D1/Healthy/Anthracnose_increased_198.png,0
data/D1/Healthy/Anthracnose_increased_199.png,0
data/D1/Healthy/Anthracnose_increased_2.png,0
data/D1/Healthy/Anthracnose_increased_20.png,4
data/D1/Healthy/Anthracnose_increased_200.png,0
data/D1/Healthy/Anthracnose_increased_201.png,0
data/D1/Healthy/Anthracnose_increased_202.png,0
data/D1/Healthy/Anthracnose_increased_203.png,0
data/D1/Healthy/Anthracnose_increased_204.png,0
data/D1/Healthy/Anthracnose_increased_205.png,0
data/D1/Healthy/Anthracnose_increased_206.png,0
data/D1/Healthy/Anthracnose_increased_207.png,0
data/D1/Healthy/Anthracnose_increased_208.png,0
data/D1/Healthy/Anthracnose_increased_209.png,0
data/D1/Healthy/Anthracnose_increased_21.png,4
data/D1/Healthy/Anthracnose_increased_210.png,0
data/D1/Healthy/Anthracnose_increased_211.png,0
data/D1/Healthy/Anthracnose_increased_212.png,0
data/D1/Healthy/Anthracnose_increased_213.png,0
data/D1/Healthy/Anthracnose_increased_214.png,0
data/D1/Healthy/Anthracnose_increased_215.png,0
data/D1/Healthy/Anthracnose_increased_216.png,0
data/D1/Healthy/Anthracnose_increased_217.png,0
data/D1/Healthy/Anthracnose_increased_218.png,0
data/D1/Healthy/Anthracnose_increased_219.png,0
data/D1/Healthy/Anthracnose_increased_22.png,4
data/D1/Healthy/Anthracnose_increased_220.png,0
data/D1/Healthy/Anthracnose_increased_221.png,0
data/D1/Healthy/Anthracnose_increased_222.png,0
data/D1/Healthy/Anthracnose_increased_223.png,0
data/D1/Healthy/Anthracnose_increased_224.png,0
data/D1/Healthy/Anthracnose_increased_225.png,0
data/D1/Healthy/Anthracnose_increased_226.png,0
data/D1/Healthy/Anthracnose_increased_227.png,0
data/D1/Healthy/Anthracnose_increased_228.png,0
data/D1/Healthy/Anthracnose_increased_229.png,0
data/D1/Healthy/Anthracnose_increased_23.png,1
data/D1/Healthy/Anthracnose_increased_230.png,0
data/D1/Healthy/Anthracnose_increased_231.png,0
data/D1/Healthy/Anthracnose_increased_232.png,0
data/D1/Healthy/Anthracnose_increased_233.png,0
data/D1/Healthy/Anthracnose_increased_234.png,0
data/D1/Healthy/Anthracnose_increased_235.png,0
data/D1/Healthy/Anthracnose_increased_236.png,3
data/D1/Healthy/Anthracnose_increased_237.png,1
data/D1/Healthy/Anthracnose_increased_238.png,0
data/D1/Healthy/Anthracnose_increased_239.png,0
data/D1/Healthy/Anthracnose_increased_24.png,4
data/D1/Healthy/Anthracnose_increased_240.png,0
data/D1/Healthy/Anthracnose_increased_241.png,0
data/D1/Healthy/Anthracnose_increased_242.png,0
data/D1/Healthy/Anthracnose_increased_243.png,0
data/D1/Healthy/Anthracnose_increased_244.png,0
data/D1/Healthy/Anthracnose_increased_245.png,0
data/D1/Healthy/Anthracnose_increased_246.png,0
data/D1/Healthy/Anthracnose_increased_247.png,0
data/D1/Healthy/Anthracnose_increased_248.png,0
data/D1/Healthy/Anthracnose_increased_249.png,0
data/D1/Healthy/Anthracnose_increased_25.png,2
data/D1/Healthy/Anthracnose_increased_250.png,0
data/D1/Healthy/Anthracnose_increased_251.png,0
data/D1/Healthy/Anthracnose_increased_252.png,0
data/D1/Healthy/Anthracnose_increased_253.png,0
data/D1/Healthy/Anthracnose_increased_254.png,0
data/D1/Healthy/Anthracnose_increased_255.png,0
data/D1/Healthy/Anthracnose_increased_256.png,0
data/D1/Healthy/Anthracnose_increased_257.png,0
data/D1/Healthy/Anthracnose_increased_258.png,0
data/D1/Healthy/Anthracnose_increased_259.png,0
data/D1/Healthy/Anthracnose_increased_26.png,1
data/D1/Healthy/Anthracnose_increased_260.png,0
data/D1/Healthy/Anthracnose_increased_261.png,0
data/D1/Healthy/Anthracnose_increased_262.png,0
data/D1/Healthy/Anthracnose_increased_263.png,0
data/D1/Healthy/Anthracnose_increased_264.png,0
data/D1/Healthy/Anthracnose_increased_265.png,0
data/D1/Healthy/Anthracnose_increased_266.png,0
data/D1/Healthy/Anthracnose_increased_267.png,0
data/D1/Healthy/Anthracnose_increased_268.png,0
data/D1/Healthy/Anthracnose_increased_269.png,0
data/D1/Healthy/Anthracnose_increased_27.png,4
data/D1/Healthy/Anthracnose_increased_270.png,0
data/D1/Healthy/Anthracnose_increased_271.png,0
data/D1/Healthy/Anthracnose_increased_272.png,0
data/D1/Healthy/Anthracnose_increased_273.png,0
data/D1/Healthy/Anthracnose_increased_274.png,0
data/D1/Healthy/Anthracnose_increased_275.png,0
data/D1/Healthy/Anthracnose_increased_276.png,0
data/D1/Healthy/Anthracnose_increased_277.png,1
data/D1/Healthy/Anthracnose_increased_278.png,2
data/D1/Healthy/Anthracnose_increased_279.png,3
data/D1/Healthy/Anthracnose_increased_28.png,4
data/D1/Healthy/Anthracnose_increased_280.png,4
data/D1/Healthy/Anthracnose_increased_281.png,3
data/D1/Healthy/Anthracnose_increased_282.png,1
data/D1/Healthy/Anthracnose_increased_283.png,2
data/D1/Healthy/Anthracnose_increased_284.png,2
data/D1/Healthy/Anthracnose_increased_285.png,1
data/D1/Healthy/Anthracnose_increased_286.png,4
data/D1/Healthy/Anthracnose_increased_287.png,3
data/D1/Healthy/Anthracnose_increased_288.png,2
data/D1/Healthy/Anthracnose_increased_289.png,2
data/D1/Healthy/Anthracnose_increased_29.png,2
data/D1/Healthy/Anthracnose_increased_290.png,3
data/D1/Healthy/Anthracnose_increased_291.png,4
data/D1/Healthy/Anthracnose_increased_292.png,2
data/D1/Healthy/Anthracnose_increased_293.png,3
data/D1/Healthy/Anthracnose_increased_294.png,3
data/D1/Healthy/Anthracnose_increased_295.png,3
data/D1/Healthy/Anthracnose_increased_296.png,3
data/D1/Healthy/Anthracnose_increased_297.png,2
data/D1/Healthy/Anthracnose_increased_3.png,2
data/D1/Healthy/Anthracnose_increased_30.png,2
data/D1/Healthy/Anthracnose_increased_31.png,4
data/D1/Healthy/Anthracnose_increased_32.png,4
data/D1/Healthy/Anthracnose_increased_33.png,4
data/D1/Healthy/Anthracnose_increased_34.png,0
data/D1/Healthy/Anthracnose_increased_35.png,0
data/D1/Healthy/Anthracnose_increased_36.png,0
data/D1/Healthy/Anthracnose_increased_37.png,0
data/D1/Healthy/Anthracnose_increased_38.png,0
data/D1/Healthy/Anthracnose_increased_39.png,0
data/D1/Healthy/Anthracnose_increased_4.png,0
data/D1/Healthy/Anthracnose_increased_40.png,2
data/D1/Healthy/Anthracnose_increased_41.png,2
data/D1/Healthy/Anthracnose_increased_42.png,2
data/D1/Healthy/Anthracnose_increased_43.png,4
data/D1/Healthy/Anthracnose_increased_44.png,2
data/D1/Healthy/Anthracnose_increased_45.png,3
data/D1/Healthy/Anthracnose_increased_46.png,3
data/D1/Healthy/Anthracnose_increased_47.png,3
data/D1/Healthy/Anthracnose_increased_48.png,3
data/D1/Healthy/Anthracnose_increased_49.png,4
data/D1/Healthy/Anthracnose_increased_5.png,2
data/D1/Healthy/Anthracnose_increased_50.png,2
data/D1/Healthy/Anthracnose_increased_51.png,4
data/D1/Healthy/Anthracnose_increased_52.png,3
data/D1/Healthy/Anthracnose_increased_53.png,1
data/D1/Healthy/Anthracnose_increased_54.png,3
data/D1/Healthy/Anthracnose_increased_55.png,0
data/D1/Healthy/Anthracnose_increased_56.png,2
data/D1/Healthy/Anthracnose_increased_57.png,0
data/D1/Healthy/Anthracnose_increased_58.png,4
data/D1/Healthy/Anthracnose_increased_59.png,2
data/D1/Healthy/Anthracnose_increased_6.png,2
data/D1/Healthy/Anthracnose_increased_60.png,2
data/D1/Healthy/Anthracnose_increased_61.png,0
data/D1/Healthy/Anthracnose_increased_62.png,2
data/D1/Healthy/Anthracnose_increased_63.png,0
data/D1/Healthy/Anthracnose_increased_64.png,0
data/D1/Healthy/Anthracnose_increased_65.png,3
data/D1/Healthy/Anthracnose_increased_66.png,2
data/D1/Healthy/Anthracnose_increased_67.png,3
data/D1/Healthy/Anthracnose_increased_68.png,3
data/D1/Healthy/Anthracnose_increased_69.png,1
data/D1/Healthy/Anthracnose_increased_7.png,0
data/D1/Healthy/Anthracnose_increased_70.png,2
data/D1/Healthy/Anthracnose_increased_71.png,3
data/D1/Healthy/Anthracnose_increased_72.png,4
data/D1/Healthy/Anthracnose_increased_73.png,2
data/D1/Healthy/Anthracnose_increased_74.png,2
data/D1/Healthy/Anthracnose_increased_75.png,1
data/D1/Healthy/Anthracnose_increased_76.png,1
data/D1/Healthy/Anthracnose_increased_77.png,3
data/D1/Healthy/Anthracnose_increased_78.png,4
data/D1/Healthy/Anthracnose_increased_79.png,3
data/D1/Healthy/Anthracnose_increased_8.png,1
data/D1/Healthy/Anthracnose_increased_80.png,1
data/D1/Healthy/Anthracnose_increased_81.png,4
data/D1/Healthy/Anthracnose_increased_82.png,3
data/D1/Healthy/Anthracnose_increased_83.png,4
data/D1/Healthy/Anthracnose_increased_84.png,1
data/D1/Healthy/Anthracnose_increased_85.png,3
data/D1/Healthy/Anthracnose_increased_86.png,1
data/D1/Healthy/Anthracnose_increased_87.png,1
data/D1/Healthy/Anthracnose_increased_88.png,1
data/D1/Healthy/Anthracnose_increased_89.png,2
data/D1/Healthy/Anthracnose_increased_9.png,2
data/D1/Healthy/Anthracnose_increased_90.png,1
data/D1/Healthy/Anthracnose_increased_91.png,1
data/D1/Healthy/Anthracnose_increased_92.png,1
data/D1/Healthy/Anthracnose_increased_93.png,4
data/D1/Healthy/Anthracnose_increased_94.png,1
data/D1/Healthy/Anthracnose_increased_95.png,1
data/D1/Healthy/Anthracnose_increased_96.png,0
data/D1/Healthy/Anthracnose_increased_97.png,0
data/D1/Healthy/Anthracnose_increased_98.png,0
data/D1/Healthy/Anthracnose_increased_99.png,0
data/D1/Healthy/b30f5725-778c-4bda-b078-17accc78577f_rotated_135 - Copy.png,4
data/D1/Healthy/b30f5725-778c-4bda-b078-17accc78577f_rotated_90.png,2
data/D1/Healthy/b87cc979-efba-49fe-a789-925800b0f4be.png,3
data/D1/Healthy/ba19b8b9-da23-4025-8b4e-afd1ddf88823.png,3
data/D1/Healthy/ba19b8b9-da23-4025-8b4e-afd1ddf88823_rotated_360.png,3
data/D1/Healthy/bafcf53f-d539-4fcf-ac26-8c0347ef2ce4_rotated_180.png,3
data/D1/Healthy/c02ae1eb-aec9-47db-9831-4f571a7fc56e_rotated_90 - Copy.png,4
data/D1/Healthy/c9a10ac5-0017-477b-ba23-d9a9f08979f3.png,2
data/D1/Healthy/cdd1c89c-5798-49fa-bf61-bc68575abf8b_rotated_180 - Copy.png,4
data/D1/Healthy/d0bcc8f1-faad-4e81-8b95-ada5a0be53ae_rotated_180.png,3
data/D1/Healthy/da75749b-6e1b-4aa7-97db-2b9b3751fad0 - Copy.png,1
data/D1/Healthy/da75749b-6e1b-4aa7-97db-2b9b3751fad0_rotated_225.png,3
data/D1/Healthy/dd3dba89-4684-4f43-a0d3-291d630d4cff_rotated_135 - Copy.png,0
data/D1/Healthy/dd5e9dfb-29a6-4b7b-89ca-ab8f286740d6.png,2
data/D1/Healthy/e4e38a60-90f7-436c-9650-950e95989f22_rotated_270 - Copy.png,0
data/D1/Healthy/e74ceee5-3e19-4454-9a39-96c31fcd0672_rotated_135 - Copy.png,4
data/D1/Healthy/e74ceee5-3e19-4454-9a39-96c31fcd0672_rotated_360.png,2
data/D1/Healthy/e74ceee5-3e19-4454-9a39-96c31fcd0672_rotated_45 - Copy.png,2
data/D1/Healthy/e959fcba-a6d4-4375-9c64-5e1ec63428cb - Copy.png,0
data/D1/Healthy/e959fcba-a6d4-4375-9c64-5e1ec63428cb_rotated_270 - Copy.png,2
data/D1/Healthy/f90e9b81-fb6d-433a-8645-a9d4136c321c_rotated_180.png,0
data/D1/Healthy/fe6e153a-f61e-492c-9863-dab5836a39a1_rotated_180.png,0
data/D1/Healthy/Healthy(108).jpg,3
data/D1/Healthy/Healthy(122).jpg,2
data/D1/Healthy/Healthy(133).jpg,3
data/D1/Healthy/Healthy(138).jpg,3
data/D1/Healthy/Healthy(142).jpg,1
data/D1/Healthy/Healthy(143).jpg,2
data/D1/Healthy/Healthy(145).jpg,3
data/D1/Healthy/Healthy(146).jpg,4
data/D1/Healthy/Healthy(147).jpg,2
data/D1/Healthy/Healthy(148).jpg,2
data/D1/Healthy/Healthy(151).jpg,2
data/D1/Healthy/Healthy(160).jpg,1
data/D1/Healthy/Healthy(220).jpg,3
data/D1/Healthy/Healthy(224).jpg,4
data/D1/Healthy/Healthy(27).jpg,3
data/D1/Healthy/Healthy(28).jpg,1
data/D1/Healthy/Healthy(29).jpg,4
data/D1/Healthy/Healthy(61).jpg,3
data/D1/Healthy/Healthy(63).jpg,4
data/D1/Healthy/Healthy(81).jpg,1
data/D1/Healthy/Healthy(88).jpg,3
data/D1/Healthy/Healthy(96).jpg,1
data/D1/Healthy/IMG20241024093010.png,1
data/D1/Healthy/IMG20241024093010_rotated_90.png,1
data/D1/Healthy/IMG20241024094452_rotated_90.png,2
data/D1/Healthy/IMG20241024095452.png,1
data/D1/Healthy/IMG20241024095452_rotated_360.png,1
data/D1/Healthy/IMG20241024101153.png,1
data/D1/Healthy/IMG20241024101226_rotated_90.png,4
data/D1/Healthy/IMG20241024101536.png,1
data/D1/Healthy/IMG20241024101536_rotated_90.png,1
data/D1/Healthy/IMG_20240114_140122.jpg,0
data/D1/Healthy/IMG_20240114_140138.jpg,0
data/D1/Healthy/IMG_20240114_140153(1).jpg,0
data/D1/Healthy/IMG_20240114_140153.jpg,0
data/D1/Healthy/IMG_20240114_140156.jpg,0
data/D1/Healthy/IMG_20240114_140204.jpg,0
data/D1/Healthy/IMG_20240114_140228(1).jpg,0
data/D1/Healthy/IMG_20240114_140228.jpg,0
data/D1/Healthy/IMG_20240114_140235.jpg,0
data/D1/Healthy/IMG_20240114_140239.jpg,0
data/D1/Healthy/IMG_20240114_140304.jpg,0
data/D1/Healthy/IMG_20240114_140317(1).jpg,0
data/D1/Healthy/IMG_20240114_140317.jpg,0
data/D1/Healthy/IMG_20240114_140428.jpg,0
data/D1/Healthy/IMG_20240114_140434.jpg,0
data/D1/Healthy/IMG_20240114_140445(1).jpg,0
data/D1/Healthy/IMG_20240114_140445.jpg,0
data/D1/Healthy/IMG_20240114_140512.jpg,0
data/D1/Healthy/IMG_20240114_140517.jpg,0
data/D1/Healthy/IMG_20240114_142918.jpg,0
data/D1/Healthy/IMG_20240114_142930.jpg,0
data/D1/Healthy/IMG_20240114_142935.jpg,0
data/D1/Healthy/IMG_20240114_142946(1).jpg,0
data/D1/Healthy/IMG_20240114_142946.jpg,0
data/D1/Healthy/IMG_20240114_143002.jpg,0
data/D1/Healthy/IMG_20240114_143010.jpg,0
data/D1/Healthy/IMG_20240114_143028.jpg,0
data/D1/Healthy/IMG_20240114_143038(1).jpg,0
data/D1/Healthy/IMG_20240114_143038.jpg,0
data/D1/Healthy/IMG_20240114_143041(1).jpg,0
data/D1/Healthy/IMG_20240114_143041.jpg,0
data/D1/Healthy/IMG_20240114_143042.jpg,0
data/D1/Healthy/IMG_20240114_143047.jpg,0
data/D1/Healthy/IMG_20240114_143048(1).jpg,0
data/D1/Healthy/IMG_20240114_143048.jpg,0
data/D1/Healthy/IMG_20240114_143055.jpg,0
data/D1/Healthy/IMG_20240114_143101.jpg,0
data/D1/Healthy/IMG_20240114_143102(1).jpg,0
data/D1/Healthy/IMG_20240114_143102.jpg,0
data/D1/Healthy/IMG_20240114_143113.jpg,0
data/D1/Healthy/IMG_20240114_143113_2.jpg,0
data/D1/Healthy/IMG_20240114_143942.jpg,0
data/D1/Healthy/IMG_20240114_143943.jpg,0
data/D1/Healthy/IMG_20240114_143945(1).jpg,0
data/D1/Healthy/IMG_20240114_143945.jpg,0
data/D1/Healthy/IMG_20240114_143946.jpg,0
data/D1/Healthy/IMG_20240114_143950(1).jpg,0
data/D1/Healthy/IMG_20240114_143950.jpg,0
data/D1/Healthy/IMG_20240114_143951.jpg,0
data/D1/Healthy/IMG_20240114_143953.jpg,0
data/D1/Healthy/IMG_20240114_143957(1).jpg,0
data/D1/Healthy/IMG_20240114_143957.jpg,0
data/D1/Healthy/IMG_20240114_144001.jpg,0
data/D1/Healthy/IMG_20240114_144002.jpg,0
data/D1/Healthy/IMG_20240114_144005.jpg,0
data/D1/Healthy/IMG_20240114_144006.jpg,0
data/D1/Healthy/IMG_20240114_144013.jpg,0
data/D1/Healthy/IMG_20240114_144014(1).jpg,0
data/D1/Healthy/IMG_20240114_144014.jpg,0
data/D1/Healthy/IMG_20240114_144015.jpg,0
data/D1/Healthy/IMG_20240114_144016_1.jpg,0
data/D1/Healthy/IMG_20240114_144020.jpg,0
data/D1/Healthy/IMG_20240114_144021.jpg,0
data/D1/Healthy/IMG_20240114_144021_1.jpg,0
data/D1/Healthy/IMG_20240114_144021_2.jpg,0
data/D1/Healthy/IMG_20240114_144033.jpg,0
data/D1/Healthy/IMG_20240114_144034.jpg,0
data/D1/Healthy/IMG_20240114_144036.jpg,0
data/D1/Healthy/IMG_20240114_144037.jpg,0
data/D1/Healthy/IMG_20240114_144037_1.jpg,0
data/D1/Healthy/IMG_20240114_144040.jpg,0
data/D1/Healthy/IMG_20240114_144040_1.jpg,0
data/D1/Healthy/IMG_20240114_144041.jpg,0
data/D1/Healthy/IMG_20240114_144045.jpg,0
data/D1/Healthy/IMG_20240114_144046.jpg,0
data/D1/Healthy/IMG_20240114_144048.jpg,3
data/D1/Healthy/IMG_20240114_144049.jpg,3
data/D1/Healthy/IMG_20240114_144051.jpg,0
data/D1/Healthy/IMG_20240114_144055.jpg,0
data/D1/Healthy/IMG_20240114_144106.jpg,0
data/D1/Healthy/IMG_20240114_144107_1.jpg,0
data/D1/Healthy/IMG_20240114_144109.jpg,0
data/D1/Healthy/IMG_20240114_144110.jpg,0
data/D1/Healthy/IMG_20240114_144114.jpg,0
data/D1/Healthy/IMG_20240114_144115.jpg,0
data/D1/Healthy/IMG_20240114_144115_1.jpg,0
data/D1/Healthy/IMG_20240114_144117.jpg,0
data/D1/Healthy/IMG_20240114_144117_1.jpg,0
data/D1/Healthy/IMG_20240114_144119.jpg,0
data/D1/Healthy/IMG_20240114_144119_1.jpg,0
data/D1/Healthy/IMG_20240114_144125.jpg,0
data/D1/Healthy/IMG_20240114_144125_1.jpg,0
data/D1/Healthy/IMG_20240114_144126.jpg,0
data/D1/Healthy/IMG_20240114_144126_1.jpg,0
data/D1/Healthy/IMG_20240114_144127.jpg,0
data/D1/Healthy/IMG_20240114_144127_1.jpg,0
data/D1/Healthy/IMG_20240114_144128.jpg,0
data/D1/Healthy/IMG_20240114_144128_1.jpg,0
data/D1/Healthy/IMG_20240114_144141.jpg,0
data/D1/Healthy/IMG_20240114_144142.jpg,0
data/D1/Healthy/IMG_20240114_144142_1.jpg,0
data/D1/Healthy/IMG_20240114_144143.jpg,0
data/D1/Healthy/IMG_20240114_144143_1.jpg,0
data/D1/Healthy/IMG_20240114_144146.jpg,0
data/D1/Healthy/IMG_20240114_144146_1.jpg,0
data/D1/Healthy/IMG_20240114_144146_2.jpg,0
data/D1/Healthy/IMG_20240114_144148.jpg,0
data/D1/Healthy/IMG_20240114_144148_1.jpg,0
data/D1/Healthy/IMG_20240114_144149.jpg,0
data/D1/Healthy/IMG_20240114_144154_1.jpg,0
data/D1/Healthy/IMG_20240114_144154_2.jpg,0
data/D1/Healthy/IMG_20240114_144156.jpg,0
data/D1/Healthy/IMG_20240114_144156_1.jpg,0
data/D1/Healthy/IMG_20240114_144158.jpg,0
data/D1/Healthy/IMG_20240114_144158_1.jpg,0
data/D1/Healthy/IMG_20240114_144159.jpg,0
data/D1/Healthy/IMG_20240114_144201.jpg,0
data/D1/Healthy/IMG_20240114_144201_1.jpg,0
data/D1/Healthy/IMG_20240114_144201_2.jpg,0
data/D1/Healthy/IMG_20240114_144210.jpg,0
data/D1/Healthy/IMG_20240114_144210_2.jpg,0
data/D1/Healthy/IMG_20240114_144211.jpg,0
data/D1/Healthy/IMG_20240114_144214.jpg,0
data/D1/Healthy/IMG_20240114_144215.jpg,0
data/D1/Healthy/IMG_20240114_144218.jpg,0
data/D1/Healthy/IMG_20240114_144219.jpg,0
data/D1/Healthy/IMG_20240114_144226.jpg,0
data/D1/Healthy/IMG_20240114_144226_1.jpg,0
data/D1/Healthy/IMG_20240114_144226_2.jpg,0
data/D1/Healthy/IMG_20240114_144228_1.jpg,0
data/D1/Healthy/IMG_20240114_144229.jpg,0
data/D1/Healthy/IMG_20240114_144230.jpg,0
data/D1/Healthy/IMG_20240114_144234.jpg,0
data/D1/Healthy/IMG_20240114_144234_1.jpg,0
data/D1/Healthy/IMG_20240114_144246.jpg,0
data/D1/Healthy/IMG_20240114_144246_1.jpg,0
data/D1/Healthy/IMG_20240114_144248.jpg,0
data/D1/Healthy/IMG_20240114_144249.jpg,0
data/D1/Healthy/IMG_20240114_144251.jpg,0
data/D1/Healthy/IMG_20240114_144251_1.jpg,0
data/D1/Healthy/IMG_20240114_144252.jpg,3
data/D1/Healthy/IMG_20240114_144253.jpg,1
data/D1/Healthy/IMG_20240114_144256.jpg,0
data/D1/Healthy/IMG_20240114_144256_1.jpg,0
data/D1/Healthy/IMG_20240114_144316.jpg,0
data/D1/Healthy/IMG_20240114_144316_1.jpg,0
data/D1/Healthy/IMG_20240114_144318.jpg,0
data/D1/Healthy/IMG_20240114_144318_1.jpg,0
data/D1/Healthy/IMG_20240114_144320.jpg,0
data/D1/Healthy/IMG_20240114_144320_1.jpg,0
data/D1/Healthy/IMG_20240114_144325.jpg,0
data/D1/Healthy/IMG_20240114_144325_1.jpg,0
data/D1/Healthy/IMG_20240114_144326.jpg,0
data/D1/Healthy/IMG_20240114_144328.jpg,0
data/D1/Healthy/IMG_20240114_144337.jpg,0
data/D1/Healthy/IMG_20240114_144338.jpg,0
data/D1/Healthy/IMG_20240114_144339.jpg,0
data/D1/Healthy/IMG_20240114_144341.jpg,0
data/D1/Healthy/IMG_20240114_144345.jpg,0
data/D1/Healthy/IMG_20240114_144345_1.jpg,0
data/D1/Healthy/IMG_20240114_144345_2.jpg,0
data/D1/Healthy/IMG_20240114_144353.jpg,0
data/D1/Healthy/IMG_20240114_144353_1.jpg,0
data/D1/Healthy/IMG_20240114_144355.jpg,0
data/D1/Healthy/IMG_20240114_144355_1.jpg,0
data/D1/Healthy/IMG_20240114_144358.jpg,0
data/D1/Healthy/IMG_20240114_144359.jpg,0
data/D1/Healthy/IMG_20240114_144400.jpg,0
data/D1/Healthy/IMG_20240114_144404.jpg,0
data/D1/Healthy/IMG_20240114_144414.jpg,0
data/D1/Healthy/IMG_20240114_144415.jpg,0
data/D1/Healthy/IMG_20240114_144416.jpg,0
data/D1/Healthy/IMG_20240114_144417.jpg,0
data/D1/Healthy/IMG_20240114_144418.jpg,0
data/D1/Healthy/IMG_20240114_144419.jpg,0
data/D1/Healthy/IMG_20240114_144425.jpg,0
data/D1/Healthy/IMG_20240114_144426.jpg,0
data/D1/Healthy/IMG_20240114_144426_1.jpg,0
data/D1/Healthy/IMG_20240114_144428(1).jpg,0
data/D1/Healthy/IMG_20240114_144428.jpg,0
data/D1/Healthy/IMG_20240114_144428_1.jpg,0
data/D1/Healthy/IMG_20241103_144950_1.png,1
data/D1/Healthy/IMG_20241103_145024.png,2
data/D1/Healthy/IMG_20241103_145142.png,3
data/D1/Healthy/IMG_20241103_145158.png,4
data/D1/Healthy/IMG_20241103_145822.png,3
data/D1/Healthy/IMG_20241103_145850.png,1
data/D1/Healthy/IMG_20241103_145852.png,2
data/D1/Healthy/IMG_20241103_145928.png,2
data/D1/Healthy/IMG_20241103_145953.png,1
data/D1/Healthy/IMG_20241103_150029.png,4
data/D1/Healthy/IMG_20241103_151448.png,3
data/D1/Healthy/IMG_20241103_151743.png,2
data/D1/Healthy/IMG_20241103_151744.png,2
data/D1/Healthy/IMG_20241103_151754.png,3
data/D1/Healthy/Screenshot 2024-10-28 191648.png,4
data/D1/Healthy/Screenshot 2024-10-28 191658_rotated_180.png,2
data/D1/Healthy/Screenshot 2024-10-28 191918.png,3
data/D1/Healthy/Screenshot 2024-10-28 192118_rotated_90.png,3
data/D1/Healthy/Screenshot 2024-10-28 192720_rotated_270.png,3
data/D1/Healthy/Screenshot 2024-10-28 192720_rotated_90.png,3
data/D1/Healthy/Screenshot 2024-10-28 194141 - Edited_rotated_45.png,2
data/D1/Mealybug/_storage_emulated_0_miui_ShareMe_IMG_20231125_155004.jpg,0
data/D1/Mealybug/Anthracnose_increased_1.png,0
data/D1/Mealybug/Anthracnose_increased_10.png,3
data/D1/Mealybug/Anthracnose_increased_11.png,3
data/D1/Mealybug/Anthracnose_increased_12.png,1
data/D1/Mealybug/Anthracnose_increased_13.png,1
data/D1/Mealybug/Anthracnose_increased_14.png,1
data/D1/Mealybug/Anthracnose_increased_15.png,1
data/D1/Mealybug/Anthracnose_increased_16.png,0
data/D1/Mealybug/Anthracnose_increased_17.png,0
data/D1/Mealybug/Anthracnose_increased_18.png,1
data/D1/Mealybug/Anthracnose_increased_19.png,3
data/D1/Mealybug/Anthracnose_increased_2.png,1
data/D1/Mealybug/Anthracnose_increased_20.png,3
data/D1/Mealybug/Anthracnose_increased_21.png,3
data/D1/Mealybug/Anthracnose_increased_22.png,2
data/D1/Mealybug/Anthracnose_increased_23.png,2
data/D1/Mealybug/Anthracnose_increased_24.png,3
data/D1/Mealybug/Anthracnose_increased_25.png,3
data/D1/Mealybug/Anthracnose_increased_26.png,3
data/D1/Mealybug/Anthracnose_increased_27.png,4
data/D1/Mealybug/Anthracnose_increased_28.png,4
data/D1/Mealybug/Anthracnose_increased_29.png,3
data/D1/Mealybug/Anthracnose_increased_3.png,0
data/D1/Mealybug/Anthracnose_increased_30.png,0
data/D1/Mealybug/Anthracnose_increased_31.png,0
data/D1/Mealybug/Anthracnose_increased_32.png,0
data/D1/Mealybug/Anthracnose_increased_33.png,0
data/D1/Mealybug/Anthracnose_increased_34.png,0
data/D1/Mealybug/Anthracnose_increased_35.png,3
data/D1/Mealybug/Anthracnose_increased_36.png,3
data/D1/Mealybug/Anthracnose_increased_37.png,0
data/D1/Mealybug/Anthracnose_increased_38.png,1
data/D1/Mealybug/Anthracnose_increased_39.png,0
data/D1/Mealybug/Anthracnose_increased_4.png,0
data/D1/Mealybug/Anthracnose_increased_40.png,1
data/D1/Mealybug/Anthracnose_increased_41.png,0
data/D1/Mealybug/Anthracnose_increased_42.png,4
data/D1/Mealybug/Anthracnose_increased_43.png,4
data/D1/Mealybug/Anthracnose_increased_44.png,4
data/D1/Mealybug/Anthracnose_increased_45.png,1
data/D1/Mealybug/Anthracnose_increased_46.png,3
data/D1/Mealybug/Anthracnose_increased_47.png,0
data/D1/Mealybug/Anthracnose_increased_48.png,0
data/D1/Mealybug/Anthracnose_increased_49.png,3
data/D1/Mealybug/Anthracnose_increased_5.png,4
data/D1/Mealybug/Anthracnose_increased_50.png,0
data/D1/Mealybug/Anthracnose_increased_51.png,0
data/D1/Mealybug/Anthracnose_increased_52.png,0
data/D1/Mealybug/Anthracnose_increased_53.png,0
data/D1/Mealybug/Anthracnose_increased_54.png,0
data/D1/Mealybug/Anthracnose_increased_55.png,0
data/D1/Mealybug/Anthracnose_increased_56.png,0
data/D1/Mealybug/Anthracnose_increased_57.png,0
data/D1/Mealybug/Anthracnose_increased_58.png,0
data/D1/Mealybug/Anthracnose_increased_59.png,0
data/D1/Mealybug/Anthracnose_increased_6.png,0
data/D1/Mealybug/Anthracnose_increased_60.png,0
data/D1/Mealybug/Anthracnose_increased_61.png,0
data/D1/Mealybug/Anthracnose_increased_62.png,0
data/D1/Mealybug/Anthracnose_increased_63.png,0
data/D1/Mealybug/Anthracnose_increased_64.png,0
data/D1/Mealybug/Anthracnose_increased_65.png,0
data/D1/Mealybug/Anthracnose_increased_66.png,0
data/D1/Mealybug/Anthracnose_increased_67.png,0
data/D1/Mealybug/Anthracnose_increased_68.png,0
data/D1/Mealybug/Anthracnose_increased_69.png,0
data/D1/Mealybug/Anthracnose_increased_7.png,0
data/D1/Mealybug/Anthracnose_increased_70.png,0
data/D1/Mealybug/Anthracnose_increased_71.png,0
data/D1/Mealybug/Anthracnose_increased_72.png,0
data/D1/Mealybug/Anthracnose_increased_73.png,0
data/D1/Mealybug/Anthracnose_increased_74.png,1
data/D1/Mealybug/Anthracnose_increased_75.png,0
data/D1/Mealybug/Anthracnose_increased_76.png,0
data/D1/Mealybug/Anthracnose_increased_77.png,1
data/D1/Mealybug/Anthracnose_increased_78.png,3
data/D1/Mealybug/Anthracnose_increased_79.png,3
data/D1/Mealybug/Anthracnose_increased_8.png,3
data/D1/Mealybug/Anthracnose_increased_80.png,0
data/D1/Mealybug/Anthracnose_increased_81.png,0
data/D1/Mealybug/Anthracnose_increased_82.png,3
data/D1/Mealybug/Anthracnose_increased_83.png,4
data/D1/Mealybug/Anthracnose_increased_84.png,1
data/D1/Mealybug/Anthracnose_increased_85.png,1
data/D1/Mealybug/Anthracnose_increased_86.png,1
data/D1/Mealybug/Anthracnose_increased_87.png,1
data/D1/Mealybug/Anthracnose_increased_88.png,1
data/D1/Mealybug/Anthracnose_increased_89.png,0
data/D1/Mealybug/Anthracnose_increased_9.png,3
data/D1/Mealybug/Anthracnose_increased_90.png,0
data/D1/Mealybug/Anthracnose_increased_91.png,0
data/D1/Mealybug/effectedByMilibagh.jpg,0
data/D1/Mealybug/IMG20231014144217.jpg,1
data/D1/Mealybug/IMG20231014151348.jpg,0
data/D1/Mealybug/IMG20231014151359.jpg,0
data/D1/Mealybug/IMG_20231125_143034[1].jpg,4
data/D1/Mealybug/IMG_20231125_145542.jpg,0
data/D1/Mealybug/IMG_20231125_145543.jpg,0
data/D1/Mealybug/IMG_20231125_145814.jpg,3
data/D1/Mealybug/IMG_20231125_145818.jpg,3
data/D1/Mealybug/IMG_20231125_145819.jpg,3
data/D1/Mealybug/IMG_20231125_145820.jpg,3
data/D1/Mealybug/IMG_20231125_145828.jpg,1
data/D1/Mealybug/IMG_20231125_145829.jpg,1
data/D1/Mealybug/IMG_20231125_145839.jpg,1
data/D1/Mealybug/IMG_20231125_145840.jpg,1
data/D1/Mealybug/IMG_20231125_145851.jpg,0
data/D1/Mealybug/IMG_20231125_145852.jpg,0
data/D1/Mealybug/IMG_20231125_145904.jpg,1
data/D1/Mealybug/IMG_20231125_145911.jpg,3
data/D1/Mealybug/IMG_20231125_145914.jpg,3
data/D1/Mealybug/IMG_20231125_145915.jpg,3
data/D1/Mealybug/IMG_20231125_145921.jpg,2
data/D1/Mealybug/IMG_20231125_145924.jpg,2
data/D1/Mealybug/IMG_20231125_150019.jpg,3
data/D1/Mealybug/IMG_20231125_150021.jpg,3
data/D1/Mealybug/IMG_20231125_150022.jpg,3
data/D1/Mealybug/IMG_20231125_150026.jpg,4
data/D1/Mealybug/IMG_20231125_150032.jpg,4
data/D1/Mealybug/IMG_20231125_150034.jpg,3
data/D1/Mealybug/IMG_20231125_154857.jpg,0
data/D1/Mealybug/IMG_20231125_154900.jpg,0
data/D1/Mealybug/IMG_20231125_154900_1.jpg,0
data/D1/Mealybug/IMG_20231125_154907.jpg,0
data/D1/Mealybug/IMG_20231125_154907_1.jpg,0
data/D1/Mealybug/IMG_20231125_154915.jpg,3
data/D1/Mealybug/IMG_20231125_154916.jpg,3
data/D1/Mealybug/IMG_20231125_154919.jpg,0
data/D1/Mealybug/IMG_20231125_154921.jpg,1
data/D1/Mealybug/IMG_20231125_155000.jpg,0
data/D1/Mealybug/IMG_20231125_155001.jpg,1
data/D1/Mealybug/IMG_20231125_155016.jpg,0
data/D1/Mealybug/IMG_20231125_155733.jpg,4
data/D1/Mealybug/IMG_20231125_155740.jpg,4
data/D1/Mealybug/IMG_20231125_155741.jpg,4
data/D1/Mealybug/IMG_20231125_155759.jpg,1
data/D1/Mealybug/IMG_20231125_155844.jpg,3
data/D1/Mealybug/IMG_20231125_160046.jpg,0
data/D1/Mealybug/IMG_20231125_160047.jpg,0
data/D1/Mealybug/IMG_20231125_160059.jpg,3
data/D1/Mealybug/IMG_20231125_160115.jpg,0
data/D1/Mealybug/IMG_20231125_160115_1.jpg,0
data/D1/Mealybug/IMG_20231125_160120.jpg,0
data/D1/Mealybug/IMG_20231125_160121.jpg,0
data/D1/Mealybug/IMG_20231125_160126.jpg,0
data/D1/Mealybug/IMG_20231125_160136.jpg,0
data/D1/Mealybug/IMG_20231125_160144.jpg,0
data/D1/Mealybug/IMG_20231125_160147.jpg,0
data/D1/Mealybug/IMG_20231125_160220.jpg,0
data/D1/Mealybug/IMG_20231125_160221.jpg,0
data/D1/Mealybug/IMG_20231125_160225.jpg,0
data/D1/Mealybug/IMG_20231125_160226.jpg,0
data/D1/Mealybug/IMG_20231125_160234.jpg,0
data/D1/Mealybug/IMG_20231125_160234_1.jpg,0
data/D1/Mealybug/IMG_20231125_160240.jpg,0
data/D1/Mealybug/IMG_20231125_160241.jpg,0
data/D1/Mealybug/IMG_20231125_160254.jpg,0
data/D1/Mealybug/IMG_20231125_160310.jpg,0
data/D1/Mealybug/IMG_20231125_160311.jpg,0
data/D1/Mealybug/IMG_20231125_160315.jpg,0
data/D1/Mealybug/IMG_20231125_160321.jpg,0
data/D1/Mealybug/IMG_20231125_160321_1.jpg,0
data/D1/Mealybug/IMG_20231125_160335.jpg,0
data/D1/Mealybug/IMG_20231125_160342.jpg,0
data/D1/Mealybug/IMG_20231125_160348.jpg,1
data/D1/Mealybug/IMG_20231125_160358.jpg,0
data/D1/Mealybug/IMG_20231125_160400.jpg,0
data/D1/Mealybug/IMG_20231125_161921.jpg,1
data/D1/Mealybug/IMG_20231125_161927.jpg,3
data/D1/Mealybug/IMG_20231125_161947.jpg,3
data/D1/Mealybug/IMG_20231125_161955.jpg,0
data/D1/Mealybug/IMG_20231125_161955_1.jpg,0
data/D1/Mealybug/IMG_20231125_162018.jpg,3
data/D1/Mealybug/IMG_20231125_162031.jpg,4
data/D1/Mealybug/IMG_20231125_162032.jpg,1
data/D1/Mealybug/IMG_20231125_162221.jpg,1
data/D1/Mealybug/IMG_20231125_162236.jpg,1
data/D1/Mealybug/IMG_20231125_162305.jpg,1
data/D1/Mealybug/IMG_20231125_162309.jpg,1
data/D1/Mealybug/IMG_20231125_162319.jpg,0
data/D1/Mealybug/leafWithMilibaghVirus.jpg,0
data/D1/Mite disease/1424cf3c-8dd9-4387-94a8-7d17247400c9.png,1
data/D1/Mite disease/15dfe4f0-158b-4ba2-9e1b-cca3654e8298.png,3
data/D1/Mite disease/1730354693052.png,0
data/D1/Mite disease/18814318-e0ee-49fe-9ca4-e9919ac5f161.png,4
data/D1/Mite disease/6f53abe6-3e13-4a3d-8463-d6fbd6b14dbd.png,0
data/D1/Mite disease/70783f64-82cf-4e2e-830d-f89aceb82a20_rotated_270.png,1
data/D1/Mite disease/7c78adde-7397-4040-bd14-ecf37addba92_rotated_360.png,0
data/D1/Mite disease/83b260a3-ed1b-44f5-b85e-123eb2ea30c7.png,1
data/D1/Mite disease/83b260a3-ed1b-44f5-b85e-123eb2ea30c7_rotated_135.png,3
data/D1/Mite disease/83b260a3-ed1b-44f5-b85e-123eb2ea30c7_rotated_360.png,1
data/D1/Mite disease/90f00643-1493-4c4f-bba4-228319c5fe6d_rotated_270.png,2
data/D1/Mite disease/a3cb8382-5ed7-40a1-8197-74a6fc109af8.png,3
data/D1/Mite disease/a3cb8382-5ed7-40a1-8197-74a6fc109af8_rotated_180.png,3
data/D1/Mite disease/a450141f-397c-4ebb-be3b-a37c4d2cab6b_rotated_90.png,1
data/D1/Mite disease/Anthracnose_increased_1.png,1
data/D1/Mite disease/Anthracnose_increased_10.png,1
data/D1/Mite disease/Anthracnose_increased_100.png,2
data/D1/Mite disease/Anthracnose_increased_101.png,2
data/D1/Mite disease/Anthracnose_increased_102.png,2
data/D1/Mite disease/Anthracnose_increased_103.png,2
data/D1/Mite disease/Anthracnose_increased_104.png,2
data/D1/Mite disease/Anthracnose_increased_105.png,2
data/D1/Mite disease/Anthracnose_increased_106.png,2
data/D1/Mite disease/Anthracnose_increased_107.png,2
data/D1/Mite disease/Anthracnose_increased_108.png,2
data/D1/Mite disease/Anthracnose_increased_109.png,2
data/D1/Mite disease/Anthracnose_increased_11.png,2
data/D1/Mite disease/Anthracnose_increased_110.png,2
data/D1/Mite disease/Anthracnose_increased_111.png,2
data/D1/Mite disease/Anthracnose_increased_112.png,2
data/D1/Mite disease/Anthracnose_increased_113.png,2
data/D1/Mite disease/Anthracnose_increased_114.png,2
data/D1/Mite disease/Anthracnose_increased_115.png,2
data/D1/Mite disease/Anthracnose_increased_116.png,2
data/D1/Mite disease/Anthracnose_increased_117.png,2
data/D1/Mite disease/Anthracnose_increased_118.png,2
data/D1/Mite disease/Anthracnose_increased_119.png,2
data/D1/Mite disease/Anthracnose_increased_12.png,3
data/D1/Mite disease/Anthracnose_increased_120.png,3
data/D1/Mite disease/Anthracnose_increased_121.png,4
data/D1/Mite disease/Anthracnose_increased_122.png,3
data/D1/Mite disease/Anthracnose_increased_123.png,2
data/D1/Mite disease/Anthracnose_increased_124.png,0
data/D1/Mite disease/Anthracnose_increased_125.png,3
data/D1/Mite disease/Anthracnose_increased_126.png,2
data/D1/Mite disease/Anthracnose_increased_127.png,2
data/D1/Mite disease/Anthracnose_increased_128.png,1
data/D1/Mite disease/Anthracnose_increased_129.png,2
data/D1/Mite disease/Anthracnose_increased_13.png,3
data/D1/Mite disease/Anthracnose_increased_130.png,2
data/D1/Mite disease/Anthracnose_increased_131.png,2
data/D1/Mite disease/Anthracnose_increased_132.png,2
data/D1/Mite disease/Anthracnose_increased_133.png,2
data/D1/Mite disease/Anthracnose_increased_134.png,2
data/D1/Mite disease/Anthracnose_increased_135.png,2
data/D1/Mite disease/Anthracnose_increased_136.png,0
data/D1/Mite disease/Anthracnose_increased_137.png,2
data/D1/Mite disease/Anthracnose_increased_138.png,2
data/D1/Mite disease/Anthracnose_increased_139.png,2
data/D1/Mite disease/Anthracnose_increased_14.png,1
data/D1/Mite disease/Anthracnose_increased_140.png,0
data/D1/Mite disease/Anthracnose_increased_141.png,2
data/D1/Mite disease/Anthracnose_increased_142.png,1
data/D1/Mite disease/Anthracnose_increased_143.png,4
data/D1/Mite disease/Anthracnose_increased_144.png,4
data/D1/Mite disease/Anthracnose_increased_145.png,2
data/D1/Mite disease/Anthracnose_increased_146.png,2
data/D1/Mite disease/Anthracnose_increased_147.png,2
data/D1/Mite disease/Anthracnose_increased_148.png,4
data/D1/Mite disease/Anthracnose_increased_149.png,2
data/D1/Mite disease/Anthracnose_increased_15.png,1
data/D1/Mite disease/Anthracnose_increased_150.png,2
data/D1/Mite disease/Anthracnose_increased_151.png,3
data/D1/Mite disease/Anthracnose_increased_152.png,3
data/D1/Mite disease/Anthracnose_increased_153.png,3
data/D1/Mite disease/Anthracnose_increased_154.png,3
data/D1/Mite disease/Anthracnose_increased_155.png,4
data/D1/Mite disease/Anthracnose_increased_156.png,2
data/D1/Mite disease/Anthracnose_increased_157.png,3
data/D1/Mite disease/Anthracnose_increased_158.png,3
data/D1/Mite disease/Anthracnose_increased_159.png,1
data/D1/Mite disease/Anthracnose_increased_16.png,4
data/D1/Mite disease/Anthracnose_increased_160.png,4
data/D1/Mite disease/Anthracnose_increased_161.png,2
data/D1/Mite disease/Anthracnose_increased_162.png,4
data/D1/Mite disease/Anthracnose_increased_163.png,4
data/D1/Mite disease/Anthracnose_increased_164.png,2
data/D1/Mite disease/Anthracnose_increased_165.png,2
data/D1/Mite disease/Anthracnose_increased_166.png,2
data/D1/Mite disease/Anthracnose_increased_167.png,2
data/D1/Mite disease/Anthracnose_increased_168.png,2
data/D1/Mite disease/Anthracnose_increased_169.png,1
data/D1/Mite disease/Anthracnose_increased_17.png,0
data/D1/Mite disease/Anthracnose_increased_170.png,1
data/D1/Mite disease/Anthracnose_increased_171.png,4
data/D1/Mite disease/Anthracnose_increased_172.png,2
data/D1/Mite disease/Anthracnose_increased_173.png,2
data/D1/Mite disease/Anthracnose_increased_174.png,2
data/D1/Mite disease/Anthracnose_increased_175.png,2
data/D1/Mite disease/Anthracnose_increased_176.png,2
data/D1/Mite disease/Anthracnose_increased_177.png,2
data/D1/Mite disease/Anthracnose_increased_178.png,2
data/D1/Mite disease/Anthracnose_increased_179.png,2
data/D1/Mite disease/Anthracnose_increased_18.png,4
data/D1/Mite disease/Anthracnose_increased_180.png,4
data/D1/Mite disease/Anthracnose_increased_181.png,4
data/D1/Mite disease/Anthracnose_increased_182.png,2
data/D1/Mite disease/Anthracnose_increased_183.png,2
data/D1/Mite disease/Anthracnose_increased_184.png,2
data/D1/Mite disease/Anthracnose_increased_185.png,2
data/D1/Mite disease/Anthracnose_increased_186.png,2
data/D1/Mite disease/Anthracnose_increased_187.png,2
data/D1/Mite disease/Anthracnose_increased_188.png,2
data/D1/Mite disease/Anthracnose_increased_189.png,2
data/D1/Mite disease/Anthracnose_increased_19.png,1
data/D1/Mite disease/Anthracnose_increased_190.png,0
data/D1/Mite disease/Anthracnose_increased_191.png,2
data/D1/Mite disease/Anthracnose_increased_192.png,2
data/D1/Mite disease/Anthracnose_increased_193.png,2
data/D1/Mite disease/Anthracnose_increased_194.png,2
data/D1/Mite disease/Anthracnose_increased_195.png,2
data/D1/Mite disease/Anthracnose_increased_196.png,4
data/D1/Mite disease/Anthracnose_increased_197.png,4
data/D1/Mite disease/Anthracnose_increased_198.png,4
data/D1/Mite disease/Anthracnose_increased_199.png,1
data/D1/Mite disease/Anthracnose_increased_2.png,3
data/D1/Mite disease/Anthracnose_increased_20.png,1
data/D1/Mite disease/Anthracnose_increased_200.png,1
data/D1/Mite disease/Anthracnose_increased_201.png,4
data/D1/Mite disease/Anthracnose_increased_202.png,4
data/D1/Mite disease/Anthracnose_increased_203.png,1
data/D1/Mite disease/Anthracnose_increased_204.png,1
data/D1/Mite disease/Anthracnose_increased_205.png,1
data/D1/Mite disease/Anthracnose_increased_206.png,1
data/D1/Mite disease/Anthracnose_increased_207.png,1
data/D1/Mite disease/Anthracnose_increased_208.png,1
data/D1/Mite disease/Anthracnose_increased_209.png,1
data/D1/Mite disease/Anthracnose_increased_21.png,4
data/D1/Mite disease/Anthracnose_increased_210.png,1
data/D1/Mite disease/Anthracnose_increased_211.png,4
data/D1/Mite disease/Anthracnose_increased_212.png,4
data/D1/Mite disease/Anthracnose_increased_213.png,4
data/D1/Mite disease/Anthracnose_increased_214.png,0
data/D1/Mite disease/Anthracnose_increased_215.png,0
data/D1/Mite disease/Anthracnose_increased_216.png,3
data/D1/Mite disease/Anthracnose_increased_217.png,3
data/D1/Mite disease/Anthracnose_increased_218.png,3
data/D1/Mite disease/Anthracnose_increased_219.png,3
data/D1/Mite disease/Anthracnose_increased_22.png,4
data/D1/Mite disease/Anthracnose_increased_220.png,3
data/D1/Mite disease/Anthracnose_increased_221.png,3
data/D1/Mite disease/Anthracnose_increased_222.png,3
data/D1/Mite disease/Anthracnose_increased_223.png,4
data/D1/Mite disease/Anthracnose_increased_224.png,3
data/D1/Mite disease/Anthracnose_increased_225.png,3
data/D1/Mite disease/Anthracnose_increased_226.png,3
data/D1/Mite disease/Anthracnose_increased_227.png,4
data/D1/Mite disease/Anthracnose_increased_228.png,4
data/D1/Mite disease/Anthracnose_increased_229.png,4
data/D1/Mite disease/Anthracnose_increased_23.png,1
data/D1/Mite disease/Anthracnose_increased_230.png,3
data/D1/Mite disease/Anthracnose_increased_231.png,3
data/D1/Mite disease/Anthracnose_increased_232.png,1
data/D1/Mite disease/Anthracnose_increased_233.png,1
data/D1/Mite disease/Anthracnose_increased_234.png,1
data/D1/Mite disease/Anthracnose_increased_235.png,3
data/D1/Mite disease/Anthracnose_increased_236.png,3
data/D1/Mite disease/Anthracnose_increased_237.png,3
data/D1/Mite disease/Anthracnose_increased_238.png,4
data/D1/Mite disease/Anthracnose_increased_239.png,3
data/D1/Mite disease/Anthracnose_increased_24.png,4
data/D1/Mite disease/Anthracnose_increased_240.png,3
data/D1/Mite disease/Anthracnose_increased_241.png,3
data/D1/Mite disease/Anthracnose_increased_242.png,3
data/D1/Mite disease/Anthracnose_increased_243.png,3
data/D1/Mite disease/Anthracnose_increased_244.png,0
data/D1/Mite disease/Anthracnose_increased_245.png,3
data/D1/Mite disease/Anthracnose_increased_246.png,3
data/D1/Mite disease/Anthracnose_increased_247.png,2
data/D1/Mite disease/Anthracnose_increased_248.png,0
data/D1/Mite disease/Anthracnose_increased_249.png,0
data/D1/Mite disease/Anthracnose_increased_25.png,4
data/D1/Mite disease/Anthracnose_increased_250.png,1
data/D1/Mite disease/Anthracnose_increased_251.png,3
data/D1/Mite disease/Anthracnose_increased_252.png,1
data/D1/Mite disease/Anthracnose_increased_253.png,3
data/D1/Mite disease/Anthracnose_increased_254.png,3
data/D1/Mite disease/Anthracnose_increased_255.png,1
data/D1/Mite disease/Anthracnose_increased_256.png,1
data/D1/Mite disease/Anthracnose_increased_257.png,2
data/D1/Mite disease/Anthracnose_increased_258.png,3
data/D1/Mite disease/Anthracnose_increased_259.png,3
data/D1/Mite disease/Anthracnose_increased_26.png,3
data/D1/Mite disease/Anthracnose_increased_260.png,1
data/D1/Mite disease/Anthracnose_increased_261.png,0
data/D1/Mite disease/Anthracnose_increased_262.png,1
data/D1/Mite disease/Anthracnose_increased_263.png,3
data/D1/Mite disease/Anthracnose_increased_264.png,4
data/D1/Mite disease/Anthracnose_increased_265.png,4
data/D1/Mite disease/Anthracnose_increased_266.png,4
data/D1/Mite disease/Anthracnose_increased_267.png,1
data/D1/Mite disease/Anthracnose_increased_268.png,1
data/D1/Mite disease/Anthracnose_increased_269.png,0
data/D1/Mite disease/Anthracnose_increased_27.png,3
data/D1/Mite disease/Anthracnose_increased_270.png,0
data/D1/Mite disease/Anthracnose_increased_271.png,0
data/D1/Mite disease/Anthracnose_increased_272.png,1
data/D1/Mite disease/Anthracnose_increased_273.png,0
data/D1/Mite disease/Anthracnose_increased_274.png,1
data/D1/Mite disease/Anthracnose_increased_275.png,4
data/D1/Mite disease/Anthracnose_increased_276.png,3
data/D1/Mite disease/Anthracnose_increased_28.png,0
data/D1/Mite disease/Anthracnose_increased_29.png,4
data/D1/Mite disease/Anthracnose_increased_3.png,0
data/D1/Mite disease/Anthracnose_increased_30.png,4
data/D1/Mite disease/Anthracnose_increased_31.png,4
data/D1/Mite disease/Anthracnose_increased_32.png,4
data/D1/Mite disease/Anthracnose_increased_33.png,4
data/D1/Mite disease/Anthracnose_increased_34.png,4
data/D1/Mite disease/Anthracnose_increased_35.png,4
data/D1/Mite disease/Anthracnose_increased_36.png,4
data/D1/Mite disease/Anthracnose_increased_37.png,4
data/D1/Mite disease/Anthracnose_increased_38.png,4
data/D1/Mite disease/Anthracnose_increased_39.png,1
data/D1/Mite disease/Anthracnose_increased_4.png,4
data/D1/Mite disease/Anthracnose_increased_40.png,1
data/D1/Mite disease/Anthracnose_increased_41.png,1
data/D1/Mite disease/Anthracnose_increased_42.png,1
data/D1/Mite disease/Anthracnose_increased_43.png,4
data/D1/Mite disease/Anthracnose_increased_44.png,4
data/D1/Mite disease/Anthracnose_increased_45.png,4
data/D1/Mite disease/Anthracnose_increased_46.png,4
data/D1/Mite disease/Anthracnose_increased_47.png,4
data/D1/Mite disease/Anthracnose_increased_48.png,3
data/D1/Mite disease/Anthracnose_increased_49.png,3
data/D1/Mite disease/Anthracnose_increased_5.png,0
data/D1/Mite disease/Anthracnose_increased_50.png,4
data/D1/Mite disease/Anthracnose_increased_51.png,4
data/D1/Mite disease/Anthracnose_increased_52.png,4
data/D1/Mite disease/Anthracnose_increased_53.png,1
data/D1/Mite disease/Anthracnose_increased_54.png,1
data/D1/Mite disease/Anthracnose_increased_55.png,1
data/D1/Mite disease/Anthracnose_increased_56.png,4
data/D1/Mite disease/Anthracnose_increased_57.png,4
data/D1/Mite disease/Anthracnose_increased_58.png,4
data/D1/Mite disease/Anthracnose_increased_59.png,3
data/D1/Mite disease/Anthracnose_increased_6.png,1
data/D1/Mite disease/Anthracnose_increased_60.png,3
data/D1/Mite disease/Anthracnose_increased_61.png,1
data/D1/Mite disease/Anthracnose_increased_62.png,4
data/D1/Mite disease/Anthracnose_increased_63.png,1
data/D1/Mite disease/Anthracnose_increased_64.png,1
data/D1/Mite disease/Anthracnose_increased_65.png,1
data/D1/Mite disease/Anthracnose_increased_66.png,3
data/D1/Mite disease/Anthracnose_increased_67.png,3
data/D1/Mite disease/Anthracnose_increased_68.png,0
data/D1/Mite disease/Anthracnose_increased_69.png,1
data/D1/Mite disease/Anthracnose_increased_7.png,0
data/D1/Mite disease/Anthracnose_increased_70.png,4
data/D1/Mite disease/Anthracnose_increased_71.png,4
data/D1/Mite disease/Anthracnose_increased_72.png,0
data/D1/Mite disease/Anthracnose_increased_73.png,1
data/D1/Mite disease/Anthracnose_increased_74.png,1
data/D1/Mite disease/Anthracnose_increased_75.png,1
data/D1/Mite disease/Anthracnose_increased_76.png,1
data/D1/Mite disease/Anthracnose_increased_77.png,1
data/D1/Mite disease/Anthracnose_increased_78.png,1
data/D1/Mite disease/Anthracnose_increased_79.png,1
data/D1/Mite disease/Anthracnose_increased_8.png,1
data/D1/Mite disease/Anthracnose_increased_80.png,1
data/D1/Mite disease/Anthracnose_increased_81.png,1
data/D1/Mite disease/Anthracnose_increased_82.png,3
data/D1/Mite disease/Anthracnose_increased_83.png,3
data/D1/Mite disease/Anthracnose_increased_84.png,0
data/D1/Mite disease/Anthracnose_increased_85.png,0
data/D1/Mite disease/Anthracnose_increased_86.png,4
data/D1/Mite disease/Anthracnose_increased_87.png,3
data/D1/Mite disease/Anthracnose_increased_88.png,3
data/D1/Mite disease/Anthracnose_increased_89.png,4
data/D1/Mite disease/Anthracnose_increased_9.png,3
data/D1/Mite disease/Anthracnose_increased_90.png,4
data/D1/Mite disease/Anthracnose_increased_91.png,4
data/D1/Mite disease/Anthracnose_increased_92.png,4
data/D1/Mite disease/Anthracnose_increased_93.png,3
data/D1/Mite disease/Anthracnose_increased_94.png,0
data/D1/Mite disease/Anthracnose_increased_95.png,0
data/D1/Mite disease/Anthracnose_increased_96.png,4
data/D1/Mite disease/Anthracnose_increased_97.png,4
data/D1/Mite disease/Anthracnose_increased_98.png,2
data/D1/Mite disease/Anthracnose_increased_99.png,2
data/D1/Mite disease/bbcd16be-2c29-4b8d-ac79-119edf5e0199.png,1
data/D1/Mite disease/c0cac629-a650-4908-a7d8-e9cefee4bb7d.png,4
data/D1/Mite disease/c0cac629-a650-4908-a7d8-e9cefee4bb7d_rotated_180.png,0
data/D1/Mite disease/c0cac629-a650-4908-a7d8-e9cefee4bb7d_rotated_360.png,4
data/D1/Mite disease/ee7cc37e-cfb1-4521-93eb-12c3d81e9ff0.png,1
data/D1/Mite disease/effectedWithMite.jpg,1
data/D1/Mite disease/ffea50ad-99c7-4dca-9b41-e332246b6ac9.png,4
data/D1/Mite disease/ffea50ad-99c7-4dca-9b41-e332246b6ac9_rotated_360.png,4
data/D1/Mite disease/IMG20231014144359.jpg,1
data/D1/Mite disease/IMG20241024093434.png,4
data/D1/Mite disease/IMG20241024093926_rotated_90 - Copy.png,4
data/D1/Mite disease/IMG20241024094247_rotated_180.png,3
data/D1/Mite disease/IMG20241024101130.png,3
data/D1/Mite disease/IMG20241024101136_rotated_180.png,0
data/D1/Mite disease/IMG_20231014_144330.jpg,4
data/D1/Mite disease/IMG_20231014_144336.jpg,4
data/D1/Mite disease/IMG_20231014_144337.jpg,4
data/D1/Mite disease/IMG_20231014_144340.jpg,4
data/D1/Mite disease/IMG_20231014_144405.jpg,4
data/D1/Mite disease/IMG_20231014_144409.jpg,4
data/D1/Mite disease/IMG_20231014_144415.jpg,4
data/D1/Mite disease/IMG_20231014_144419.jpg,4
data/D1/Mite disease/IMG_20231014_144425.jpg,4
data/D1/Mite disease/IMG_20231014_144431.jpg,4
data/D1/Mite disease/IMG_20231014_144439.jpg,1
data/D1/Mite disease/IMG_20231014_144440.jpg,1
data/D1/Mite disease/IMG_20231014_144441.jpg,1
data/D1/Mite disease/IMG_20231014_144445.jpg,1
data/D1/Mite disease/IMG_20231014_144450.jpg,4
data/D1/Mite disease/IMG_20231014_144454.jpg,4
data/D1/Mite disease/IMG_20231014_144503.jpg,4
data/D1/Mite disease/IMG_20231014_144507.jpg,4
data/D1/Mite disease/IMG_20231014_144509.jpg,4
data/D1/Mite disease/IMG_20231125_142401.jpg,3
data/D1/Mite disease/IMG_20231125_142403.jpg,3
data/D1/Mite disease/IMG_20231125_142408.jpg,4
data/D1/Mite disease/IMG_20231125_142421.jpg,4
data/D1/Mite disease/IMG_20231125_142426.jpg,4
data/D1/Mite disease/IMG_20231125_142431.jpg,1
data/D1/Mite disease/IMG_20231125_142434.jpg,1
data/D1/Mite disease/IMG_20231125_142436.jpg,1
data/D1/Mite disease/IMG_20231125_142440.jpg,4
data/D1/Mite disease/IMG_20231125_142445.jpg,4
data/D1/Mite disease/IMG_20231125_142449.jpg,4
data/D1/Mite disease/IMG_20231125_142457.jpg,3
data/D1/Mite disease/IMG_20231125_142503.jpg,3
data/D1/Mite disease/IMG_20231125_142513.jpg,1
data/D1/Mite disease/IMG_20231125_142520.jpg,4
data/D1/Mite disease/IMG_20231125_142525.jpg,1
data/D1/Mite disease/IMG_20231125_142551.jpg,1
data/D1/Mite disease/IMG_20231125_142554.jpg,1
data/D1/Mite disease/IMG_20231125_142558.jpg,3
data/D1/Mite disease/IMG_20231125_142602.jpg,3
data/D1/Mite disease/IMG_20231125_142608.jpg,0
data/D1/Mite disease/IMG_20231125_142610.jpg,1
data/D1/Mite disease/IMG_20231125_142614.jpg,4
data/D1/Mite disease/IMG_20231125_142619.jpg,4
data/D1/Mite disease/IMG_20231125_142625.jpg,0
data/D1/Mite disease/IMG_20231125_142657.jpg,1
data/D1/Mite disease/IMG_20231125_142703.jpg,1
data/D1/Mite disease/IMG_20231125_142708.jpg,1
data/D1/Mite disease/IMG_20231125_142712.jpg,1
data/D1/Mite disease/IMG_20231125_142715.jpg,1
data/D1/Mite disease/IMG_20231125_142720.jpg,1
data/D1/Mite disease/IMG_20231125_142722.jpg,1
data/D1/Mite disease/IMG_20231125_142732.jpg,1
data/D1/Mite disease/IMG_20231125_142734.jpg,1
data/D1/Mite disease/IMG_20231125_142743.jpg,3
data/D1/Mite disease/IMG_20231125_142746.jpg,3
data/D1/Mite disease/IMG_20231125_142801.jpg,0
data/D1/Mite disease/IMG_20231125_142805.jpg,0
data/D1/Mite disease/IMG_20231125_142812.jpg,4
data/D1/Mite disease/IMG_20231125_142814.jpg,3
data/D1/Mite disease/IMG_20231125_142818.jpg,3
data/D1/Mite disease/IMG_20231125_142849.jpg,4
data/D1/Mite disease/IMG_20231125_142851.jpg,4
data/D1/Mite disease/IMG_20231125_142855.jpg,4
data/D1/Mite disease/IMG_20231125_142858.jpg,4
data/D1/Mite disease/IMG_20231125_142902.jpg,3
data/D1/Mite disease/IMG_20231125_142908.jpg,0
data/D1/Mite disease/IMG_20231125_142910.jpg,0
data/D1/Mite disease/IMG_20231125_142918.jpg,4
data/D1/Mite disease/IMG_20231125_142919.jpg,4
data/D1/Mite disease/IMG_20231125_151716.jpg,2
data/D1/Mite disease/IMG_20231125_151721.jpg,2
data/D1/Mite disease/IMG_20231125_151723.jpg,2
data/D1/Mite disease/IMG_20231125_151735.jpg,2
data/D1/Mite disease/IMG_20231125_151737.jpg,2
data/D1/Mite disease/IMG_20231125_151740.jpg,2
data/D1/Mite disease/IMG_20231125_151742.jpg,2
data/D1/Mite disease/IMG_20231125_151811.jpg,2
data/D1/Mite disease/IMG_20231125_151813.jpg,2
data/D1/Mite disease/IMG_20231125_151814.jpg,2
data/D1/Mite disease/IMG_20231125_151818.jpg,2
data/D1/Mite disease/IMG_20231125_151819.jpg,2
data/D1/Mite disease/IMG_20231125_151857.jpg,2
data/D1/Mite disease/IMG_20231125_151858.jpg,2
data/D1/Mite disease/IMG_20231125_151859.jpg,2
data/D1/Mite disease/IMG_20231125_151905.jpg,2
data/D1/Mite disease/IMG_20231125_151906.jpg,2
data/D1/Mite disease/IMG_20231125_151909.jpg,2
data/D1/Mite disease/IMG_20231125_151915.jpg,2
data/D1/Mite disease/IMG_20231125_151918.jpg,2
data/D1/Mite disease/IMG_20231125_151929.jpg,2
data/D1/Mite disease/IMG_20231125_151931.jpg,2
data/D1/Mite disease/IMG_20231125_151935.jpg,3
data/D1/Mite disease/IMG_20231125_151946.jpg,4
data/D1/Mite disease/IMG_20231125_151948.jpg,3
data/D1/Mite disease/IMG_20231125_151949.jpg,2
data/D1/Mite disease/IMG_20231125_151951.jpg,0
data/D1/Mite disease/IMG_20231125_151953.jpg,3
data/D1/Mite disease/IMG_20231125_151957.jpg,2
data/D1/Mite disease/IMG_20231125_151959.jpg,2
data/D1/Mite disease/IMG_20231125_152003.jpg,1
data/D1/Mite disease/IMG_20231125_152031.jpg,2
data/D1/Mite disease/IMG_20231125_152033.jpg,2
data/D1/Mite disease/IMG_20231125_152036.jpg,2
data/D1/Mite disease/IMG_20231125_152038.jpg,2
data/D1/Mite disease/IMG_20231125_152048.jpg,2
data/D1/Mite disease/IMG_20231125_152052.jpg,2
data/D1/Mite disease/IMG_20231125_152053.jpg,2
data/D1/Mite disease/IMG_20231125_152106.jpg,0
data/D1/Mite disease/IMG_20231125_152129.jpg,2
data/D1/Mite disease/IMG_20231125_152133.jpg,2
data/D1/Mite disease/IMG_20231125_152151.jpg,2
data/D1/Mite disease/IMG_20231125_152153.jpg,0
data/D1/Mite disease/IMG_20231125_152155.jpg,2
data/D1/Mite disease/IMG_20231125_152156.jpg,1
data/D1/Mite disease/IMG_20231125_152203.jpg,4
data/D1/Mite disease/IMG_20231125_152204.jpg,4
data/D1/Mite disease/IMG_20231125_152209.jpg,2
data/D1/Mite disease/IMG_20231125_152212.jpg,2
data/D1/Mite disease/IMG_20231125_152214.jpg,2
data/D1/Mite disease/IMG_20231125_152223.jpg,4
data/D1/Mite disease/IMG_20231125_152241.jpg,2
data/D1/Mite disease/IMG_20231125_152242.jpg,2
data/D1/Mite disease/IMG_20231125_152249.jpg,3
data/D1/Mite disease/IMG_20231125_152250.jpg,3
data/D1/Mite disease/IMG_20231125_152259.jpg,3
data/D1/Mite disease/IMG_20231125_152259_1.jpg,3
data/D1/Mite disease/IMG_20231125_152303.jpg,4
data/D1/Mite disease/IMG_20231125_152305.jpg,2
data/D1/Mite disease/IMG_20231125_152310.jpg,3
data/D1/Mite disease/IMG_20231125_152311.jpg,3
data/D1/Mite disease/IMG_20231125_152314.jpg,1
data/D1/Mite disease/IMG_20231125_152316.jpg,4
data/D1/Mite disease/IMG_20231125_152331.jpg,2
data/D1/Mite disease/IMG_20231125_152337.jpg,4
data/D1/Mite disease/IMG_20231125_152338.jpg,4
data/D1/Mite disease/IMG_20231125_152409.jpg,2
data/D1/Mite disease/IMG_20231125_152411.jpg,2
data/D1/Mite disease/IMG_20231125_152412.jpg,2
data/D1/Mite disease/IMG_20231125_152418.jpg,2
data/D1/Mite disease/IMG_20231125_152419.jpg,2
data/D1/Mite disease/IMG_20231125_152443.jpg,1
data/D1/Mite disease/IMG_20231125_152444.jpg,1
data/D1/Mite disease/IMG_20231125_152458.jpg,4
data/D1/Mite disease/IMG_20231125_152507.jpg,2
data/D1/Mite disease/IMG_20231125_152508.jpg,2
data/D1/Mite disease/IMG_20231125_152516.jpg,2
data/D1/Mite disease/IMG_20231125_152517.jpg,2
data/D1/Mite disease/IMG_20231125_152524.jpg,2
data/D1/Mite disease/IMG_20231125_152601.jpg,2
data/D1/Mite disease/IMG_20231125_152603.jpg,2
data/D1/Mite disease/IMG_20231125_152608.jpg,2
data/D1/Mite disease/IMG_20231125_152616.jpg,4
data/D1/Mite disease/IMG_20231125_152618.jpg,4
data/D1/Mite disease/IMG_20231125_152625.jpg,2
data/D1/Mite disease/IMG_20231125_152627.jpg,2
data/D1/Mite disease/IMG_20231125_152632.jpg,2
data/D1/Mite disease/IMG_20231125_152634.jpg,2
data/D1/Mite disease/IMG_20231125_152636.jpg,2
data/D1/Mite disease/IMG_20231125_152646.jpg,2
data/D1/Mite disease/IMG_20231125_152647.jpg,2
data/D1/Mite disease/IMG_20231125_152651.jpg,2
data/D1/Mite disease/IMG_20231125_152717.jpg,0
data/D1/Mite disease/IMG_20231125_152721.jpg,2
data/D1/Mite disease/IMG_20231125_152727.jpg,2
data/D1/Mite disease/IMG_20231125_152732.jpg,2
data/D1/Mite disease/IMG_20231125_152743.jpg,2
data/D1/Mite disease/IMG_20231125_152749.jpg,2
data/D1/Mite disease/IMG_20231125_161538.jpg,4
data/D1/Mite disease/IMG_20231125_161540.jpg,4
data/D1/Mite disease/IMG_20231125_161541.jpg,4
data/D1/Mite disease/IMG_20231125_161551.jpg,1
data/D1/Mite disease/IMG_20231125_161551_1.jpg,1
data/D1/Mite disease/IMG_20231125_161556.jpg,4
data/D1/Mite disease/IMG_20231125_161557.jpg,4
data/D1/Mite disease/IMG_20231125_161608.jpg,1
data/D1/Mite disease/IMG_20231125_161609.jpg,1
data/D1/Mite disease/IMG_20231125_161611.jpg,1
data/D1/Mite disease/IMG_20231125_161612.jpg,1
data/D1/Mite disease/IMG_20231125_161613.jpg,1
data/D1/Mite disease/IMG_20231125_161618.jpg,1
data/D1/Mite disease/IMG_20231125_161619.jpg,1
data/D1/Mite disease/IMG_20231125_161625.jpg,1
data/D1/Mite disease/IMG_20231125_161631.jpg,4
data/D1/Mite disease/IMG_20231125_161632.jpg,4
data/D1/Mite disease/IMG_20231125_161633.jpg,4
data/D1/Mite disease/IMG_20231125_161637.jpg,0
data/D1/Mite disease/IMG_20231125_161644.jpg,0
data/D1/Mite disease/IMG_20231125_161647.jpg,3
data/D1/Mite disease/IMG_20231125_161648.jpg,3
data/D1/Mite disease/IMG_20231125_161651.jpg,3
data/D1/Mite disease/IMG_20231125_161659.jpg,3
data/D1/Mite disease/IMG_20231125_161701.jpg,3
data/D1/Mite disease/IMG_20231125_161703.jpg,3
data/D1/Mite disease/IMG_20231125_161704.jpg,3
data/D1/Mite disease/IMG_20231125_161705.jpg,4
data/D1/Mite disease/IMG_20231125_161711.jpg,3
data/D1/Mite disease/IMG_20231125_161711_1.jpg,3
data/D1/Mite disease/IMG_20231125_161717.jpg,3
data/D1/Mite disease/IMG_20231125_161723.jpg,4
data/D1/Mite disease/IMG_20231125_161725.jpg,4
data/D1/Mite disease/IMG_20231125_161725_1.jpg,4
data/D1/Mite disease/IMG_20231125_161730.jpg,3
data/D1/Mite disease/IMG_20231125_161731.jpg,3
data/D1/Mite disease/IMG_20231125_161735.jpg,1
data/D1/Mite disease/IMG_20231125_161745.jpg,1
data/D1/Mite disease/IMG_20231125_161746.jpg,1
data/D1/Mite disease/IMG_20231125_161753.jpg,3
data/D1/Mite disease/IMG_20231125_161755.jpg,3
data/D1/Mite disease/IMG_20231125_161756.jpg,3
data/D1/Mite disease/IMG_20231125_161800.jpg,4
data/D1/Mite disease/IMG_20231125_161805.jpg,3
data/D1/Mite disease/IMG_20231125_161824.jpg,3
data/D1/Mite disease/IMG_20231125_161825.jpg,3
data/D1/Mite disease/IMG_20231125_161828.jpg,3
data/D1/Mite disease/IMG_20231125_161829.jpg,3
data/D1/Mite disease/IMG_20231125_161832.jpg,0
data/D1/Mite disease/IMG_20231125_161835.jpg,3
data/D1/Mite disease/IMG_20231125_161836.jpg,3
data/D1/Mite disease/IMG_20241024_092822 - Copy.png,2
data/D1/Mite disease/IMG_20241024_092822_rotated_270.png,0
data/D1/Mite disease/IMG_20241103_145935.png,0
data/D1/Mite disease/IMG_20241103_145940.png,1
data/D1/Mite disease/IMG_20241103_150106.png,3
data/D1/Mite disease/IMG_20241103_150124.png,1
data/D1/Mite disease/IMG_20241103_150247.png,3
data/D1/Mite disease/IMG_20241103_150251.png,3
data/D1/Mite disease/IMG_20241103_150321.png,1
data/D1/Mite disease/IMG_20241103_150323.png,1
data/D1/Mite disease/IMG_20241103_150541.png,2
data/D1/Mite disease/IMG_20241103_150648.png,3
data/D1/Mite disease/IMG_20241103_150939.png,3
data/D1/Mite disease/IMG_20241103_151000.png,1
data/D1/Mite disease/IMG_20241103_151113.png,0
data/D1/Mite disease/MiteAndShadaMachi.jpg,1
data/D1/Mite disease/Screenshot 2024-10-28 191431.png,3
data/D1/Mite disease/Screenshot 2024-10-28 191431_rotated_270.png,4
data/D1/Mite disease/Screenshot 2024-10-28 191436_rotated_270.png,4
data/D1/Mite disease/Screenshot 2024-10-28 191436_rotated_360.png,4
data/D1/Mite disease/Screenshot 2024-10-28 191504_rotated_360.png,1
data/D1/Mite disease/Screenshot 2024-10-28 191504_rotated_90.png,1
data/D1/Mite disease/Screenshot 2024-10-28 191514_rotated_180.png,0
data/D1/Mite disease/Screenshot 2024-10-28 192404.png,0
data/D1/Mite disease/Screenshot 2024-10-28 192404_rotated_360.png,0
data/D1/Mite disease/Screenshot 2024-10-28 192407.png,1
data/D1/Mite disease/Screenshot 2024-10-28 192416.png,0
data/D1/Mite disease/Screenshot 2024-10-28 192420_rotated_360.png,1
data/D1/Mite disease/Screenshot 2024-10-28 192648_rotated_360.png,4
data/D1/Mite disease/Screenshot 2024-10-28 192803.png,3
data/D1/Mosaic/0725ba76-4889-448d-8d85-8c348ce9a2fe.png,3
data/D1/Mosaic/0a10c600-98aa-4bf2-a001-72a24c0658a3.png,1
data/D1/Mosaic/14f29302-a2ce-41d5-b003-2a81154297c3.png,0
data/D1/Mosaic/1730354693268.png,4
data/D1/Mosaic/2270cfd0-1d0e-42db-9fdb-2bc5f208a3fa - Copy.png,3
data/D1/Mosaic/2951034d-47dc-4d2c-bde9-a0d680b2c20a - Copy.png,2
data/D1/Mosaic/34209f0b-9fc6-4529-9a9b-b1d29cfa5d75.png,4
data/D1/Mosaic/3998c8aa-fef0-4377-80d6-60804f09f593 - Copy.png,0
data/D1/Mosaic/3d91f0f3-c6d8-4d2e-934a-2ae9a47781c0.png,3
data/D1/Mosaic/50f90c00-340c-47b1-9039-c29d3b5a50c9.png,0
data/D1/Mosaic/50f90c00-340c-47b1-9039-c29d3b5a50c9_rotated_225.png,2
data/D1/Mosaic/514ec2e1-9da7-4b28-a901-1c58989b411d.png,2
data/D1/Mosaic/7782d088-594d-49fe-8a09-31e4cf38f97e.png,3
data/D1/Mosaic/7a31524a-bc63-499b-b03e-e2d094d51e8f.png,2
data/D1/Mosaic/7c78adde-7397-4040-bd14-ecf37addba92_rotated_90 - Copy.png,2
data/D1/Mosaic/83b260a3-ed1b-44f5-b85e-123eb2ea30c7_rotated_360 - Copy.png,1
data/D1/Mosaic/94ddd29d-64ef-43b4-8f49-e96950b90bf9.png,3
data/D1/Mosaic/983094b2-ca47-4cfa-8d7a-3dd7a7e081f5.png,4
data/D1/Mosaic/_storage_emulated_0_DCIM_Camera_IMG_20231021_170230.jpg,0
data/D1/Mosaic/_storage_emulated_0_DCIM_Camera_IMG_20231021_170234.jpg,0
data/D1/Mosaic/a394add9-b01b-4a7b-9c56-fb859330245f_rotated_360.png,0
data/D1/Mosaic/a394add9-b01b-4a7b-9c56-fb859330245f_rotated_45 - Copy.png,0
data/D1/Mosaic/a394add9-b01b-4a7b-9c56-fb859330245f_rotated_90.png,0
data/D1/Mosaic/a3cb8382-5ed7-40a1-8197-74a6fc109af8_rotated_180 - Copy.png,3
data/D1/Mosaic/Anthracnose_increased_1.png,3
data/D1/Mosaic/Anthracnose_increased_10.png,0
data/D1/Mosaic/Anthracnose_increased_100.png,0
data/D1/Mosaic/Anthracnose_increased_101.png,0
data/D1/Mosaic/Anthracnose_increased_102.png,3
data/D1/Mosaic/Anthracnose_increased_103.png,0
data/D1/Mosaic/Anthracnose_increased_104.png,0
data/D1/Mosaic/Anthracnose_increased_105.png,1
data/D1/Mosaic/Anthracnose_increased_106.png,0
data/D1/Mosaic/Anthracnose_increased_107.png,0
data/D1/Mosaic/Anthracnose_increased_108.png,0
data/D1/Mosaic/Anthracnose_increased_109.png,0
data/D1/Mosaic/Anthracnose_increased_11.png,2
data/D1/Mosaic/Anthracnose_increased_110.png,0
data/D1/Mosaic/Anthracnose_increased_111.png,0
data/D1/Mosaic/Anthracnose_increased_112.png,0
data/D1/Mosaic/Anthracnose_increased_113.png,4
data/D1/Mosaic/Anthracnose_increased_114.png,2
data/D1/Mosaic/Anthracnose_increased_115.png,3
data/D1/Mosaic/Anthracnose_increased_116.png,3
data/D1/Mosaic/Anthracnose_increased_117.png,0
data/D1/Mosaic/Anthracnose_increased_118.png,0
data/D1/Mosaic/Anthracnose_increased_119.png,2
data/D1/Mosaic/Anthracnose_increased_12.png,2
data/D1/Mosaic/Anthracnose_increased_120.png,0
data/D1/Mosaic/Anthracnose_increased_121.png,3
data/D1/Mosaic/Anthracnose_increased_122.png,1
data/D1/Mosaic/Anthracnose_increased_123.png,0
data/D1/Mosaic/Anthracnose_increased_124.png,0
data/D1/Mosaic/Anthracnose_increased_125.png,4
data/D1/Mosaic/Anthracnose_increased_126.png,4
data/D1/Mosaic/Anthracnose_increased_127.png,0
data/D1/Mosaic/Anthracnose_increased_128.png,1
data/D1/Mosaic/Anthracnose_increased_129.png,0
data/D1/Mosaic/Anthracnose_increased_13.png,3
data/D1/Mosaic/Anthracnose_increased_130.png,1
data/D1/Mosaic/Anthracnose_increased_131.png,0
data/D1/Mosaic/Anthracnose_increased_132.png,3
data/D1/Mosaic/Anthracnose_increased_133.png,3
data/D1/Mosaic/Anthracnose_increased_134.png,3
data/D1/Mosaic/Anthracnose_increased_135.png,3
data/D1/Mosaic/Anthracnose_increased_136.png,0
data/D1/Mosaic/Anthracnose_increased_137.png,0
data/D1/Mosaic/Anthracnose_increased_138.png,0
data/D1/Mosaic/Anthracnose_increased_139.png,4
data/D1/Mosaic/Anthracnose_increased_14.png,2
data/D1/Mosaic/Anthracnose_increased_140.png,4
data/D1/Mosaic/Anthracnose_increased_141.png,4
data/D1/Mosaic/Anthracnose_increased_142.png,3
data/D1/Mosaic/Anthracnose_increased_143.png,4
data/D1/Mosaic/Anthracnose_increased_144.png,4
data/D1/Mosaic/Anthracnose_increased_145.png,0
data/D1/Mosaic/Anthracnose_increased_146.png,2
data/D1/Mosaic/Anthracnose_increased_147.png,2
data/D1/Mosaic/Anthracnose_increased_148.png,3
data/D1/Mosaic/Anthracnose_increased_149.png,0
data/D1/Mosaic/Anthracnose_increased_15.png,2
data/D1/Mosaic/Anthracnose_increased_150.png,4
data/D1/Mosaic/Anthracnose_increased_151.png,3
data/D1/Mosaic/Anthracnose_increased_152.png,2
data/D1/Mosaic/Anthracnose_increased_153.png,3
data/D1/Mosaic/Anthracnose_increased_154.png,1
data/D1/Mosaic/Anthracnose_increased_155.png,4
data/D1/Mosaic/Anthracnose_increased_156.png,0
data/D1/Mosaic/Anthracnose_increased_157.png,0
data/D1/Mosaic/Anthracnose_increased_158.png,0
data/D1/Mosaic/Anthracnose_increased_159.png,1
data/D1/Mosaic/Anthracnose_increased_16.png,1
data/D1/Mosaic/Anthracnose_increased_160.png,0
data/D1/Mosaic/Anthracnose_increased_161.png,0
data/D1/Mosaic/Anthracnose_increased_162.png,0
data/D1/Mosaic/Anthracnose_increased_163.png,0
data/D1/Mosaic/Anthracnose_increased_164.png,0
data/D1/Mosaic/Anthracnose_increased_165.png,0
data/D1/Mosaic/Anthracnose_increased_166.png,0
data/D1/Mosaic/Anthracnose_increased_167.png,0
data/D1/Mosaic/Anthracnose_increased_168.png,0
data/D1/Mosaic/Anthracnose_increased_169.png,0
data/D1/Mosaic/Anthracnose_increased_17.png,3
data/D1/Mosaic/Anthracnose_increased_170.png,0
data/D1/Mosaic/Anthracnose_increased_171.png,4
data/D1/Mosaic/Anthracnose_increased_172.png,4
data/D1/Mosaic/Anthracnose_increased_173.png,3
data/D1/Mosaic/Anthracnose_increased_174.png,0
data/D1/Mosaic/Anthracnose_increased_175.png,0
data/D1/Mosaic/Anthracnose_increased_176.png,0
data/D1/Mosaic/Anthracnose_increased_177.png,0
data/D1/Mosaic/Anthracnose_increased_178.png,0
data/D1/Mosaic/Anthracnose_increased_179.png,0
data/D1/Mosaic/Anthracnose_increased_18.png,0
data/D1/Mosaic/Anthracnose_increased_180.png,0
data/D1/Mosaic/Anthracnose_increased_181.png,0
data/D1/Mosaic/Anthracnose_increased_182.png,0
data/D1/Mosaic/Anthracnose_increased_183.png,3
data/D1/Mosaic/Anthracnose_increased_184.png,4
data/D1/Mosaic/Anthracnose_increased_185.png,2
data/D1/Mosaic/Anthracnose_increased_186.png,0
data/D1/Mosaic/Anthracnose_increased_187.png,0
data/D1/Mosaic/Anthracnose_increased_188.png,3
data/D1/Mosaic/Anthracnose_increased_189.png,3
data/D1/Mosaic/Anthracnose_increased_19.png,0
data/D1/Mosaic/Anthracnose_increased_190.png,4
data/D1/Mosaic/Anthracnose_increased_191.png,1
data/D1/Mosaic/Anthracnose_increased_192.png,1
data/D1/Mosaic/Anthracnose_increased_193.png,2
data/D1/Mosaic/Anthracnose_increased_194.png,4
data/D1/Mosaic/Anthracnose_increased_195.png,4
data/D1/Mosaic/Anthracnose_increased_196.png,2
data/D1/Mosaic/Anthracnose_increased_197.png,2
data/D1/Mosaic/Anthracnose_increased_198.png,3
data/D1/Mosaic/Anthracnose_increased_199.png,3
data/D1/Mosaic/Anthracnose_increased_2.png,1
data/D1/Mosaic/Anthracnose_increased_20.png,0
data/D1/Mosaic/Anthracnose_increased_200.png,3
data/D1/Mosaic/Anthracnose_increased_201.png,3
data/D1/Mosaic/Anthracnose_increased_202.png,3
data/D1/Mosaic/Anthracnose_increased_203.png,2
data/D1/Mosaic/Anthracnose_increased_204.png,0
data/D1/Mosaic/Anthracnose_increased_205.png,0
data/D1/Mosaic/Anthracnose_increased_206.png,2
data/D1/Mosaic/Anthracnose_increased_207.png,2
data/D1/Mosaic/Anthracnose_increased_208.png,1
data/D1/Mosaic/Anthracnose_increased_209.png,3
data/D1/Mosaic/Anthracnose_increased_21.png,0
data/D1/Mosaic/Anthracnose_increased_210.png,3
data/D1/Mosaic/Anthracnose_increased_211.png,3
data/D1/Mosaic/Anthracnose_increased_212.png,3
data/D1/Mosaic/Anthracnose_increased_213.png,3
data/D1/Mosaic/Anthracnose_increased_214.png,3
data/D1/Mosaic/Anthracnose_increased_215.png,3
data/D1/Mosaic/Anthracnose_increased_216.png,2
data/D1/Mosaic/Anthracnose_increased_217.png,2
data/D1/Mosaic/Anthracnose_increased_218.png,2
data/D1/Mosaic/Anthracnose_increased_219.png,1
data/D1/Mosaic/Anthracnose_increased_22.png,3
data/D1/Mosaic/Anthracnose_increased_220.png,1
data/D1/Mosaic/Anthracnose_increased_221.png,1
data/D1/Mosaic/Anthracnose_increased_222.png,3
data/D1/Mosaic/Anthracnose_increased_223.png,3
data/D1/Mosaic/Anthracnose_increased_224.png,3
data/D1/Mosaic/Anthracnose_increased_225.png,0
data/D1/Mosaic/Anthracnose_increased_226.png,0
data/D1/Mosaic/Anthracnose_increased_227.png,2
data/D1/Mosaic/Anthracnose_increased_228.png,2
data/D1/Mosaic/Anthracnose_increased_229.png,2
data/D1/Mosaic/Anthracnose_increased_23.png,3
data/D1/Mosaic/Anthracnose_increased_230.png,2
data/D1/Mosaic/Anthracnose_increased_231.png,1
data/D1/Mosaic/Anthracnose_increased_232.png,1
data/D1/Mosaic/Anthracnose_increased_233.png,1
data/D1/Mosaic/Anthracnose_increased_234.png,3
data/D1/Mosaic/Anthracnose_increased_235.png,2
data/D1/Mosaic/Anthracnose_increased_236.png,2
data/D1/Mosaic/Anthracnose_increased_237.png,2
data/D1/Mosaic/Anthracnose_increased_238.png,2
data/D1/Mosaic/Anthracnose_increased_239.png,2
data/D1/Mosaic/Anthracnose_increased_24.png,4
data/D1/Mosaic/Anthracnose_increased_240.png,2
data/D1/Mosaic/Anthracnose_increased_241.png,2
data/D1/Mosaic/Anthracnose_increased_242.png,2
data/D1/Mosaic/Anthracnose_increased_243.png,2
data/D1/Mosaic/Anthracnose_increased_244.png,2
data/D1/Mosaic/Anthracnose_increased_245.png,1
data/D1/Mosaic/Anthracnose_increased_246.png,1
data/D1/Mosaic/Anthracnose_increased_247.png,3
data/D1/Mosaic/Anthracnose_increased_248.png,4
data/D1/Mosaic/Anthracnose_increased_249.png,2
data/D1/Mosaic/Anthracnose_increased_25.png,2
data/D1/Mosaic/Anthracnose_increased_250.png,2
data/D1/Mosaic/Anthracnose_increased_251.png,2
data/D1/Mosaic/Anthracnose_increased_252.png,2
data/D1/Mosaic/Anthracnose_increased_253.png,2
data/D1/Mosaic/Anthracnose_increased_254.png,2
data/D1/Mosaic/Anthracnose_increased_255.png,2
data/D1/Mosaic/Anthracnose_increased_256.png,2
data/D1/Mosaic/Anthracnose_increased_257.png,2
data/D1/Mosaic/Anthracnose_increased_258.png,1
data/D1/Mosaic/Anthracnose_increased_259.png,0
data/D1/Mosaic/Anthracnose_increased_26.png,2
data/D1/Mosaic/Anthracnose_increased_260.png,1
data/D1/Mosaic/Anthracnose_increased_261.png,4
data/D1/Mosaic/Anthracnose_increased_262.png,1
data/D1/Mosaic/Anthracnose_increased_263.png,3
data/D1/Mosaic/Anthracnose_increased_264.png,1
data/D1/Mosaic/Anthracnose_increased_265.png,1
data/D1/Mosaic/Anthracnose_increased_266.png,3
data/D1/Mosaic/Anthracnose_increased_267.png,3
data/D1/Mosaic/Anthracnose_increased_268.png,2
data/D1/Mosaic/Anthracnose_increased_269.png,0
data/D1/Mosaic/Anthracnose_increased_27.png,3
data/D1/Mosaic/Anthracnose_increased_270.png,3
data/D1/Mosaic/Anthracnose_increased_271.png,3
data/D1/Mosaic/Anthracnose_increased_272.png,0
data/D1/Mosaic/Anthracnose_increased_273.png,0
data/D1/Mosaic/Anthracnose_increased_28.png,3
data/D1/Mosaic/Anthracnose_increased_29.png,3
data/D1/Mosaic/Anthracnose_increased_3.png,0
data/D1/Mosaic/Anthracnose_increased_30.png,1
data/D1/Mosaic/Anthracnose_increased_31.png,1
data/D1/Mosaic/Anthracnose_increased_32.png,0
data/D1/Mosaic/Anthracnose_increased_33.png,0
data/D1/Mosaic/Anthracnose_increased_34.png,4
data/D1/Mosaic/Anthracnose_increased_35.png,0
data/D1/Mosaic/Anthracnose_increased_36.png,3
data/D1/Mosaic/Anthracnose_increased_37.png,3
data/D1/Mosaic/Anthracnose_increased_38.png,3
data/D1/Mosaic/Anthracnose_increased_39.png,2
data/D1/Mosaic/Anthracnose_increased_4.png,4
data/D1/Mosaic/Anthracnose_increased_40.png,4
data/D1/Mosaic/Anthracnose_increased_41.png,1
data/D1/Mosaic/Anthracnose_increased_42.png,3
data/D1/Mosaic/Anthracnose_increased_43.png,4
data/D1/Mosaic/Anthracnose_increased_44.png,1
data/D1/Mosaic/Anthracnose_increased_45.png,0
data/D1/Mosaic/Anthracnose_increased_46.png,0
data/D1/Mosaic/Anthracnose_increased_47.png,0
data/D1/Mosaic/Anthracnose_increased_48.png,0
data/D1/Mosaic/Anthracnose_increased_49.png,4
data/D1/Mosaic/Anthracnose_increased_5.png,3
data/D1/Mosaic/Anthracnose_increased_50.png,2
data/D1/Mosaic/Anthracnose_increased_51.png,2
data/D1/Mosaic/Anthracnose_increased_52.png,2
data/D1/Mosaic/Anthracnose_increased_53.png,2
data/D1/Mosaic/Anthracnose_increased_54.png,1
data/D1/Mosaic/Anthracnose_increased_55.png,3
data/D1/Mosaic/Anthracnose_increased_56.png,2
data/D1/Mosaic/Anthracnose_increased_57.png,4
data/D1/Mosaic/Anthracnose_increased_58.png,0
data/D1/Mosaic/Anthracnose_increased_59.png,0
data/D1/Mosaic/Anthracnose_increased_6.png,2
data/D1/Mosaic/Anthracnose_increased_60.png,0
data/D1/Mosaic/Anthracnose_increased_61.png,0
data/D1/Mosaic/Anthracnose_increased_62.png,1
data/D1/Mosaic/Anthracnose_increased_63.png,0
data/D1/Mosaic/Anthracnose_increased_64.png,1
data/D1/Mosaic/Anthracnose_increased_65.png,0
data/D1/Mosaic/Anthracnose_increased_66.png,0
data/D1/Mosaic/Anthracnose_increased_67.png,0
data/D1/Mosaic/Anthracnose_increased_68.png,0
data/D1/Mosaic/Anthracnose_increased_69.png,0
data/D1/Mosaic/Anthracnose_increased_7.png,4
data/D1/Mosaic/Anthracnose_increased_70.png,0
data/D1/Mosaic/Anthracnose_increased_71.png,0
data/D1/Mosaic/Anthracnose_increased_72.png,0
data/D1/Mosaic/Anthracnose_increased_73.png,0
data/D1/Mosaic/Anthracnose_increased_74.png,0
data/D1/Mosaic/Anthracnose_increased_75.png,4
data/D1/Mosaic/Anthracnose_increased_76.png,0
data/D1/Mosaic/Anthracnose_increased_77.png,0
data/D1/Mosaic/Anthracnose_increased_78.png,2
data/D1/Mosaic/Anthracnose_increased_79.png,0
data/D1/Mosaic/Anthracnose_increased_8.png,0
data/D1/Mosaic/Anthracnose_increased_80.png,2
data/D1/Mosaic/Anthracnose_increased_81.png,4
data/D1/Mosaic/Anthracnose_increased_82.png,0
data/D1/Mosaic/Anthracnose_increased_83.png,2
data/D1/Mosaic/Anthracnose_increased_84.png,2
data/D1/Mosaic/Anthracnose_increased_85.png,2
data/D1/Mosaic/Anthracnose_increased_86.png,2
data/D1/Mosaic/Anthracnose_increased_87.png,0
data/D1/Mosaic/Anthracnose_increased_88.png,0
data/D1/Mosaic/Anthracnose_increased_89.png,0
data/D1/Mosaic/Anthracnose_increased_9.png,3
data/D1/Mosaic/Anthracnose_increased_90.png,1
data/D1/Mosaic/Anthracnose_increased_91.png,2
data/D1/Mosaic/Anthracnose_increased_92.png,3
data/D1/Mosaic/Anthracnose_increased_93.png,3
data/D1/Mosaic/Anthracnose_increased_94.png,0
data/D1/Mosaic/Anthracnose_increased_95.png,0
data/D1/Mosaic/Anthracnose_increased_96.png,2
data/D1/Mosaic/Anthracnose_increased_97.png,4
data/D1/Mosaic/Anthracnose_increased_98.png,0
data/D1/Mosaic/Anthracnose_increased_99.png,0
data/D1/Mosaic/be4d6e4f-f1a0-4064-88d3-0475044a7604_rotated_45 - Copy.png,3
data/D1/Mosaic/c0cac629-a650-4908-a7d8-e9cefee4bb7d - Copy.png,4
data/D1/Mosaic/c9a10ac5-0017-477b-ba23-d9a9f08979f3_rotated_180.png,2
data/D1/Mosaic/c9a10ac5-0017-477b-ba23-d9a9f08979f3_rotated_360.png,2
data/D1/Mosaic/d0bcc8f1-faad-4e81-8b95-ada5a0be53ae_rotated_360.png,3
data/D1/Mosaic/download.png,3
data/D1/Mosaic/e0c4ce12-4fc2-40d8-9bb0-21df1ddd774b.png,3
data/D1/Mosaic/ee7cc37e-cfb1-4521-93eb-12c3d81e9ff0.png,1
data/D1/Mosaic/ee7cc37e-cfb1-4521-93eb-12c3d81e9ff0_rotated_360.png,1
data/D1/Mosaic/f3857e0c-a870-4cbe-9bb2-9795f7265b65_rotated_360.png,0
data/D1/Mosaic/ffea50ad-99c7-4dca-9b41-e332246b6ac9_rotated_90.png,0
data/D1/Mosaic/IMG20241024094237.png,4
data/D1/Mosaic/IMG20241024094237_rotated_270.png,0
data/D1/Mosaic/IMG20241024101109.png,3
data/D1/Mosaic/IMG20241024101109_rotated_360.png,3
data/D1/Mosaic/IMG20241024101344_rotated_180.png,3
data/D1/Mosaic/IMG20241024101937_rotated_360.png,2
data/D1/Mosaic/IMG20241024102226_rotated_360.png,4
data/D1/Mosaic/IMG20241024103411_rotated_90.png,1
data/D1/Mosaic/IMG20241024103548.png,3
data/D1/Mosaic/IMG20241031110735.png,4
data/D1/Mosaic/IMG20241031110939.png,1
data/D1/Mosaic/IMG_20230927_174937.jpg,0
data/D1/Mosaic/IMG_20230927_174943.jpg,0
data/D1/Mosaic/IMG_20230927_174951.jpg,0
data/D1/Mosaic/IMG_20230927_174958.jpg,0
data/D1/Mosaic/IMG_20230927_175005.jpg,4
data/D1/Mosaic/IMG_20230927_175012.jpg,2
data/D1/Mosaic/IMG_20230927_175014.jpg,2
data/D1/Mosaic/IMG_20230927_175021.jpg,2
data/D1/Mosaic/IMG_20230927_175027.jpg,2
data/D1/Mosaic/IMG_20230927_175033.jpg,1
data/D1/Mosaic/IMG_20230927_175049.jpg,3
data/D1/Mosaic/IMG_20230927_175056.jpg,2
data/D1/Mosaic/IMG_20230927_175101.jpg,4
data/D1/Mosaic/IMG_20230927_175128.jpg,0
data/D1/Mosaic/IMG_20230927_175134.jpg,0
data/D1/Mosaic/IMG_20230927_175135.jpg,0
data/D1/Mosaic/IMG_20230927_175140.jpg,0
data/D1/Mosaic/IMG_20230927_175148.jpg,1
data/D1/Mosaic/IMG_20231021_165932.jpg,0
data/D1/Mosaic/IMG_20231021_165952.jpg,1
data/D1/Mosaic/IMG_20231021_170001.jpg,0
data/D1/Mosaic/IMG_20231021_170018.jpg,0
data/D1/Mosaic/IMG_20231021_170027.jpg,0
data/D1/Mosaic/IMG_20231021_170037.jpg,0
data/D1/Mosaic/IMG_20231021_170041.jpg,0
data/D1/Mosaic/IMG_20231021_170059.jpg,0
data/D1/Mosaic/IMG_20231021_170115.jpg,0
data/D1/Mosaic/IMG_20231021_170121.jpg,0
data/D1/Mosaic/IMG_20231021_170126.jpg,0
data/D1/Mosaic/IMG_20231021_170129.jpg,0
data/D1/Mosaic/IMG_20231021_170134.jpg,4
data/D1/Mosaic/IMG_20231021_170137.jpg,0
data/D1/Mosaic/IMG_20231021_170152.jpg,0
data/D1/Mosaic/IMG_20231021_170202.jpg,2
data/D1/Mosaic/IMG_20231021_170207.jpg,0
data/D1/Mosaic/IMG_20231021_170212.jpg,2
data/D1/Mosaic/IMG_20231021_170218.jpg,4
data/D1/Mosaic/IMG_20231021_170223.jpg,0
data/D1/Mosaic/IMG_20231021_170238.jpg,2
data/D1/Mosaic/IMG_20231021_170241.jpg,2
data/D1/Mosaic/IMG_20231021_170243.jpg,2
data/D1/Mosaic/IMG_20231021_170246.jpg,2
data/D1/Mosaic/IMG_20231021_170306.jpg,0
data/D1/Mosaic/IMG_20231021_170315.jpg,0
data/D1/Mosaic/IMG_20231021_170321.jpg,0
data/D1/Mosaic/IMG_20231021_170337.jpg,1
data/D1/Mosaic/IMG_20231021_170343.jpg,2
data/D1/Mosaic/IMG_20231021_170354.jpg,3
data/D1/Mosaic/IMG_20231021_170401.jpg,3
data/D1/Mosaic/IMG_20231021_170410.jpg,0
data/D1/Mosaic/IMG_20231021_170419.jpg,0
data/D1/Mosaic/IMG_20231021_170425.jpg,2
data/D1/Mosaic/IMG_20231021_170429.jpg,4
data/D1/Mosaic/IMG_20231021_170432.jpg,0
data/D1/Mosaic/IMG_20231021_170434.jpg,0
data/D1/Mosaic/IMG_20231021_170455.jpg,0
data/D1/Mosaic/IMG_20231021_170502.jpg,0
data/D1/Mosaic/IMG_20231021_170522.jpg,3
data/D1/Mosaic/IMG_20231021_170528.jpg,0
data/D1/Mosaic/IMG_20231021_170537.jpg,0
data/D1/Mosaic/IMG_20231021_170546.jpg,1
data/D1/Mosaic/IMG_20231021_170549.jpg,0
data/D1/Mosaic/IMG_20231021_170551.jpg,0
data/D1/Mosaic/IMG_20231021_170559.jpg,0
data/D1/Mosaic/IMG_20231021_170605.jpg,0
data/D1/Mosaic/IMG_20231021_170611.jpg,0
data/D1/Mosaic/IMG_20231021_170616.jpg,0
data/D1/Mosaic/IMG_20231021_170621.jpg,0
data/D1/Mosaic/IMG_20231021_170634.jpg,4
data/D1/Mosaic/IMG_20231021_170643.jpg,2
data/D1/Mosaic/IMG_20231021_170654.jpg,3
data/D1/Mosaic/IMG_20231021_170656.jpg,3
data/D1/Mosaic/IMG_20231021_170709.jpg,0
data/D1/Mosaic/IMG_20231021_170715.jpg,0
data/D1/Mosaic/IMG_20231021_170722.jpg,2
data/D1/Mosaic/IMG_20231021_170726.jpg,0
data/D1/Mosaic/IMG_20231021_170735.jpg,3
data/D1/Mosaic/IMG_20231021_170738.jpg,1
data/D1/Mosaic/IMG_20231021_170740.jpg,0
data/D1/Mosaic/IMG_20231021_170741.jpg,0
data/D1/Mosaic/IMG_20231021_170745.jpg,4
data/D1/Mosaic/IMG_20231021_170751.jpg,4
data/D1/Mosaic/IMG_20231021_170755.jpg,0
data/D1/Mosaic/IMG_20231021_170759.jpg,1
data/D1/Mosaic/IMG_20231021_170803.jpg,0
data/D1/Mosaic/IMG_20231021_170808.jpg,1
data/D1/Mosaic/IMG_20231021_170812.jpg,0
data/D1/Mosaic/IMG_20231021_170818.jpg,3
data/D1/Mosaic/IMG_20231021_170819.jpg,3
data/D1/Mosaic/IMG_20231021_170821.jpg,3
data/D1/Mosaic/IMG_20231021_170822.jpg,3
data/D1/Mosaic/IMG_20231021_170824.jpg,0
data/D1/Mosaic/IMG_20231021_170827.jpg,0
data/D1/Mosaic/IMG_20231021_170830.jpg,0
data/D1/Mosaic/IMG_20231021_170834.jpg,4
data/D1/Mosaic/IMG_20231021_170839.jpg,4
data/D1/Mosaic/IMG_20231021_170842.jpg,4
data/D1/Mosaic/IMG_20231021_170847.jpg,3
data/D1/Mosaic/IMG_20231021_170855.jpg,4
data/D1/Mosaic/IMG_20231021_170908.jpg,4
data/D1/Mosaic/IMG_20231021_170913.jpg,0
data/D1/Mosaic/IMG_20231021_170918.jpg,2
data/D1/Mosaic/IMG_20231021_170931.jpg,2
data/D1/Mosaic/IMG_20231021_170940.jpg,3
data/D1/Mosaic/IMG_20231021_170946.jpg,0
data/D1/Mosaic/IMG_20231021_170951.jpg,4
data/D1/Mosaic/IMG_20231021_170954.jpg,3
data/D1/Mosaic/IMG_20231021_170957.jpg,2
data/D1/Mosaic/IMG_20231021_171002.jpg,3
data/D1/Mosaic/IMG_20231021_171006.jpg,1
data/D1/Mosaic/IMG_20231021_171010.jpg,4
data/D1/Mosaic/IMG_20231021_171024.jpg,0
data/D1/Mosaic/IMG_20231021_171035.jpg,0
data/D1/Mosaic/IMG_20231021_171045.jpg,0
data/D1/Mosaic/IMG_20231021_171053.jpg,1
data/D1/Mosaic/IMG_20231021_171100.jpg,0
data/D1/Mosaic/IMG_20231021_171107.jpg,0
data/D1/Mosaic/IMG_20231021_171113.jpg,0
data/D1/Mosaic/IMG_20231021_171118.jpg,0
data/D1/Mosaic/IMG_20231021_171121.jpg,0
data/D1/Mosaic/IMG_20231021_171123.jpg,0
data/D1/Mosaic/IMG_20231021_171125.jpg,0
data/D1/Mosaic/IMG_20231021_171127.jpg,0
data/D1/Mosaic/IMG_20231021_171130.jpg,0
data/D1/Mosaic/IMG_20231021_171143.jpg,0
data/D1/Mosaic/IMG_20231021_171151.jpg,0
data/D1/Mosaic/IMG_20231021_171159.jpg,4
data/D1/Mosaic/IMG_20231021_171201.jpg,4
data/D1/Mosaic/IMG_20231021_171211.jpg,3
data/D1/Mosaic/IMG_20231021_171218.jpg,0
data/D1/Mosaic/IMG_20231021_171220.jpg,0
data/D1/Mosaic/IMG_20231021_171222.jpg,0
data/D1/Mosaic/IMG_20231021_171223.jpg,0
data/D1/Mosaic/IMG_20231021_171226.jpg,0
data/D1/Mosaic/IMG_20231021_171314.jpg,0
data/D1/Mosaic/IMG_20231021_171316.jpg,0
data/D1/Mosaic/IMG_20231021_171318.jpg,0
data/D1/Mosaic/IMG_20231021_171320.jpg,0
data/D1/Mosaic/IMG_20231021_171337.jpg,3
data/D1/Mosaic/IMG_20231021_171339.jpg,4
data/D1/Mosaic/IMG_20231021_171342.jpg,2
data/D1/Mosaic/IMG_20231021_171347.jpg,0
data/D1/Mosaic/IMG_20231021_171355.jpg,0
data/D1/Mosaic/IMG_20231021_171359.jpg,3
data/D1/Mosaic/IMG_20231021_171402.jpg,3
data/D1/Mosaic/IMG_20231021_171406.jpg,4
data/D1/Mosaic/IMG_20231021_171410.jpg,1
data/D1/Mosaic/IMG_20231021_171417.jpg,1
data/D1/Mosaic/IMG_20231021_171422.jpg,2
data/D1/Mosaic/IMG_20231125_143923.jpg,4
data/D1/Mosaic/IMG_20231125_143926.jpg,4
data/D1/Mosaic/IMG_20231125_143930.jpg,2
data/D1/Mosaic/IMG_20231125_143932.jpg,2
data/D1/Mosaic/IMG_20231125_143943.jpg,3
data/D1/Mosaic/IMG_20231125_143945.jpg,3
data/D1/Mosaic/IMG_20231125_143948.jpg,3
data/D1/Mosaic/IMG_20231125_144023.jpg,3
data/D1/Mosaic/IMG_20231125_144025.jpg,3
data/D1/Mosaic/IMG_20231125_144034.jpg,2
data/D1/Mosaic/IMG_20231125_144040.jpg,0
data/D1/Mosaic/IMG_20231125_144042.jpg,0
data/D1/Mosaic/IMG_20231125_144049.jpg,2
data/D1/Mosaic/IMG_20231125_144050.jpg,2
data/D1/Mosaic/IMG_20231125_144057.jpg,1
data/D1/Mosaic/IMG_20231125_144105.jpg,3
data/D1/Mosaic/IMG_20231125_144112.jpg,3
data/D1/Mosaic/IMG_20231125_144117.jpg,3
data/D1/Mosaic/IMG_20231125_144121.jpg,3
data/D1/Mosaic/IMG_20231125_144210.jpg,3
data/D1/Mosaic/IMG_20231125_144214.jpg,3
data/D1/Mosaic/IMG_20231125_144218.jpg,3
data/D1/Mosaic/IMG_20231125_144227.jpg,2
data/D1/Mosaic/IMG_20231125_144228.jpg,2
data/D1/Mosaic/IMG_20231125_144232.jpg,2
data/D1/Mosaic/IMG_20231125_144241.jpg,1
data/D1/Mosaic/IMG_20231125_144244.jpg,1
data/D1/Mosaic/IMG_20231125_144246.jpg,1
data/D1/Mosaic/IMG_20231125_144352.jpg,3
data/D1/Mosaic/IMG_20231125_144354.jpg,3
data/D1/Mosaic/IMG_20231125_144356.jpg,3
data/D1/Mosaic/IMG_20231125_144402.jpg,0
data/D1/Mosaic/IMG_20231125_144403.jpg,0
data/D1/Mosaic/IMG_20231125_144410.jpg,2
data/D1/Mosaic/IMG_20231125_144412.jpg,2
data/D1/Mosaic/IMG_20231125_144415.jpg,2
data/D1/Mosaic/IMG_20231125_144416.jpg,2
data/D1/Mosaic/IMG_20231125_144423.jpg,1
data/D1/Mosaic/IMG_20231125_144424.jpg,1
data/D1/Mosaic/IMG_20231125_144425.jpg,1
data/D1/Mosaic/IMG_20231125_144437.jpg,3
data/D1/Mosaic/IMG_20231125_152819.jpg,2
data/D1/Mosaic/IMG_20231125_152820.jpg,2
data/D1/Mosaic/IMG_20231125_152821.jpg,2
data/D1/Mosaic/IMG_20231125_152826.jpg,2
data/D1/Mosaic/IMG_20231125_152826_1.jpg,2
data/D1/Mosaic/IMG_20231125_152830.jpg,2
data/D1/Mosaic/IMG_20231125_152831.jpg,2
data/D1/Mosaic/IMG_20231125_152843.jpg,2
data/D1/Mosaic/IMG_20231125_152844.jpg,2
data/D1/Mosaic/IMG_20231125_152850.jpg,2
data/D1/Mosaic/IMG_20231125_152853.jpg,1
data/D1/Mosaic/IMG_20231125_152855.jpg,1
data/D1/Mosaic/IMG_20231125_152859.jpg,3
data/D1/Mosaic/IMG_20231125_152905.jpg,4
data/D1/Mosaic/IMG_20231125_152912.jpg,2
data/D1/Mosaic/IMG_20231125_152920.jpg,2
data/D1/Mosaic/IMG_20231125_152926.jpg,2
data/D1/Mosaic/IMG_20231125_152928.jpg,2
data/D1/Mosaic/IMG_20231125_152930.jpg,2
data/D1/Mosaic/IMG_20231125_152934.jpg,2
data/D1/Mosaic/IMG_20231125_152939.jpg,2
data/D1/Mosaic/IMG_20231125_152943.jpg,2
data/D1/Mosaic/IMG_20241103_145056.png,2
data/D1/Mosaic/IMG_20241103_145226.png,1
data/D1/Mosaic/Screenshot 2024-10-28 191458_rotated_270.png,0
data/D1/Mosaic/Screenshot 2024-10-28 191526_rotated_180.png,1
data/D1/Mosaic/Screenshot 2024-10-28 191526_rotated_360.png,4
data/D1/Mosaic/Screenshot 2024-10-28 191704_rotated_180.png,1
data/D1/Mosaic/Screenshot 2024-10-28 191704_rotated_360.png,3
data/D1/Mosaic/Screenshot 2024-10-28 191830.png,1
data/D1/Mosaic/Screenshot 2024-10-28 191830_rotated_360.png,1
data/D1/Mosaic/Screenshot 2024-10-28 192241_rotated_270.png,3
data/D1/Mosaic/Screenshot 2024-10-28 192241_rotated_90.png,3
data/D1/Mosaic/Screenshot 2024-10-28 192246.png,2
data/D1/Mosaic/Screenshot 2024-10-28 192246_rotated_180.png,0
data/D1/Mosaic/Screenshot 2024-10-28 192755.png,3
data/D1/Mosaic/Screenshot 2024-10-28 192755_rotated_360.png,3
data/D1/Ringspot/0725ba76-4889-448d-8d85-8c348ce9a2fe - Copy.png,3
data/D1/Ringspot/0a2ecbe4-7004-44d7-b356-966a11a18c7e - Copy.png,2
data/D1/Ringspot/19c48676-d5b7-450e-85e3-b648490ff08b.png,4
data/D1/Ringspot/2fc1b718-2e5f-4fd7-bedb-6168ff5f1ae9 - Copy.png,1
data/D1/Ringspot/36bd4d69-d101-44f5-be18-e2ebe25c87cf.png,1
data/D1/Ringspot/4ea85800-df24-4721-afda-c1430bea8b98 - Copy.png,4
data/D1/Ringspot/50f90c00-340c-47b1-9039-c29d3b5a50c9_rotated_270.png,0
data/D1/Ringspot/7587860d-35e3-4873-940f-6eecbe967067 - Copy.png,3
data/D1/Ringspot/7a31524a-bc63-499b-b03e-e2d094d51e8f.png,2
data/D1/Ringspot/7a31524a-bc63-499b-b03e-e2d094d51e8f_rotated_360.png,2
data/D1/Ringspot/8d18477b-df75-4079-bc21-3fd593516d12.png,0
data/D1/Ringspot/8d18477b-df75-4079-bc21-3fd593516d12_rotated_135.png,0
data/D1/Ringspot/94ddd29d-64ef-43b4-8f49-e96950b90bf9 - Copy.png,3
data/D1/Ringspot/9571f8f6-91c5-4d87-89ad-ed574754f46a_rotated_270 - Copy.png,0
data/D1/Ringspot/9d967224-e3fc-4eb2-8724-8935ab3d3f9f.png,4
data/D1/Ringspot/9d967224-e3fc-4eb2-8724-8935ab3d3f9f_rotated_360 - Copy.png,4
data/D1/Ringspot/_storage_emulated_0_DCIM_Camera_IMG_20231021_154638.jpg,3
data/D1/Ringspot/a450141f-397c-4ebb-be3b-a37c4d2cab6b_rotated_360.png,1
data/D1/Ringspot/Anthracnose_increased_1.png,3
data/D1/Ringspot/Anthracnose_increased_10.png,2
data/D1/Ringspot/Anthracnose_increased_100.png,4
data/D1/Ringspot/Anthracnose_increased_101.png,4
data/D1/Ringspot/Anthracnose_increased_102.png,1
data/D1/Ringspot/Anthracnose_increased_103.png,4
data/D1/Ringspot/Anthracnose_increased_104.png,3
data/D1/Ringspot/Anthracnose_increased_105.png,4
data/D1/Ringspot/Anthracnose_increased_106.png,4
data/D1/Ringspot/Anthracnose_increased_107.png,1
data/D1/Ringspot/Anthracnose_increased_108.png,4
data/D1/Ringspot/Anthracnose_increased_109.png,4
data/D1/Ringspot/Anthracnose_increased_11.png,0
data/D1/Ringspot/Anthracnose_increased_110.png,4
data/D1/Ringspot/Anthracnose_increased_111.png,4
data/D1/Ringspot/Anthracnose_increased_112.png,2
data/D1/Ringspot/Anthracnose_increased_113.png,1
data/D1/Ringspot/Anthracnose_increased_114.png,4
data/D1/Ringspot/Anthracnose_increased_115.png,2
data/D1/Ringspot/Anthracnose_increased_116.png,4
data/D1/Ringspot/Anthracnose_increased_117.png,3
data/D1/Ringspot/Anthracnose_increased_118.png,1
data/D1/Ringspot/Anthracnose_increased_119.png,4
data/D1/Ringspot/Anthracnose_increased_12.png,0
data/D1/Ringspot/Anthracnose_increased_120.png,4
data/D1/Ringspot/Anthracnose_increased_121.png,4
data/D1/Ringspot/Anthracnose_increased_122.png,4
data/D1/Ringspot/Anthracnose_increased_123.png,0
data/D1/Ringspot/Anthracnose_increased_124.png,1
data/D1/Ringspot/Anthracnose_increased_125.png,4
data/D1/Ringspot/Anthracnose_increased_126.png,4
data/D1/Ringspot/Anthracnose_increased_127.png,1
data/D1/Ringspot/Anthracnose_increased_128.png,4
data/D1/Ringspot/Anthracnose_increased_129.png,4
data/D1/Ringspot/Anthracnose_increased_13.png,3
data/D1/Ringspot/Anthracnose_increased_130.png,4
data/D1/Ringspot/Anthracnose_increased_131.png,4
data/D1/Ringspot/Anthracnose_increased_132.png,4
data/D1/Ringspot/Anthracnose_increased_133.png,3
data/D1/Ringspot/Anthracnose_increased_134.png,3
data/D1/Ringspot/Anthracnose_increased_135.png,3
data/D1/Ringspot/Anthracnose_increased_136.png,2
data/D1/Ringspot/Anthracnose_increased_137.png,2
data/D1/Ringspot/Anthracnose_increased_138.png,3
data/D1/Ringspot/Anthracnose_increased_139.png,3
data/D1/Ringspot/Anthracnose_increased_14.png,0
data/D1/Ringspot/Anthracnose_increased_140.png,3
data/D1/Ringspot/Anthracnose_increased_141.png,3
data/D1/Ringspot/Anthracnose_increased_142.png,3
data/D1/Ringspot/Anthracnose_increased_143.png,3
data/D1/Ringspot/Anthracnose_increased_144.png,3
data/D1/Ringspot/Anthracnose_increased_145.png,3
data/D1/Ringspot/Anthracnose_increased_146.png,4
data/D1/Ringspot/Anthracnose_increased_147.png,3
data/D1/Ringspot/Anthracnose_increased_148.png,3
data/D1/Ringspot/Anthracnose_increased_149.png,3
data/D1/Ringspot/Anthracnose_increased_15.png,4
data/D1/Ringspot/Anthracnose_increased_150.png,3
data/D1/Ringspot/Anthracnose_increased_151.png,3
data/D1/Ringspot/Anthracnose_increased_152.png,3
data/D1/Ringspot/Anthracnose_increased_153.png,3
data/D1/Ringspot/Anthracnose_increased_154.png,3
data/D1/Ringspot/Anthracnose_increased_155.png,3
data/D1/Ringspot/Anthracnose_increased_156.png,3
data/D1/Ringspot/Anthracnose_increased_157.png,3
data/D1/Ringspot/Anthracnose_increased_158.png,3
data/D1/Ringspot/Anthracnose_increased_159.png,3
data/D1/Ringspot/Anthracnose_increased_16.png,4
data/D1/Ringspot/Anthracnose_increased_160.png,3
data/D1/Ringspot/Anthracnose_increased_161.png,2
data/D1/Ringspot/Anthracnose_increased_162.png,2
data/D1/Ringspot/Anthracnose_increased_163.png,2
data/D1/Ringspot/Anthracnose_increased_164.png,2
data/D1/Ringspot/Anthracnose_increased_165.png,1
data/D1/Ringspot/Anthracnose_increased_166.png,3
data/D1/Ringspot/Anthracnose_increased_167.png,4
data/D1/Ringspot/Anthracnose_increased_168.png,2
data/D1/Ringspot/Anthracnose_increased_169.png,2
data/D1/Ringspot/Anthracnose_increased_17.png,1
data/D1/Ringspot/Anthracnose_increased_170.png,2
data/D1/Ringspot/Anthracnose_increased_171.png,2
data/D1/Ringspot/Anthracnose_increased_172.png,2
data/D1/Ringspot/Anthracnose_increased_173.png,2
data/D1/Ringspot/Anthracnose_increased_174.png,2
data/D1/Ringspot/Anthracnose_increased_175.png,2
data/D1/Ringspot/Anthracnose_increased_176.png,2
data/D1/Ringspot/Anthracnose_increased_177.png,2
data/D1/Ringspot/Anthracnose_increased_178.png,2
data/D1/Ringspot/Anthracnose_increased_179.png,2
data/D1/Ringspot/Anthracnose_increased_18.png,3
data/D1/Ringspot/Anthracnose_increased_180.png,2
data/D1/Ringspot/Anthracnose_increased_181.png,2
data/D1/Ringspot/Anthracnose_increased_182.png,2
data/D1/Ringspot/Anthracnose_increased_183.png,2
data/D1/Ringspot/Anthracnose_increased_184.png,2
data/D1/Ringspot/Anthracnose_increased_185.png,2
data/D1/Ringspot/Anthracnose_increased_186.png,2
data/D1/Ringspot/Anthracnose_increased_187.png,2
data/D1/Ringspot/Anthracnose_increased_188.png,2
data/D1/Ringspot/Anthracnose_increased_189.png,2
data/D1/Ringspot/Anthracnose_increased_19.png,2
data/D1/Ringspot/Anthracnose_increased_190.png,2
data/D1/Ringspot/Anthracnose_increased_191.png,2
data/D1/Ringspot/Anthracnose_increased_192.png,2
data/D1/Ringspot/Anthracnose_increased_193.png,2
data/D1/Ringspot/Anthracnose_increased_194.png,2
data/D1/Ringspot/Anthracnose_increased_195.png,2
data/D1/Ringspot/Anthracnose_increased_196.png,2
data/D1/Ringspot/Anthracnose_increased_197.png,2
data/D1/Ringspot/Anthracnose_increased_198.png,2
data/D1/Ringspot/Anthracnose_increased_199.png,2
data/D1/Ringspot/Anthracnose_increased_2.png,2
data/D1/Ringspot/Anthracnose_increased_20.png,0
data/D1/Ringspot/Anthracnose_increased_200.png,3
data/D1/Ringspot/Anthracnose_increased_201.png,3
data/D1/Ringspot/Anthracnose_increased_202.png,3
data/D1/Ringspot/Anthracnose_increased_203.png,3
data/D1/Ringspot/Anthracnose_increased_204.png,3
data/D1/Ringspot/Anthracnose_increased_205.png,3
data/D1/Ringspot/Anthracnose_increased_206.png,3
data/D1/Ringspot/Anthracnose_increased_207.png,2
data/D1/Ringspot/Anthracnose_increased_208.png,0
data/D1/Ringspot/Anthracnose_increased_209.png,3
data/D1/Ringspot/Anthracnose_increased_21.png,4
data/D1/Ringspot/Anthracnose_increased_210.png,3
data/D1/Ringspot/Anthracnose_increased_211.png,3
data/D1/Ringspot/Anthracnose_increased_212.png,3
data/D1/Ringspot/Anthracnose_increased_213.png,3
data/D1/Ringspot/Anthracnose_increased_214.png,3
data/D1/Ringspot/Anthracnose_increased_215.png,3
data/D1/Ringspot/Anthracnose_increased_216.png,3
data/D1/Ringspot/Anthracnose_increased_217.png,3
data/D1/Ringspot/Anthracnose_increased_218.png,3
data/D1/Ringspot/Anthracnose_increased_219.png,3
data/D1/Ringspot/Anthracnose_increased_22.png,0
data/D1/Ringspot/Anthracnose_increased_220.png,3
data/D1/Ringspot/Anthracnose_increased_221.png,3
data/D1/Ringspot/Anthracnose_increased_222.png,3
data/D1/Ringspot/Anthracnose_increased_223.png,3
data/D1/Ringspot/Anthracnose_increased_224.png,3
data/D1/Ringspot/Anthracnose_increased_225.png,3
data/D1/Ringspot/Anthracnose_increased_226.png,3
data/D1/Ringspot/Anthracnose_increased_227.png,3
data/D1/Ringspot/Anthracnose_increased_228.png,3
data/D1/Ringspot/Anthracnose_increased_229.png,3
data/D1/Ringspot/Anthracnose_increased_23.png,0
data/D1/Ringspot/Anthracnose_increased_230.png,1
data/D1/Ringspot/Anthracnose_increased_231.png,1
data/D1/Ringspot/Anthracnose_increased_232.png,2
data/D1/Ringspot/Anthracnose_increased_233.png,3
data/D1/Ringspot/Anthracnose_increased_234.png,3
data/D1/Ringspot/Anthracnose_increased_235.png,3
data/D1/Ringspot/Anthracnose_increased_236.png,3
data/D1/Ringspot/Anthracnose_increased_237.png,3
data/D1/Ringspot/Anthracnose_increased_238.png,3
data/D1/Ringspot/Anthracnose_increased_239.png,2
data/D1/Ringspot/Anthracnose_increased_24.png,1
data/D1/Ringspot/Anthracnose_increased_240.png,2
data/D1/Ringspot/Anthracnose_increased_241.png,2
data/D1/Ringspot/Anthracnose_increased_242.png,2
data/D1/Ringspot/Anthracnose_increased_243.png,2
data/D1/Ringspot/Anthracnose_increased_244.png,3
data/D1/Ringspot/Anthracnose_increased_245.png,0
data/D1/Ringspot/Anthracnose_increased_246.png,0
data/D1/Ringspot/Anthracnose_increased_247.png,2
data/D1/Ringspot/Anthracnose_increased_248.png,2
data/D1/Ringspot/Anthracnose_increased_249.png,2
data/D1/Ringspot/Anthracnose_increased_25.png,1
data/D1/Ringspot/Anthracnose_increased_250.png,2
data/D1/Ringspot/Anthracnose_increased_251.png,2
data/D1/Ringspot/Anthracnose_increased_252.png,2
data/D1/Ringspot/Anthracnose_increased_253.png,1
data/D1/Ringspot/Anthracnose_increased_254.png,0
data/D1/Ringspot/Anthracnose_increased_255.png,0
data/D1/Ringspot/Anthracnose_increased_256.png,1
data/D1/Ringspot/Anthracnose_increased_257.png,1
data/D1/Ringspot/Anthracnose_increased_258.png,2
data/D1/Ringspot/Anthracnose_increased_259.png,0
data/D1/Ringspot/Anthracnose_increased_26.png,4
data/D1/Ringspot/Anthracnose_increased_260.png,3
data/D1/Ringspot/Anthracnose_increased_261.png,4
data/D1/Ringspot/Anthracnose_increased_262.png,0
data/D1/Ringspot/Anthracnose_increased_263.png,0
data/D1/Ringspot/Anthracnose_increased_264.png,0
data/D1/Ringspot/Anthracnose_increased_265.png,3
data/D1/Ringspot/Anthracnose_increased_27.png,4
data/D1/Ringspot/Anthracnose_increased_28.png,4
data/D1/Ringspot/Anthracnose_increased_29.png,4
data/D1/Ringspot/Anthracnose_increased_3.png,4
data/D1/Ringspot/Anthracnose_increased_30.png,4
data/D1/Ringspot/Anthracnose_increased_31.png,4
data/D1/Ringspot/Anthracnose_increased_32.png,4
data/D1/Ringspot/Anthracnose_increased_33.png,4
data/D1/Ringspot/Anthracnose_increased_34.png,4
data/D1/Ringspot/Anthracnose_increased_35.png,2
data/D1/Ringspot/Anthracnose_increased_36.png,4
data/D1/Ringspot/Anthracnose_increased_37.png,2
data/D1/Ringspot/Anthracnose_increased_38.png,4
data/D1/Ringspot/Anthracnose_increased_39.png,4
data/D1/Ringspot/Anthracnose_increased_4.png,1
data/D1/Ringspot/Anthracnose_increased_40.png,4
data/D1/Ringspot/Anthracnose_increased_41.png,4
data/D1/Ringspot/Anthracnose_increased_42.png,4
data/D1/Ringspot/Anthracnose_increased_43.png,4
data/D1/Ringspot/Anthracnose_increased_44.png,4
data/D1/Ringspot/Anthracnose_increased_45.png,0
data/D1/Ringspot/Anthracnose_increased_46.png,4
data/D1/Ringspot/Anthracnose_increased_47.png,4
data/D1/Ringspot/Anthracnose_increased_48.png,4
data/D1/Ringspot/Anthracnose_increased_49.png,4
data/D1/Ringspot/Anthracnose_increased_5.png,1
data/D1/Ringspot/Anthracnose_increased_50.png,4
data/D1/Ringspot/Anthracnose_increased_51.png,4
data/D1/Ringspot/Anthracnose_increased_52.png,4
data/D1/Ringspot/Anthracnose_increased_53.png,4
data/D1/Ringspot/Anthracnose_increased_54.png,3
data/D1/Ringspot/Anthracnose_increased_55.png,4
data/D1/Ringspot/Anthracnose_increased_56.png,4
data/D1/Ringspot/Anthracnose_increased_57.png,4
data/D1/Ringspot/Anthracnose_increased_58.png,4
data/D1/Ringspot/Anthracnose_increased_59.png,4
data/D1/Ringspot/Anthracnose_increased_6.png,4
data/D1/Ringspot/Anthracnose_increased_60.png,4
data/D1/Ringspot/Anthracnose_increased_61.png,4
data/D1/Ringspot/Anthracnose_increased_62.png,4
data/D1/Ringspot/Anthracnose_increased_63.png,4
data/D1/Ringspot/Anthracnose_increased_64.png,4
data/D1/Ringspot/Anthracnose_increased_65.png,4
data/D1/Ringspot/Anthracnose_increased_66.png,1
data/D1/Ringspot/Anthracnose_increased_67.png,4
data/D1/Ringspot/Anthracnose_increased_68.png,4
data/D1/Ringspot/Anthracnose_increased_69.png,4
data/D1/Ringspot/Anthracnose_increased_7.png,0
data/D1/Ringspot/Anthracnose_increased_70.png,4
data/D1/Ringspot/Anthracnose_increased_71.png,4
data/D1/Ringspot/Anthracnose_increased_72.png,4
data/D1/Ringspot/Anthracnose_increased_73.png,4
data/D1/Ringspot/Anthracnose_increased_74.png,4
data/D1/Ringspot/Anthracnose_increased_75.png,4
data/D1/Ringspot/Anthracnose_increased_76.png,1
data/D1/Ringspot/Anthracnose_increased_77.png,4
data/D1/Ringspot/Anthracnose_increased_78.png,1
data/D1/Ringspot/Anthracnose_increased_79.png,0
data/D1/Ringspot/Anthracnose_increased_8.png,3
data/D1/Ringspot/Anthracnose_increased_80.png,2
data/D1/Ringspot/Anthracnose_increased_81.png,1
data/D1/Ringspot/Anthracnose_increased_82.png,0
data/D1/Ringspot/Anthracnose_increased_83.png,4
data/D1/Ringspot/Anthracnose_increased_84.png,3
data/D1/Ringspot/Anthracnose_increased_85.png,0
data/D1/Ringspot/Anthracnose_increased_86.png,1
data/D1/Ringspot/Anthracnose_increased_87.png,0
data/D1/Ringspot/Anthracnose_increased_88.png,1
data/D1/Ringspot/Anthracnose_increased_89.png,0
data/D1/Ringspot/Anthracnose_increased_9.png,2
data/D1/Ringspot/Anthracnose_increased_90.png,1
data/D1/Ringspot/Anthracnose_increased_91.png,3
data/D1/Ringspot/Anthracnose_increased_92.png,1
data/D1/Ringspot/Anthracnose_increased_93.png,1
data/D1/Ringspot/Anthracnose_increased_94.png,3
data/D1/Ringspot/Anthracnose_increased_95.png,2
data/D1/Ringspot/Anthracnose_increased_96.png,2
data/D1/Ringspot/Anthracnose_increased_97.png,2
data/D1/Ringspot/Anthracnose_increased_98.png,2
data/D1/Ringspot/Anthracnose_increased_99.png,2
data/D1/Ringspot/bb1808a3-047c-43fc-a3e9-89ad2d7a20b0_rotated_360.png,3
data/D1/Ringspot/ca01803c-ba9e-4f02-9fb8-d06302d906c9.png,2
data/D1/Ringspot/f3857e0c-a870-4cbe-9bb2-9795f7265b65_rotated_270.png,0
data/D1/Ringspot/ffea50ad-99c7-4dca-9b41-e332246b6ac9.png,4
data/D1/Ringspot/IMG20241024093421.png,0
data/D1/Ringspot/IMG20241024095704_rotated_90.png,0
data/D1/Ringspot/IMG20241024095908.png,1
data/D1/Ringspot/IMG20241024095908_rotated_360.png,1
data/D1/Ringspot/IMG_20230926_182700.jpg,4
data/D1/Ringspot/IMG_20230926_182738.jpg,4
data/D1/Ringspot/IMG_20230926_182844.jpg,4
data/D1/Ringspot/IMG_20230926_182856.jpg,4
data/D1/Ringspot/IMG_20230926_182907.jpg,4
data/D1/Ringspot/IMG_20230926_182950.jpg,4
data/D1/Ringspot/IMG_20230926_183011.jpg,4
data/D1/Ringspot/IMG_20230926_183027.jpg,4
data/D1/Ringspot/IMG_20230926_183048.jpg,4
data/D1/Ringspot/IMG_20230926_183113.jpg,2
data/D1/Ringspot/IMG_20230926_183126.jpg,4
data/D1/Ringspot/IMG_20230926_183304.jpg,2
data/D1/Ringspot/IMG_20230926_183336.jpg,4
data/D1/Ringspot/IMG_20230926_183405.jpg,4
data/D1/Ringspot/IMG_20230926_183428.jpg,4
data/D1/Ringspot/IMG_20230926_183455.jpg,4
data/D1/Ringspot/IMG_20231021_152944.jpg,4
data/D1/Ringspot/IMG_20231021_153013.jpg,4
data/D1/Ringspot/IMG_20231021_153032.jpg,4
data/D1/Ringspot/IMG_20231021_153043.jpg,0
data/D1/Ringspot/IMG_20231021_153051.jpg,4
data/D1/Ringspot/IMG_20231021_153105.jpg,4
data/D1/Ringspot/IMG_20231021_153112.jpg,4
data/D1/Ringspot/IMG_20231021_153132.jpg,4
data/D1/Ringspot/IMG_20231021_153136.jpg,4
data/D1/Ringspot/IMG_20231021_153141.jpg,4
data/D1/Ringspot/IMG_20231021_153158.jpg,4
data/D1/Ringspot/IMG_20231021_153219.jpg,4
data/D1/Ringspot/IMG_20231021_153228.jpg,3
data/D1/Ringspot/IMG_20231021_153232.jpg,4
data/D1/Ringspot/IMG_20231021_153247.jpg,4
data/D1/Ringspot/IMG_20231021_153253.jpg,4
data/D1/Ringspot/IMG_20231021_153301.jpg,4
data/D1/Ringspot/IMG_20231021_153316.jpg,4
data/D1/Ringspot/IMG_20231021_153322.jpg,4
data/D1/Ringspot/IMG_20231021_153333.jpg,4
data/D1/Ringspot/IMG_20231021_153347.jpg,4
data/D1/Ringspot/IMG_20231021_153358.jpg,4
data/D1/Ringspot/IMG_20231021_153405.jpg,4
data/D1/Ringspot/IMG_20231021_153413.jpg,4
data/D1/Ringspot/IMG_20231021_153422.jpg,1
data/D1/Ringspot/IMG_20231021_153434.jpg,4
data/D1/Ringspot/IMG_20231021_153452.jpg,4
data/D1/Ringspot/IMG_20231021_153457.jpg,4
data/D1/Ringspot/IMG_20231021_153518.jpg,4
data/D1/Ringspot/IMG_20231021_153521.jpg,4
data/D1/Ringspot/IMG_20231021_153523.jpg,4
data/D1/Ringspot/IMG_20231021_153528.jpg,4
data/D1/Ringspot/IMG_20231021_153540.jpg,4
data/D1/Ringspot/IMG_20231021_153545.jpg,4
data/D1/Ringspot/IMG_20231021_153554.jpg,1
data/D1/Ringspot/IMG_20231021_153600.jpg,4
data/D1/Ringspot/IMG_20231021_153606.jpg,1
data/D1/Ringspot/IMG_20231021_153611.jpg,0
data/D1/Ringspot/IMG_20231021_153616.jpg,2
data/D1/Ringspot/IMG_20231021_153622.jpg,1
data/D1/Ringspot/IMG_20231021_153634.jpg,0
data/D1/Ringspot/IMG_20231021_153655.jpg,4
data/D1/Ringspot/IMG_20231021_153658.jpg,3
data/D1/Ringspot/IMG_20231021_153707.jpg,0
data/D1/Ringspot/IMG_20231021_153715.jpg,1
data/D1/Ringspot/IMG_20231021_153725.jpg,0
data/D1/Ringspot/IMG_20231021_153734.jpg,1
data/D1/Ringspot/IMG_20231021_153741.jpg,0
data/D1/Ringspot/IMG_20231021_153747.jpg,1
data/D1/Ringspot/IMG_20231021_153754.jpg,3
data/D1/Ringspot/IMG_20231021_153800.jpg,1
data/D1/Ringspot/IMG_20231021_153804.jpg,1
data/D1/Ringspot/IMG_20231021_153812.jpg,3
data/D1/Ringspot/IMG_20231021_153816.jpg,2
data/D1/Ringspot/IMG_20231021_153819.jpg,2
data/D1/Ringspot/IMG_20231021_153821.jpg,2
data/D1/Ringspot/IMG_20231021_153824.jpg,2
data/D1/Ringspot/IMG_20231021_153826.jpg,2
data/D1/Ringspot/IMG_20231021_153910.jpg,4
data/D1/Ringspot/IMG_20231021_153921.jpg,4
data/D1/Ringspot/IMG_20231021_153930.jpg,1
data/D1/Ringspot/IMG_20231021_153938.jpg,4
data/D1/Ringspot/IMG_20231021_153950.jpg,3
data/D1/Ringspot/IMG_20231021_153954.jpg,4
data/D1/Ringspot/IMG_20231021_154000.jpg,4
data/D1/Ringspot/IMG_20231021_154011.jpg,1
data/D1/Ringspot/IMG_20231021_154021.jpg,4
data/D1/Ringspot/IMG_20231021_154025.jpg,4
data/D1/Ringspot/IMG_20231021_154027.jpg,4
data/D1/Ringspot/IMG_20231021_154029.jpg,4
data/D1/Ringspot/IMG_20231021_154052.jpg,2
data/D1/Ringspot/IMG_20231021_154105.jpg,1
data/D1/Ringspot/IMG_20231021_154112.jpg,4
data/D1/Ringspot/IMG_20231021_154117.jpg,2
data/D1/Ringspot/IMG_20231021_154128.jpg,4
data/D1/Ringspot/IMG_20231021_154139.jpg,3
data/D1/Ringspot/IMG_20231021_154148.jpg,1
data/D1/Ringspot/IMG_20231021_154207.jpg,4
data/D1/Ringspot/IMG_20231021_154211.jpg,4
data/D1/Ringspot/IMG_20231021_154220.jpg,4
data/D1/Ringspot/IMG_20231021_154226.jpg,4
data/D1/Ringspot/IMG_20231021_154235.jpg,0
data/D1/Ringspot/IMG_20231021_154245.jpg,1
data/D1/Ringspot/IMG_20231021_154309.jpg,4
data/D1/Ringspot/IMG_20231021_154316.jpg,4
data/D1/Ringspot/IMG_20231021_154327.jpg,1
data/D1/Ringspot/IMG_20231021_154332.jpg,4
data/D1/Ringspot/IMG_20231021_154337.jpg,4
data/D1/Ringspot/IMG_20231021_154338.jpg,4
data/D1/Ringspot/IMG_20231021_154350.jpg,4
data/D1/Ringspot/IMG_20231021_154352.jpg,4
data/D1/Ringspot/IMG_20231021_154418.jpg,3
data/D1/Ringspot/IMG_20231021_154428.jpg,3
data/D1/Ringspot/IMG_20231021_154435.jpg,3
data/D1/Ringspot/IMG_20231021_154450.jpg,2
data/D1/Ringspot/IMG_20231021_154458.jpg,2
data/D1/Ringspot/IMG_20231021_154503.jpg,3
data/D1/Ringspot/IMG_20231021_154511.jpg,3
data/D1/Ringspot/IMG_20231021_154526.jpg,3
data/D1/Ringspot/IMG_20231021_154527.jpg,3
data/D1/Ringspot/IMG_20231021_154530.jpg,3
data/D1/Ringspot/IMG_20231021_154548.jpg,3
data/D1/Ringspot/IMG_20231021_154554.jpg,3
data/D1/Ringspot/IMG_20231021_154620.jpg,3
data/D1/Ringspot/IMG_20231021_154645.jpg,4
data/D1/Ringspot/IMG_20231125_144553.jpg,3
data/D1/Ringspot/IMG_20231125_144556.jpg,3
data/D1/Ringspot/IMG_20231125_144557.jpg,3
data/D1/Ringspot/IMG_20231125_144602.jpg,3
data/D1/Ringspot/IMG_20231125_144603.jpg,3
data/D1/Ringspot/IMG_20231125_144728.jpg,3
data/D1/Ringspot/IMG_20231125_144729.jpg,3
data/D1/Ringspot/IMG_20231125_144731.jpg,3
data/D1/Ringspot/IMG_20231125_144733.jpg,3
data/D1/Ringspot/IMG_20231125_144734.jpg,3
data/D1/Ringspot/IMG_20231125_144744.jpg,3
data/D1/Ringspot/IMG_20231125_144746.jpg,3
data/D1/Ringspot/IMG_20231125_144747.jpg,3
data/D1/Ringspot/IMG_20231125_144749.jpg,3
data/D1/Ringspot/IMG_20231125_144806.jpg,2
data/D1/Ringspot/IMG_20231125_144807.jpg,2
data/D1/Ringspot/IMG_20231125_144808.jpg,2
data/D1/Ringspot/IMG_20231125_144809.jpg,2
data/D1/Ringspot/IMG_20231125_144815.jpg,1
data/D1/Ringspot/IMG_20231125_144818.jpg,3
data/D1/Ringspot/IMG_20231125_144820.jpg,4
data/D1/Ringspot/IMG_20231125_145054.jpg,2
data/D1/Ringspot/IMG_20231125_145055.jpg,2
data/D1/Ringspot/IMG_20231125_145101.jpg,2
data/D1/Ringspot/IMG_20231125_145102.jpg,2
data/D1/Ringspot/IMG_20231125_145105.jpg,2
data/D1/Ringspot/IMG_20231125_145106.jpg,2
data/D1/Ringspot/IMG_20231125_145113.jpg,2
data/D1/Ringspot/IMG_20231125_145115.jpg,2
data/D1/Ringspot/IMG_20231125_145116.jpg,2
data/D1/Ringspot/IMG_20231125_145123.jpg,2
data/D1/Ringspot/IMG_20231125_145124.jpg,2
data/D1/Ringspot/IMG_20231125_145127.jpg,2
data/D1/Ringspot/IMG_20231125_145128.jpg,2
data/D1/Ringspot/IMG_20231125_145134.jpg,2
data/D1/Ringspot/IMG_20231125_145135.jpg,2
data/D1/Ringspot/IMG_20231125_145152.jpg,2
data/D1/Ringspot/IMG_20231125_145154.jpg,2
data/D1/Ringspot/IMG_20231125_145155.jpg,2
data/D1/Ringspot/IMG_20231125_145200.jpg,2
data/D1/Ringspot/IMG_20231125_145203.jpg,2
data/D1/Ringspot/IMG_20231125_145203_1.jpg,2
data/D1/Ringspot/IMG_20231125_145210.jpg,2
data/D1/Ringspot/IMG_20231125_145213.jpg,2
data/D1/Ringspot/IMG_20231125_145214.jpg,2
data/D1/Ringspot/IMG_20231125_145219.jpg,2
data/D1/Ringspot/IMG_20231125_145222.jpg,2
data/D1/Ringspot/IMG_20231125_145223.jpg,2
data/D1/Ringspot/IMG_20231125_145229.jpg,2
data/D1/Ringspot/IMG_20231125_145236.jpg,2
data/D1/Ringspot/IMG_20231125_145330.jpg,2
data/D1/Ringspot/IMG_20231125_145333.jpg,2
data/D1/Ringspot/IMG_20231125_145334.jpg,2
data/D1/Ringspot/IMG_20231125_150047.jpg,3
data/D1/Ringspot/IMG_20231125_150048.jpg,3
data/D1/Ringspot/IMG_20231125_150049.jpg,3
data/D1/Ringspot/IMG_20231125_150050.jpg,3
data/D1/Ringspot/IMG_20231125_150056.jpg,3
data/D1/Ringspot/IMG_20231125_150056_1.jpg,3
data/D1/Ringspot/IMG_20231125_150057.jpg,3
data/D1/Ringspot/IMG_20231125_150120.jpg,2
data/D1/Ringspot/IMG_20231125_150121.jpg,0
data/D1/Ringspot/IMG_20231125_150130.jpg,3
data/D1/Ringspot/IMG_20231125_150131.jpg,3
data/D1/Ringspot/IMG_20231125_150134.jpg,3
data/D1/Ringspot/IMG_20231125_150141.jpg,3
data/D1/Ringspot/IMG_20231125_150142.jpg,3
data/D1/Ringspot/IMG_20231125_150145.jpg,3
data/D1/Ringspot/IMG_20231125_150148.jpg,3
data/D1/Ringspot/IMG_20231125_150154.jpg,3
data/D1/Ringspot/IMG_20231125_150224.jpg,3
data/D1/Ringspot/IMG_20231125_150231.jpg,3
data/D1/Ringspot/IMG_20231125_150248.jpg,3
data/D1/Ringspot/IMG_20231125_150252.jpg,3
data/D1/Ringspot/IMG_20231125_150253.jpg,3
data/D1/Ringspot/IMG_20231125_150258.jpg,3
data/D1/Ringspot/IMG_20231125_150259.jpg,3
data/D1/Ringspot/IMG_20231125_150300.jpg,3
data/D1/Ringspot/IMG_20231125_150310.jpg,3
data/D1/Ringspot/IMG_20231125_150311.jpg,3
data/D1/Ringspot/IMG_20231125_150312.jpg,3
data/D1/Ringspot/IMG_20231125_150313.jpg,3
data/D1/Ringspot/IMG_20231125_150319.jpg,3
data/D1/Ringspot/IMG_20231125_150324.jpg,1
data/D1/Ringspot/IMG_20231125_150326.jpg,1
data/D1/Ringspot/IMG_20231125_150329.jpg,2
data/D1/Ringspot/IMG_20231125_150340.jpg,3
data/D1/Ringspot/IMG_20231125_150404.jpg,3
data/D1/Ringspot/IMG_20231125_150405.jpg,3
data/D1/Ringspot/IMG_20231125_150410.jpg,3
data/D1/Ringspot/IMG_20231125_150411.jpg,3
data/D1/Ringspot/IMG_20231125_150413.jpg,3
data/D1/Ringspot/IMG_20231125_150502.jpg,2
data/D1/Ringspot/IMG_20231125_150503.jpg,2
data/D1/Ringspot/IMG_20231125_150508.jpg,2
data/D1/Ringspot/IMG_20231125_150510.jpg,2
data/D1/Ringspot/IMG_20231125_150514.jpg,2
data/D1/Ringspot/IMG_20231125_150519.jpg,3
data/D1/Ringspot/IMG_20231125_150525.jpg,0
data/D1/Ringspot/IMG_20231125_150526.jpg,0
data/D1/Ringspot/IMG_20231125_150545.jpg,2
data/D1/Ringspot/IMG_20231125_150546.jpg,2
data/D1/Ringspot/IMG_20231125_150549.jpg,2
data/D1/Ringspot/IMG_20231125_150555.jpg,2
data/D1/Ringspot/IMG_20231125_150559.jpg,2
data/D1/Ringspot/IMG_20231125_150600.jpg,2
data/D1/Ringspot/IMG_20231125_150604.jpg,1
data/D1/Ringspot/IMG_20231125_150605.jpg,0
data/D1/Ringspot/IMG_20231125_150609.jpg,0
data/D1/Ringspot/IMG_20231125_150613.jpg,1
data/D1/Ringspot/IMG_20231125_150618.jpg,1
data/D1/Ringspot/IMG_20231125_150625.jpg,2
data/D1/Ringspot/IMG_20240114_140122.jpg,0
data/D1/Ringspot/IMG_20241103_150433.png,3
data/D1/Ringspot/IMG_20241103_150441.png,4
data/D1/Ringspot/IMG_20241103_150756.png,0
data/D1/Ringspot/IMG_20241103_151113.png,0
data/D1/Ringspot/RingSpot(14).jpg,0
data/D2/Anthracnose/Anthracnose(1).jpg,0
data/D2/Anthracnose/Anthracnose(10).jpg,3
data/D2/Anthracnose/Anthracnose(100).jpg,3
data/D2/Anthracnose/Anthracnose(101).jpg,2
data/D2/Anthracnose/Anthracnose(102).jpg,3
data/D2/Anthracnose/Anthracnose(103).jpg,0
data/D2/Anthracnose/Anthracnose(104).jpg,1
data/D2/Anthracnose/Anthracnose(105).jpg,3
data/D2/Anthracnose/Anthracnose(106).jpg,4
data/D2/Anthracnose/Anthracnose(107).jpg,3
data/D2/Anthracnose/Anthracnose(108).jpg,0
data/D2/Anthracnose/Anthracnose(109).jpg,2
data/D2/Anthracnose/Anthracnose(11).jpg,3
data/D2/Anthracnose/Anthracnose(110).jpg,2
data/D2/Anthracnose/Anthracnose(111).jpg,4
data/D2/Anthracnose/Anthracnose(112).jpg,2
data/D2/Anthracnose/Anthracnose(113).jpg,4
data/D2/Anthracnose/Anthracnose(114).jpg,4
data/D2/Anthracnose/Anthracnose(115).jpg,2
data/D2/Anthracnose/Anthracnose(116).jpg,1
data/D2/Anthracnose/Anthracnose(117).jpg,1
data/D2/Anthracnose/Anthracnose(118).jpg,4
data/D2/Anthracnose/Anthracnose(119).jpg,0
data/D2/Anthracnose/Anthracnose(12).jpg,0
data/D2/Anthracnose/Anthracnose(120).jpg,4
data/D2/Anthracnose/Anthracnose(121).jpg,0
data/D2/Anthracnose/Anthracnose(122).jpg,2
data/D2/Anthracnose/Anthracnose(123).jpg,1
data/D2/Anthracnose/Anthracnose(124).jpg,1
data/D2/Anthracnose/Anthracnose(125).jpg,1
data/D2/Anthracnose/Anthracnose(126).jpg,1
data/D2/Anthracnose/Anthracnose(127).jpg,3
data/D2/Anthracnose/Anthracnose(128).jpg,2
data/D2/Anthracnose/Anthracnose(129).jpg,1
data/D2/Anthracnose/Anthracnose(13).jpg,4
data/D2/Anthracnose/Anthracnose(130).jpg,2
data/D2/Anthracnose/Anthracnose(131).jpg,0
data/D2/Anthracnose/Anthracnose(132).jpg,2
data/D2/Anthracnose/Anthracnose(133).jpg,1
data/D2/Anthracnose/Anthracnose(134).jpg,3
data/D2/Anthracnose/Anthracnose(135).jpg,1
data/D2/Anthracnose/Anthracnose(136).jpg,4
data/D2/Anthracnose/Anthracnose(137).jpg,4
data/D2/Anthracnose/Anthracnose(138).jpg,3
data/D2/Anthracnose/Anthracnose(139).jpg,3
data/D2/Anthracnose/Anthracnose(14).jpg,1
data/D2/Anthracnose/Anthracnose(140).jpg,4
data/D2/Anthracnose/Anthracnose(141).jpg,4
data/D2/Anthracnose/Anthracnose(142).jpg,4
data/D2/Anthracnose/Anthracnose(143).jpg,2
data/D2/Anthracnose/Anthracnose(144).jpg,3
data/D2/Anthracnose/Anthracnose(145).jpg,3
data/D2/Anthracnose/Anthracnose(146).jpg,1
data/D2/Anthracnose/Anthracnose(147).jpg,1
data/D2/Anthracnose/Anthracnose(148).jpg,3
data/D2/Anthracnose/Anthracnose(149).jpg,4
data/D2/Anthracnose/Anthracnose(15).jpg,0
data/D2/Anthracnose/Anthracnose(150).jpg,4
data/D2/Anthracnose/Anthracnose(151).jpg,2
data/D2/Anthracnose/Anthracnose(152).jpg,4
data/D2/Anthracnose/Anthracnose(153).jpg,1
data/D2/Anthracnose/Anthracnose(154).jpg,4
data/D2/Anthracnose/Anthracnose(155).jpg,1
data/D2/Anthracnose/Anthracnose(156).jpg,0
data/D2/Anthracnose/Anthracnose(157).jpg,1
data/D2/Anthracnose/Anthracnose(158).jpg,1
data/D2/Anthracnose/Anthracnose(159).jpg,2
data/D2/Anthracnose/Anthracnose(16).jpg,4
data/D2/Anthracnose/Anthracnose(160).jpg,2
data/D2/Anthracnose/Anthracnose(161).jpg,0
data/D2/Anthracnose/Anthracnose(162).jpg,1
data/D2/Anthracnose/Anthracnose(163).jpg,4
data/D2/Anthracnose/Anthracnose(164).jpg,0
data/D2/Anthracnose/Anthracnose(165).jpg,3
data/D2/Anthracnose/Anthracnose(166).jpg,0
data/D2/Anthracnose/Anthracnose(167).jpg,4
data/D2/Anthracnose/Anthracnose(168).jpg,0
data/D2/Anthracnose/Anthracnose(169).jpg,0
data/D2/Anthracnose/Anthracnose(17).jpg,1
data/D2/Anthracnose/Anthracnose(170).jpg,4
data/D2/Anthracnose/Anthracnose(171).jpg,4
data/D2/Anthracnose/Anthracnose(172).jpg,1
data/D2/Anthracnose/Anthracnose(173).jpg,2
data/D2/Anthracnose/Anthracnose(174).jpg,2
data/D2/Anthracnose/Anthracnose(175).jpg,3
data/D2/Anthracnose/Anthracnose(176).jpg,2
data/D2/Anthracnose/Anthracnose(177).jpg,4
data/D2/Anthracnose/Anthracnose(178).jpg,0
data/D2/Anthracnose/Anthracnose(179).jpg,1
data/D2/Anthracnose/Anthracnose(18).jpg,0
data/D2/Anthracnose/Anthracnose(180).jpg,2
data/D2/Anthracnose/Anthracnose(181).jpg,0
data/D2/Anthracnose/Anthracnose(182).jpg,3
data/D2/Anthracnose/Anthracnose(183).jpg,2
data/D2/Anthracnose/Anthracnose(184).jpg,4
data/D2/Anthracnose/Anthracnose(185).jpg,1
data/D2/Anthracnose/Anthracnose(186).jpg,3
data/D2/Anthracnose/Anthracnose(187).jpg,1
data/D2/Anthracnose/Anthracnose(188).jpg,2
data/D2/Anthracnose/Anthracnose(189).jpg,3
data/D2/Anthracnose/Anthracnose(19).jpg,0
data/D2/Anthracnose/Anthracnose(190).jpg,0
data/D2/Anthracnose/Anthracnose(191).jpg,1
data/D2/Anthracnose/Anthracnose(192).jpg,2
data/D2/Anthracnose/Anthracnose(193).jpg,0
data/D2/Anthracnose/Anthracnose(194).jpg,2
data/D2/Anthracnose/Anthracnose(195).jpg,0
data/D2/Anthracnose/Anthracnose(196).jpg,0
data/D2/Anthracnose/Anthracnose(197).jpg,4
data/D2/Anthracnose/Anthracnose(198).jpg,2
data/D2/Anthracnose/Anthracnose(199).jpg,4
data/D2/Anthracnose/Anthracnose(2).jpg,2
data/D2/Anthracnose/Anthracnose(20).jpg,0
data/D2/Anthracnose/Anthracnose(200).jpg,0
data/D2/Anthracnose/Anthracnose(201).jpg,0
data/D2/Anthracnose/Anthracnose(202).jpg,2
data/D2/Anthracnose/Anthracnose(203).jpg,3
data/D2/Anthracnose/Anthracnose(204).jpg,1
data/D2/Anthracnose/Anthracnose(205).jpg,1
data/D2/Anthracnose/Anthracnose(206).jpg,1
data/D2/Anthracnose/Anthracnose(207).jpg,1
data/D2/Anthracnose/Anthracnose(208).jpg,0
data/D2/Anthracnose/Anthracnose(209).jpg,0
data/D2/Anthracnose/Anthracnose(21).jpg,0
data/D2/Anthracnose/Anthracnose(210).jpg,0
data/D2/Anthracnose/Anthracnose(211).jpg,3
data/D2/Anthracnose/Anthracnose(212).jpg,4
data/D2/Anthracnose/Anthracnose(213).jpg,3
data/D2/Anthracnose/Anthracnose(214).jpg,0
data/D2/Anthracnose/Anthracnose(215).jpg,3
data/D2/Anthracnose/Anthracnose(216).jpg,0
data/D2/Anthracnose/Anthracnose(217).jpg,4
data/D2/Anthracnose/Anthracnose(218).jpg,2
data/D2/Anthracnose/Anthracnose(219).jpg,2
data/D2/Anthracnose/Anthracnose(22).jpg,0
data/D2/Anthracnose/Anthracnose(220).jpg,4
data/D2/Anthracnose/Anthracnose(221).jpg,1
data/D2/Anthracnose/Anthracnose(222).jpg,2
data/D2/Anthracnose/Anthracnose(223).jpg,3
data/D2/Anthracnose/Anthracnose(224).jpg,0
data/D2/Anthracnose/Anthracnose(225).jpg,0
data/D2/Anthracnose/Anthracnose(226).jpg,4
data/D2/Anthracnose/Anthracnose(227).jpg,3
data/D2/Anthracnose/Anthracnose(228).jpg,3
data/D2/Anthracnose/Anthracnose(229).jpg,1
data/D2/Anthracnose/Anthracnose(23).jpg,0
data/D2/Anthracnose/Anthracnose(230).jpg,2
data/D2/Anthracnose/Anthracnose(231).jpg,0
data/D2/Anthracnose/Anthracnose(232).jpg,4
data/D2/Anthracnose/Anthracnose(233).jpg,0
data/D2/Anthracnose/Anthracnose(234).jpg,3
data/D2/Anthracnose/Anthracnose(235).jpg,2
data/D2/Anthracnose/Anthracnose(236).jpg,4
data/D2/Anthracnose/Anthracnose(237).jpg,3
data/D2/Anthracnose/Anthracnose(238).jpg,0
data/D2/Anthracnose/Anthracnose(239).jpg,1
data/D2/Anthracnose/Anthracnose(24).jpg,1
data/D2/Anthracnose/Anthracnose(240).jpg,2
data/D2/Anthracnose/Anthracnose(241).jpg,3
data/D2/Anthracnose/Anthracnose(242).jpg,4
data/D2/Anthracnose/Anthracnose(243).jpg,1
data/D2/Anthracnose/Anthracnose(244).jpg,4
data/D2/Anthracnose/Anthracnose(245).jpg,2
data/D2/Anthracnose/Anthracnose(246).jpg,3
data/D2/Anthracnose/Anthracnose(247).jpg,3
data/D2/Anthracnose/Anthracnose(248).jpg,3
data/D2/Anthracnose/Anthracnose(249).jpg,3
data/D2/Anthracnose/Anthracnose(25).jpg,2
data/D2/Anthracnose/Anthracnose(250).jpg,0
data/D2/Anthracnose/Anthracnose(251).jpg,4
data/D2/Anthracnose/Anthracnose(252).jpg,2
data/D2/Anthracnose/Anthracnose(253).jpg,1
data/D2/Anthracnose/Anthracnose(254).jpg,3
data/D2/Anthracnose/Anthracnose(255).jpg,2
data/D2/Anthracnose/Anthracnose(256).jpg,0
data/D2/Anthracnose/Anthracnose(257).jpg,3
data/D2/Anthracnose/Anthracnose(258).jpg,4
data/D2/Anthracnose/Anthracnose(259).jpg,1
data/D2/Anthracnose/Anthracnose(26).jpg,1
data/D2/Anthracnose/Anthracnose(260).jpg,0
data/D2/Anthracnose/Anthracnose(261).jpg,2
data/D2/Anthracnose/Anthracnose(262).jpg,0
data/D2/Anthracnose/Anthracnose(263).jpg,3
data/D2/Anthracnose/Anthracnose(264).jpg,4
data/D2/Anthracnose/Anthracnose(265).jpg,1
data/D2/Anthracnose/Anthracnose(266).jpg,4
data/D2/Anthracnose/Anthracnose(267).jpg,3
data/D2/Anthracnose/Anthracnose(268).jpg,0
data/D2/Anthracnose/Anthracnose(269).jpg,1
data/D2/Anthracnose/Anthracnose(27).jpg,1
data/D2/Anthracnose/Anthracnose(270).jpg,0
data/D2/Anthracnose/Anthracnose(271).jpg,2
data/D2/Anthracnose/Anthracnose(272).jpg,1
data/D2/Anthracnose/Anthracnose(273).jpg,0
data/D2/Anthracnose/Anthracnose(274).jpg,3
data/D2/Anthracnose/Anthracnose(275).jpg,2
data/D2/Anthracnose/Anthracnose(276).jpg,2
data/D2/Anthracnose/Anthracnose(277).jpg,3
data/D2/Anthracnose/Anthracnose(278).jpg,4
data/D2/Anthracnose/Anthracnose(279).jpg,3
data/D2/Anthracnose/Anthracnose(28).jpg,1
data/D2/Anthracnose/Anthracnose(280).jpg,2
data/D2/Anthracnose/Anthracnose(281).jpg,3
data/D2/Anthracnose/Anthracnose(282).jpg,3
data/D2/Anthracnose/Anthracnose(283).jpg,3
data/D2/Anthracnose/Anthracnose(284).jpg,1
data/D2/Anthracnose/Anthracnose(285).jpg,0
data/D2/Anthracnose/Anthracnose(286).jpg,0
data/D2/Anthracnose/Anthracnose(287).jpg,4
data/D2/Anthracnose/Anthracnose(288).jpg,3
data/D2/Anthracnose/Anthracnose(289).jpg,2
data/D2/Anthracnose/Anthracnose(29).jpg,0
data/D2/Anthracnose/Anthracnose(290).jpg,2
data/D2/Anthracnose/Anthracnose(291).jpg,4
data/D2/Anthracnose/Anthracnose(292).jpg,0
data/D2/Anthracnose/Anthracnose(293).jpg,4
data/D2/Anthracnose/Anthracnose(294).jpg,0
data/D2/Anthracnose/Anthracnose(295).jpg,3
data/D2/Anthracnose/Anthracnose(296).jpg,0
data/D2/Anthracnose/Anthracnose(297).jpg,2
data/D2/Anthracnose/Anthracnose(298).jpg,0
data/D2/Anthracnose/Anthracnose(299).jpg,2
data/D2/Anthracnose/Anthracnose(3).jpg,4
data/D2/Anthracnose/Anthracnose(30).jpg,2
data/D2/Anthracnose/Anthracnose(300).jpg,0
data/D2/Anthracnose/Anthracnose(301).jpg,1
data/D2/Anthracnose/Anthracnose(302).jpg,1
data/D2/Anthracnose/Anthracnose(303).jpg,4
data/D2/Anthracnose/Anthracnose(304).jpg,2
data/D2/Anthracnose/Anthracnose(305).jpg,3
data/D2/Anthracnose/Anthracnose(306).jpg,4
data/D2/Anthracnose/Anthracnose(307).jpg,0
data/D2/Anthracnose/Anthracnose(308).jpg,0
data/D2/Anthracnose/Anthracnose(309).jpg,3
data/D2/Anthracnose/Anthracnose(31).jpg,3
data/D2/Anthracnose/Anthracnose(310).jpg,1
data/D2/Anthracnose/Anthracnose(311).jpg,1
data/D2/Anthracnose/Anthracnose(312).jpg,3
data/D2/Anthracnose/Anthracnose(313).jpg,0
data/D2/Anthracnose/Anthracnose(314).jpg,4
data/D2/Anthracnose/Anthracnose(315).jpg,1
data/D2/Anthracnose/Anthracnose(316).jpg,4
data/D2/Anthracnose/Anthracnose(317).jpg,4
data/D2/Anthracnose/Anthracnose(318).jpg,1
data/D2/Anthracnose/Anthracnose(319).jpg,1
data/D2/Anthracnose/Anthracnose(32).jpg,3
data/D2/Anthracnose/Anthracnose(320).jpg,1
data/D2/Anthracnose/Anthracnose(321).jpg,2
data/D2/Anthracnose/Anthracnose(322).jpg,3
data/D2/Anthracnose/Anthracnose(323).jpg,3
data/D2/Anthracnose/Anthracnose(324).jpg,4
data/D2/Anthracnose/Anthracnose(325).jpg,4
data/D2/Anthracnose/Anthracnose(326).jpg,2
data/D2/Anthracnose/Anthracnose(327).jpg,1
data/D2/Anthracnose/Anthracnose(328).jpg,4
data/D2/Anthracnose/Anthracnose(329).jpg,0
data/D2/Anthracnose/Anthracnose(33).jpg,4
data/D2/Anthracnose/Anthracnose(330).jpg,3
data/D2/Anthracnose/Anthracnose(331).jpg,2
data/D2/Anthracnose/Anthracnose(332).jpg,3
data/D2/Anthracnose/Anthracnose(333).jpg,4
data/D2/Anthracnose/Anthracnose(334).jpg,3
data/D2/Anthracnose/Anthracnose(335).jpg,2
data/D2/Anthracnose/Anthracnose(336).jpg,1
data/D2/Anthracnose/Anthracnose(337).jpg,2
data/D2/Anthracnose/Anthracnose(338).jpg,0
data/D2/Anthracnose/Anthracnose(339).jpg,4
data/D2/Anthracnose/Anthracnose(34).jpg,4
data/D2/Anthracnose/Anthracnose(340).jpg,2
data/D2/Anthracnose/Anthracnose(341).jpg,3
data/D2/Anthracnose/Anthracnose(342).jpg,3
data/D2/Anthracnose/Anthracnose(343).jpg,1
data/D2/Anthracnose/Anthracnose(344).jpg,4
data/D2/Anthracnose/Anthracnose(345).jpg,0
data/D2/Anthracnose/Anthracnose(346).jpg,3
data/D2/Anthracnose/Anthracnose(347).jpg,1
data/D2/Anthracnose/Anthracnose(348).jpg,0
data/D2/Anthracnose/Anthracnose(349).jpg,0
data/D2/Anthracnose/Anthracnose(35).jpg,3
data/D2/Anthracnose/Anthracnose(350).jpg,2
data/D2/Anthracnose/Anthracnose(351).jpg,2
data/D2/Anthracnose/Anthracnose(352).jpg,2
data/D2/Anthracnose/Anthracnose(353).jpg,2
data/D2/Anthracnose/Anthracnose(354).jpg,0
data/D2/Anthracnose/Anthracnose(355).jpg,4
data/D2/Anthracnose/Anthracnose(36).jpg,3
data/D2/Anthracnose/Anthracnose(37).jpg,4
data/D2/Anthracnose/Anthracnose(38).jpg,0
data/D2/Anthracnose/Anthracnose(39).jpg,4
data/D2/Anthracnose/Anthracnose(4).jpg,2
data/D2/Anthracnose/Anthracnose(40).jpg,4
data/D2/Anthracnose/Anthracnose(41).jpg,2
data/D2/Anthracnose/Anthracnose(42).jpg,3
data/D2/Anthracnose/Anthracnose(43).jpg,4
data/D2/Anthracnose/Anthracnose(44).jpg,3
data/D2/Anthracnose/Anthracnose(45).jpg,1
data/D2/Anthracnose/Anthracnose(46).jpg,3
data/D2/Anthracnose/Anthracnose(47).jpg,4
data/D2/Anthracnose/Anthracnose(48).jpg,2
data/D2/Anthracnose/Anthracnose(49).jpg,1
data/D2/Anthracnose/Anthracnose(5).jpg,1
data/D2/Anthracnose/Anthracnose(50).jpg,0
data/D2/Anthracnose/Anthracnose(51).jpg,4
data/D2/Anthracnose/Anthracnose(52).jpg,2
data/D2/Anthracnose/Anthracnose(53).jpg,1
data/D2/Anthracnose/Anthracnose(54).jpg,4
data/D2/Anthracnose/Anthracnose(55).jpg,2
data/D2/Anthracnose/Anthracnose(56).jpg,1
data/D2/Anthracnose/Anthracnose(57).jpg,1
data/D2/Anthracnose/Anthracnose(58).jpg,1
data/D2/Anthracnose/Anthracnose(59).jpg,3
data/D2/Anthracnose/Anthracnose(6).jpg,1
data/D2/Anthracnose/Anthracnose(60).jpg,1
data/D2/Anthracnose/Anthracnose(61).jpg,2
data/D2/Anthracnose/Anthracnose(62).jpg,0
data/D2/Anthracnose/Anthracnose(63).jpg,1
data/D2/Anthracnose/Anthracnose(64).jpg,1
data/D2/Anthracnose/Anthracnose(65).jpg,2
data/D2/Anthracnose/Anthracnose(66).jpg,4
data/D2/Anthracnose/Anthracnose(67).jpg,2
data/D2/Anthracnose/Anthracnose(68).jpg,3
data/D2/Anthracnose/Anthracnose(69).jpg,2
data/D2/Anthracnose/Anthracnose(7).jpg,2
data/D2/Anthracnose/Anthracnose(70).jpg,3
data/D2/Anthracnose/Anthracnose(71).jpg,0
data/D2/Anthracnose/Anthracnose(72).jpg,3
data/D2/Anthracnose/Anthracnose(73).jpg,0
data/D2/Anthracnose/Anthracnose(74).jpg,4
data/D2/Anthracnose/Anthracnose(75).jpg,3
data/D2/Anthracnose/Anthracnose(76).jpg,4
data/D2/Anthracnose/Anthracnose(77).jpg,3
data/D2/Anthracnose/Anthracnose(78).jpg,4
data/D2/Anthracnose/Anthracnose(79).jpg,4
data/D2/Anthracnose/Anthracnose(8).jpg,1
data/D2/Anthracnose/Anthracnose(80).jpg,1
data/D2/Anthracnose/Anthracnose(81).jpg,4
data/D2/Anthracnose/Anthracnose(82).jpg,3
data/D2/Anthracnose/Anthracnose(83).jpg,2
data/D2/Anthracnose/Anthracnose(84).jpg,1
data/D2/Anthracnose/Anthracnose(85).jpg,1
data/D2/Anthracnose/Anthracnose(86).jpg,0
data/D2/Anthracnose/Anthracnose(87).jpg,0
data/D2/Anthracnose/Anthracnose(88).jpg,0
data/D2/Anthracnose/Anthracnose(89).jpg,1
data/D2/Anthracnose/Anthracnose(9).jpg,1
data/D2/Anthracnose/Anthracnose(90).jpg,4
data/D2/Anthracnose/Anthracnose(91).jpg,2
data/D2/Anthracnose/Anthracnose(92).jpg,2
data/D2/Anthracnose/Anthracnose(93).jpg,2
data/D2/Anthracnose/Anthracnose(94).jpg,2
data/D2/Anthracnose/Anthracnose(95).jpg,3
data/D2/Anthracnose/Anthracnose(96).jpg,1
data/D2/Anthracnose/Anthracnose(97).jpg,0
data/D2/Anthracnose/Anthracnose(98).jpg,3
data/D2/Anthracnose/Anthracnose(99).jpg,1
data/D2/BacterialSpot/BacterialSpot(1).jpg,2
data/D2/BacterialSpot/BacterialSpot(10).jpg,3
data/D2/BacterialSpot/BacterialSpot(100).jpg,2
data/D2/BacterialSpot/BacterialSpot(101).jpg,1
data/D2/BacterialSpot/BacterialSpot(102).jpg,4
data/D2/BacterialSpot/BacterialSpot(103).jpg,4
data/D2/BacterialSpot/BacterialSpot(104).jpg,2
data/D2/BacterialSpot/BacterialSpot(105).jpg,3
data/D2/BacterialSpot/BacterialSpot(106).jpg,3
data/D2/BacterialSpot/BacterialSpot(107).jpg,3
data/D2/BacterialSpot/BacterialSpot(108).jpg,0
data/D2/BacterialSpot/BacterialSpot(109).jpg,2
data/D2/BacterialSpot/BacterialSpot(11).jpg,1
data/D2/BacterialSpot/BacterialSpot(110).jpg,0
data/D2/BacterialSpot/BacterialSpot(111).jpg,0
data/D2/BacterialSpot/BacterialSpot(112).jpg,4
data/D2/BacterialSpot/BacterialSpot(113).jpg,3
data/D2/BacterialSpot/BacterialSpot(114).jpg,2
data/D2/BacterialSpot/BacterialSpot(115).jpg,1
data/D2/BacterialSpot/BacterialSpot(116).jpg,0
data/D2/BacterialSpot/BacterialSpot(117).jpg,2
data/D2/BacterialSpot/BacterialSpot(118).jpg,1
data/D2/BacterialSpot/BacterialSpot(119).jpg,4
data/D2/BacterialSpot/BacterialSpot(12).jpg,1
data/D2/BacterialSpot/BacterialSpot(120).jpg,0
data/D2/BacterialSpot/BacterialSpot(121).jpg,3
data/D2/BacterialSpot/BacterialSpot(122).jpg,0
data/D2/BacterialSpot/BacterialSpot(123).jpg,4
data/D2/BacterialSpot/BacterialSpot(124).jpg,1
data/D2/BacterialSpot/BacterialSpot(125).jpg,1
data/D2/BacterialSpot/BacterialSpot(126).jpg,3
data/D2/BacterialSpot/BacterialSpot(127).jpg,2
data/D2/BacterialSpot/BacterialSpot(128).jpg,4
data/D2/BacterialSpot/BacterialSpot(129).jpg,4
data/D2/BacterialSpot/BacterialSpot(13).jpg,1
data/D2/BacterialSpot/BacterialSpot(130).jpg,0
data/D2/BacterialSpot/BacterialSpot(131).jpg,1
data/D2/BacterialSpot/BacterialSpot(132).jpg,4
data/D2/BacterialSpot/BacterialSpot(133).jpg,1
data/D2/BacterialSpot/BacterialSpot(134).jpg,3
data/D2/BacterialSpot/BacterialSpot(135).jpg,1
data/D2/BacterialSpot/BacterialSpot(136).jpg,4
data/D2/BacterialSpot/BacterialSpot(137).jpg,2
data/D2/BacterialSpot/BacterialSpot(138).jpg,1
data/D2/BacterialSpot/BacterialSpot(139).jpg,1
data/D2/BacterialSpot/BacterialSpot(14).jpg,2
data/D2/BacterialSpot/BacterialSpot(140).jpg,0
data/D2/BacterialSpot/BacterialSpot(141).jpg,2
data/D2/BacterialSpot/BacterialSpot(142).jpg,4
data/D2/BacterialSpot/BacterialSpot(143).jpg,1
data/D2/BacterialSpot/BacterialSpot(144).jpg,0
data/D2/BacterialSpot/BacterialSpot(145).jpg,4
data/D2/BacterialSpot/BacterialSpot(146).jpg,1
data/D2/BacterialSpot/BacterialSpot(147).jpg,1
data/D2/BacterialSpot/BacterialSpot(148).jpg,0
data/D2/BacterialSpot/BacterialSpot(149).jpg,2
data/D2/BacterialSpot/BacterialSpot(15).jpg,0
data/D2/BacterialSpot/BacterialSpot(150).jpg,3
data/D2/BacterialSpot/BacterialSpot(151).jpg,0
data/D2/BacterialSpot/BacterialSpot(152).jpg,1
data/D2/BacterialSpot/BacterialSpot(153).jpg,0
data/D2/BacterialSpot/BacterialSpot(154).jpg,2
data/D2/BacterialSpot/BacterialSpot(155).jpg,4
data/D2/BacterialSpot/BacterialSpot(156).jpg,1
data/D2/BacterialSpot/BacterialSpot(157).jpg,4
data/D2/BacterialSpot/BacterialSpot(158).jpg,1
data/D2/BacterialSpot/BacterialSpot(159).jpg,0
data/D2/BacterialSpot/BacterialSpot(16).jpg,1
data/D2/BacterialSpot/BacterialSpot(160).jpg,0
data/D2/BacterialSpot/BacterialSpot(161).jpg,0
data/D2/BacterialSpot/BacterialSpot(162).jpg,4
data/D2/BacterialSpot/BacterialSpot(163).jpg,3
data/D2/BacterialSpot/BacterialSpot(164).jpg,2
data/D2/BacterialSpot/BacterialSpot(165).jpg,1
data/D2/BacterialSpot/BacterialSpot(166).jpg,1
data/D2/BacterialSpot/BacterialSpot(167).jpg,0
data/D2/BacterialSpot/BacterialSpot(168).jpg,4
data/D2/BacterialSpot/BacterialSpot(169).jpg,1
data/D2/BacterialSpot/BacterialSpot(17).jpg,4
data/D2/BacterialSpot/BacterialSpot(170).jpg,1
data/D2/BacterialSpot/BacterialSpot(171).jpg,1
data/D2/BacterialSpot/BacterialSpot(172).jpg,3
data/D2/BacterialSpot/BacterialSpot(173).jpg,2
data/D2/BacterialSpot/BacterialSpot(174).jpg,3
data/D2/BacterialSpot/BacterialSpot(175).jpg,1
data/D2/BacterialSpot/BacterialSpot(176).jpg,0
data/D2/BacterialSpot/BacterialSpot(177).jpg,3
data/D2/BacterialSpot/BacterialSpot(178).jpg,1
data/D2/BacterialSpot/BacterialSpot(179).jpg,3
data/D2/BacterialSpot/BacterialSpot(18).jpg,4
data/D2/BacterialSpot/BacterialSpot(180).jpg,1
data/D2/BacterialSpot/BacterialSpot(181).jpg,0
data/D2/BacterialSpot/BacterialSpot(182).jpg,4
data/D2/BacterialSpot/BacterialSpot(183).jpg,1
data/D2/BacterialSpot/BacterialSpot(184).jpg,2
data/D2/BacterialSpot/BacterialSpot(185).jpg,2
data/D2/BacterialSpot/BacterialSpot(186).jpg,3
data/D2/BacterialSpot/BacterialSpot(187).jpg,1
data/D2/BacterialSpot/BacterialSpot(188).jpg,0
data/D2/BacterialSpot/BacterialSpot(189).jpg,3
data/D2/BacterialSpot/BacterialSpot(19).jpg,1
data/D2/BacterialSpot/BacterialSpot(190).jpg,0
data/D2/BacterialSpot/BacterialSpot(191).jpg,1
data/D2/BacterialSpot/BacterialSpot(192).jpg,0
data/D2/BacterialSpot/BacterialSpot(193).jpg,0
data/D2/BacterialSpot/BacterialSpot(194).jpg,2
data/D2/BacterialSpot/BacterialSpot(195).jpg,2
data/D2/BacterialSpot/BacterialSpot(196).jpg,4
data/D2/BacterialSpot/BacterialSpot(197).jpg,4
data/D2/BacterialSpot/BacterialSpot(198).jpg,0
data/D2/BacterialSpot/BacterialSpot(199).jpg,1
data/D2/BacterialSpot/BacterialSpot(2).jpg,1
data/D2/BacterialSpot/BacterialSpot(20).jpg,4
data/D2/BacterialSpot/BacterialSpot(200).jpg,2
data/D2/BacterialSpot/BacterialSpot(201).jpg,2
data/D2/BacterialSpot/BacterialSpot(202).jpg,3
data/D2/BacterialSpot/BacterialSpot(203).jpg,3
data/D2/BacterialSpot/BacterialSpot(204).jpg,2
data/D2/BacterialSpot/BacterialSpot(205).jpg,1
data/D2/BacterialSpot/BacterialSpot(206).jpg,1
data/D2/BacterialSpot/BacterialSpot(207).jpg,0
data/D2/BacterialSpot/BacterialSpot(208).jpg,3
data/D2/BacterialSpot/BacterialSpot(209).jpg,3
data/D2/BacterialSpot/BacterialSpot(21).jpg,4
data/D2/BacterialSpot/BacterialSpot(210).jpg,1
data/D2/BacterialSpot/BacterialSpot(211).jpg,2
data/D2/BacterialSpot/BacterialSpot(212).jpg,1
data/D2/BacterialSpot/BacterialSpot(213).jpg,4
data/D2/BacterialSpot/BacterialSpot(214).jpg,1
data/D2/BacterialSpot/BacterialSpot(215).jpg,0
data/D2/BacterialSpot/BacterialSpot(216).jpg,2
data/D2/BacterialSpot/BacterialSpot(217).jpg,4
data/D2/BacterialSpot/BacterialSpot(218).jpg,3
data/D2/BacterialSpot/BacterialSpot(219).jpg,1
data/D2/BacterialSpot/BacterialSpot(22).jpg,3
data/D2/BacterialSpot/BacterialSpot(220).jpg,2
data/D2/BacterialSpot/BacterialSpot(221).jpg,0
data/D2/BacterialSpot/BacterialSpot(222).jpg,2
data/D2/BacterialSpot/BacterialSpot(223).jpg,4
data/D2/BacterialSpot/BacterialSpot(224).jpg,0
data/D2/BacterialSpot/BacterialSpot(225).jpg,2
data/D2/BacterialSpot/BacterialSpot(226).jpg,4
data/D2/BacterialSpot/BacterialSpot(227).jpg,1
data/D2/BacterialSpot/BacterialSpot(228).jpg,2
data/D2/BacterialSpot/BacterialSpot(229).jpg,1
data/D2/BacterialSpot/BacterialSpot(23).jpg,2
data/D2/BacterialSpot/BacterialSpot(230).jpg,4
data/D2/BacterialSpot/BacterialSpot(231).jpg,2
data/D2/BacterialSpot/BacterialSpot(232).jpg,2
data/D2/BacterialSpot/BacterialSpot(233).jpg,1
data/D2/BacterialSpot/BacterialSpot(234).jpg,0
data/D2/BacterialSpot/BacterialSpot(235).jpg,0
data/D2/BacterialSpot/BacterialSpot(236).jpg,1
data/D2/BacterialSpot/BacterialSpot(237).jpg,1
data/D2/BacterialSpot/BacterialSpot(238).jpg,3
data/D2/BacterialSpot/BacterialSpot(239).jpg,3
data/D2/BacterialSpot/BacterialSpot(24).jpg,1
data/D2/BacterialSpot/BacterialSpot(240).jpg,3
data/D2/BacterialSpot/BacterialSpot(241).jpg,4
data/D2/BacterialSpot/BacterialSpot(242).jpg,0
data/D2/BacterialSpot/BacterialSpot(243).jpg,1
data/D2/BacterialSpot/BacterialSpot(244).jpg,3
data/D2/BacterialSpot/BacterialSpot(245).jpg,1
data/D2/BacterialSpot/BacterialSpot(246).jpg,1
data/D2/BacterialSpot/BacterialSpot(247).jpg,4
data/D2/BacterialSpot/BacterialSpot(248).jpg,2
data/D2/BacterialSpot/BacterialSpot(249).jpg,1
data/D2/BacterialSpot/BacterialSpot(25).jpg,0
data/D2/BacterialSpot/BacterialSpot(250).jpg,3
data/D2/BacterialSpot/BacterialSpot(251).jpg,2
data/D2/BacterialSpot/BacterialSpot(252).jpg,1
data/D2/BacterialSpot/BacterialSpot(253).jpg,3
data/D2/BacterialSpot/BacterialSpot(254).jpg,1
data/D2/BacterialSpot/BacterialSpot(255).jpg,1
data/D2/BacterialSpot/BacterialSpot(256).jpg,3
data/D2/BacterialSpot/BacterialSpot(257).jpg,1
data/D2/BacterialSpot/BacterialSpot(258).jpg,0
data/D2/BacterialSpot/BacterialSpot(259).jpg,2
data/D2/BacterialSpot/BacterialSpot(26).jpg,0
data/D2/BacterialSpot/BacterialSpot(260).jpg,1
data/D2/BacterialSpot/BacterialSpot(261).jpg,1
data/D2/BacterialSpot/BacterialSpot(262).jpg,3
data/D2/BacterialSpot/BacterialSpot(263).jpg,1
data/D2/BacterialSpot/BacterialSpot(264).jpg,0
data/D2/BacterialSpot/BacterialSpot(265).jpg,0
data/D2/BacterialSpot/BacterialSpot(266).jpg,2
data/D2/BacterialSpot/BacterialSpot(267).jpg,2
data/D2/BacterialSpot/BacterialSpot(268).jpg,1
data/D2/BacterialSpot/BacterialSpot(269).jpg,2
data/D2/BacterialSpot/BacterialSpot(27).jpg,4
data/D2/BacterialSpot/BacterialSpot(270).jpg,4
data/D2/BacterialSpot/BacterialSpot(271).jpg,2
data/D2/BacterialSpot/BacterialSpot(272).jpg,2
data/D2/BacterialSpot/BacterialSpot(273).jpg,0
data/D2/BacterialSpot/BacterialSpot(274).jpg,0
data/D2/BacterialSpot/BacterialSpot(275).jpg,2
data/D2/BacterialSpot/BacterialSpot(276).jpg,0
data/D2/BacterialSpot/BacterialSpot(277).jpg,2
data/D2/BacterialSpot/BacterialSpot(278).jpg,3
data/D2/BacterialSpot/BacterialSpot(279).jpg,0
data/D2/BacterialSpot/BacterialSpot(28).jpg,2
data/D2/BacterialSpot/BacterialSpot(280).jpg,1
data/D2/BacterialSpot/BacterialSpot(281).jpg,0
data/D2/BacterialSpot/BacterialSpot(282).jpg,0
data/D2/BacterialSpot/BacterialSpot(283).jpg,0
data/D2/BacterialSpot/BacterialSpot(284).jpg,4
data/D2/BacterialSpot/BacterialSpot(285).jpg,2
data/D2/BacterialSpot/BacterialSpot(286).jpg,4
data/D2/BacterialSpot/BacterialSpot(287).jpg,0
data/D2/BacterialSpot/BacterialSpot(288).jpg,3
data/D2/BacterialSpot/BacterialSpot(289).jpg,2
data/D2/BacterialSpot/BacterialSpot(29).jpg,1
data/D2/BacterialSpot/BacterialSpot(290).jpg,1
data/D2/BacterialSpot/BacterialSpot(291).jpg,3
data/D2/BacterialSpot/BacterialSpot(292).jpg,4
data/D2/BacterialSpot/BacterialSpot(293).jpg,0
data/D2/BacterialSpot/BacterialSpot(294).jpg,0
data/D2/BacterialSpot/BacterialSpot(295).jpg,2
data/D2/BacterialSpot/BacterialSpot(296).jpg,1
data/D2/BacterialSpot/BacterialSpot(297).jpg,1
data/D2/BacterialSpot/BacterialSpot(298).jpg,0
data/D2/BacterialSpot/BacterialSpot(299).jpg,1
data/D2/BacterialSpot/BacterialSpot(3).jpg,3
data/D2/BacterialSpot/BacterialSpot(30).jpg,0
data/D2/BacterialSpot/BacterialSpot(300).jpg,4
data/D2/BacterialSpot/BacterialSpot(301).jpg,0
data/D2/BacterialSpot/BacterialSpot(302).jpg,4
data/D2/BacterialSpot/BacterialSpot(303).jpg,3
data/D2/BacterialSpot/BacterialSpot(304).jpg,3
data/D2/BacterialSpot/BacterialSpot(305).jpg,1
data/D2/BacterialSpot/BacterialSpot(306).jpg,1
data/D2/BacterialSpot/BacterialSpot(307).jpg,2
data/D2/BacterialSpot/BacterialSpot(308).jpg,3
data/D2/BacterialSpot/BacterialSpot(309).jpg,0
data/D2/BacterialSpot/BacterialSpot(31).jpg,0
data/D2/BacterialSpot/BacterialSpot(310).jpg,1
data/D2/BacterialSpot/BacterialSpot(311).jpg,4
data/D2/BacterialSpot/BacterialSpot(312).jpg,4
data/D2/BacterialSpot/BacterialSpot(313).jpg,2
data/D2/BacterialSpot/BacterialSpot(314).jpg,0
data/D2/BacterialSpot/BacterialSpot(315).jpg,1
data/D2/BacterialSpot/BacterialSpot(316).jpg,2
data/D2/BacterialSpot/BacterialSpot(317).jpg,0
data/D2/BacterialSpot/BacterialSpot(318).jpg,3
data/D2/BacterialSpot/BacterialSpot(319).jpg,0
data/D2/BacterialSpot/BacterialSpot(32).jpg,1
data/D2/BacterialSpot/BacterialSpot(320).jpg,2
data/D2/BacterialSpot/BacterialSpot(321).jpg,3
data/D2/BacterialSpot/BacterialSpot(322).jpg,0
data/D2/BacterialSpot/BacterialSpot(323).jpg,0
data/D2/BacterialSpot/BacterialSpot(324).jpg,2
data/D2/BacterialSpot/BacterialSpot(325).jpg,2
data/D2/BacterialSpot/BacterialSpot(326).jpg,3
data/D2/BacterialSpot/BacterialSpot(327).jpg,1
data/D2/BacterialSpot/BacterialSpot(328).jpg,4
data/D2/BacterialSpot/BacterialSpot(329).jpg,1
data/D2/BacterialSpot/BacterialSpot(33).jpg,4
data/D2/BacterialSpot/BacterialSpot(330).jpg,2
data/D2/BacterialSpot/BacterialSpot(331).jpg,1
data/D2/BacterialSpot/BacterialSpot(332).jpg,3
data/D2/BacterialSpot/BacterialSpot(333).jpg,1
data/D2/BacterialSpot/BacterialSpot(334).jpg,1
data/D2/BacterialSpot/BacterialSpot(335).jpg,1
data/D2/BacterialSpot/BacterialSpot(336).jpg,1
data/D2/BacterialSpot/BacterialSpot(337).jpg,1
data/D2/BacterialSpot/BacterialSpot(338).jpg,1
data/D2/BacterialSpot/BacterialSpot(339).jpg,4
data/D2/BacterialSpot/BacterialSpot(34).jpg,1
data/D2/BacterialSpot/BacterialSpot(340).jpg,1
data/D2/BacterialSpot/BacterialSpot(341).jpg,1
data/D2/BacterialSpot/BacterialSpot(342).jpg,1
data/D2/BacterialSpot/BacterialSpot(343).jpg,0
data/D2/BacterialSpot/BacterialSpot(344).jpg,0
data/D2/BacterialSpot/BacterialSpot(345).jpg,2
data/D2/BacterialSpot/BacterialSpot(346).jpg,2
data/D2/BacterialSpot/BacterialSpot(347).jpg,2
data/D2/BacterialSpot/BacterialSpot(348).jpg,3
data/D2/BacterialSpot/BacterialSpot(349).jpg,3
data/D2/BacterialSpot/BacterialSpot(35).jpg,1
data/D2/BacterialSpot/BacterialSpot(350).jpg,1
data/D2/BacterialSpot/BacterialSpot(351).jpg,0
data/D2/BacterialSpot/BacterialSpot(352).jpg,1
data/D2/BacterialSpot/BacterialSpot(353).jpg,1
data/D2/BacterialSpot/BacterialSpot(354).jpg,2
data/D2/BacterialSpot/BacterialSpot(355).jpg,3
data/D2/BacterialSpot/BacterialSpot(356).jpg,2
data/D2/BacterialSpot/BacterialSpot(357).jpg,1
data/D2/BacterialSpot/BacterialSpot(358).jpg,1
data/D2/BacterialSpot/BacterialSpot(359).jpg,1
data/D2/BacterialSpot/BacterialSpot(36).jpg,1
data/D2/BacterialSpot/BacterialSpot(360).jpg,3
data/D2/BacterialSpot/BacterialSpot(361).jpg,2
data/D2/BacterialSpot/BacterialSpot(362).jpg,2
data/D2/BacterialSpot/BacterialSpot(363).jpg,2
data/D2/BacterialSpot/BacterialSpot(364).jpg,1
data/D2/BacterialSpot/BacterialSpot(365).jpg,1
data/D2/BacterialSpot/BacterialSpot(366).jpg,2
data/D2/BacterialSpot/BacterialSpot(367).jpg,3
data/D2/BacterialSpot/BacterialSpot(368).jpg,1
data/D2/BacterialSpot/BacterialSpot(369).jpg,1
data/D2/BacterialSpot/BacterialSpot(37).jpg,4
data/D2/BacterialSpot/BacterialSpot(370).jpg,4
data/D2/BacterialSpot/BacterialSpot(371).jpg,2
data/D2/BacterialSpot/BacterialSpot(372).jpg,4
data/D2/BacterialSpot/BacterialSpot(373).jpg,3
data/D2/BacterialSpot/BacterialSpot(374).jpg,1
data/D2/BacterialSpot/BacterialSpot(375).jpg,0
data/D2/BacterialSpot/BacterialSpot(376).jpg,1
data/D2/BacterialSpot/BacterialSpot(377).jpg,3
data/D2/BacterialSpot/BacterialSpot(378).jpg,2
data/D2/BacterialSpot/BacterialSpot(379).jpg,3
data/D2/BacterialSpot/BacterialSpot(38).jpg,1
data/D2/BacterialSpot/BacterialSpot(380).jpg,2
data/D2/BacterialSpot/BacterialSpot(381).jpg,0
data/D2/BacterialSpot/BacterialSpot(382).jpg,3
data/D2/BacterialSpot/BacterialSpot(383).jpg,1
data/D2/BacterialSpot/BacterialSpot(384).jpg,0
data/D2/BacterialSpot/BacterialSpot(385).jpg,4
data/D2/BacterialSpot/BacterialSpot(386).jpg,1
data/D2/BacterialSpot/BacterialSpot(387).jpg,1
data/D2/BacterialSpot/BacterialSpot(388).jpg,2
data/D2/BacterialSpot/BacterialSpot(389).jpg,1
data/D2/BacterialSpot/BacterialSpot(39).jpg,4
data/D2/BacterialSpot/BacterialSpot(390).jpg,2
data/D2/BacterialSpot/BacterialSpot(391).jpg,3
data/D2/BacterialSpot/BacterialSpot(392).jpg,3
data/D2/BacterialSpot/BacterialSpot(393).jpg,4
data/D2/BacterialSpot/BacterialSpot(394).jpg,4
data/D2/BacterialSpot/BacterialSpot(395).jpg,1
data/D2/BacterialSpot/BacterialSpot(396).jpg,1
data/D2/BacterialSpot/BacterialSpot(397).jpg,2
data/D2/BacterialSpot/BacterialSpot(398).jpg,1
data/D2/BacterialSpot/BacterialSpot(399).jpg,1
data/D2/BacterialSpot/BacterialSpot(4).jpg,3
data/D2/BacterialSpot/BacterialSpot(40).jpg,1
data/D2/BacterialSpot/BacterialSpot(400).jpg,1
data/D2/BacterialSpot/BacterialSpot(401).jpg,1
data/D2/BacterialSpot/BacterialSpot(402).jpg,4
data/D2/BacterialSpot/BacterialSpot(403).jpg,2
data/D2/BacterialSpot/BacterialSpot(404).jpg,1
data/D2/BacterialSpot/BacterialSpot(405).jpg,4
data/D2/BacterialSpot/BacterialSpot(406).jpg,1
data/D2/BacterialSpot/BacterialSpot(407).jpg,1
data/D2/BacterialSpot/BacterialSpot(408).jpg,4
data/D2/BacterialSpot/BacterialSpot(409).jpg,3
data/D2/BacterialSpot/BacterialSpot(41).jpg,1
data/D2/BacterialSpot/BacterialSpot(410).jpg,2
data/D2/BacterialSpot/BacterialSpot(411).jpg,0
data/D2/BacterialSpot/BacterialSpot(412).jpg,4
data/D2/BacterialSpot/BacterialSpot(413).jpg,4
data/D2/BacterialSpot/BacterialSpot(414).jpg,1
data/D2/BacterialSpot/BacterialSpot(415).jpg,1
data/D2/BacterialSpot/BacterialSpot(416).jpg,1
data/D2/BacterialSpot/BacterialSpot(417).jpg,2
data/D2/BacterialSpot/BacterialSpot(418).jpg,2
data/D2/BacterialSpot/BacterialSpot(419).jpg,1
data/D2/BacterialSpot/BacterialSpot(42).jpg,0
data/D2/BacterialSpot/BacterialSpot(420).jpg,1
data/D2/BacterialSpot/BacterialSpot(421).jpg,1
data/D2/BacterialSpot/BacterialSpot(422).jpg,1
data/D2/BacterialSpot/BacterialSpot(423).jpg,3
data/D2/BacterialSpot/BacterialSpot(424).jpg,4
data/D2/BacterialSpot/BacterialSpot(425).jpg,4
data/D2/BacterialSpot/BacterialSpot(426).jpg,0
data/D2/BacterialSpot/BacterialSpot(427).jpg,1
data/D2/BacterialSpot/BacterialSpot(428).jpg,1
data/D2/BacterialSpot/BacterialSpot(429).jpg,4
data/D2/BacterialSpot/BacterialSpot(43).jpg,4
data/D2/BacterialSpot/BacterialSpot(430).jpg,3
data/D2/BacterialSpot/BacterialSpot(431).jpg,1
data/D2/BacterialSpot/BacterialSpot(432).jpg,0
data/D2/BacterialSpot/BacterialSpot(433).jpg,0
data/D2/BacterialSpot/BacterialSpot(434).jpg,1
data/D2/BacterialSpot/BacterialSpot(435).jpg,2
data/D2/BacterialSpot/BacterialSpot(436).jpg,0
data/D2/BacterialSpot/BacterialSpot(437).jpg,1
data/D2/BacterialSpot/BacterialSpot(438).jpg,0
data/D2/BacterialSpot/BacterialSpot(439).jpg,0
data/D2/BacterialSpot/BacterialSpot(44).jpg,0
data/D2/BacterialSpot/BacterialSpot(440).jpg,2
data/D2/BacterialSpot/BacterialSpot(441).jpg,1
data/D2/BacterialSpot/BacterialSpot(442).jpg,4
data/D2/BacterialSpot/BacterialSpot(443).jpg,4
data/D2/BacterialSpot/BacterialSpot(444).jpg,1
data/D2/BacterialSpot/BacterialSpot(445).jpg,1
data/D2/BacterialSpot/BacterialSpot(446).jpg,1
data/D2/BacterialSpot/BacterialSpot(447).jpg,2
data/D2/BacterialSpot/BacterialSpot(448).jpg,0
data/D2/BacterialSpot/BacterialSpot(449).jpg,1
data/D2/BacterialSpot/BacterialSpot(45).jpg,1
data/D2/BacterialSpot/BacterialSpot(450).jpg,1
data/D2/BacterialSpot/BacterialSpot(451).jpg,2
data/D2/BacterialSpot/BacterialSpot(452).jpg,0
data/D2/BacterialSpot/BacterialSpot(453).jpg,2
data/D2/BacterialSpot/BacterialSpot(454).jpg,2
data/D2/BacterialSpot/BacterialSpot(455).jpg,0
data/D2/BacterialSpot/BacterialSpot(456).jpg,0
data/D2/BacterialSpot/BacterialSpot(457).jpg,0
data/D2/BacterialSpot/BacterialSpot(458).jpg,4
data/D2/BacterialSpot/BacterialSpot(46).jpg,2
data/D2/BacterialSpot/BacterialSpot(47).jpg,3
data/D2/BacterialSpot/BacterialSpot(48).jpg,2
data/D2/BacterialSpot/BacterialSpot(49).jpg,1
data/D2/BacterialSpot/BacterialSpot(5).jpg,0
data/D2/BacterialSpot/BacterialSpot(50).jpg,1
data/D2/BacterialSpot/BacterialSpot(51).jpg,1
data/D2/BacterialSpot/BacterialSpot(52).jpg,1
data/D2/BacterialSpot/BacterialSpot(53).jpg,3
data/D2/BacterialSpot/BacterialSpot(54).jpg,2
data/D2/BacterialSpot/BacterialSpot(55).jpg,1
data/D2/BacterialSpot/BacterialSpot(56).jpg,2
data/D2/BacterialSpot/BacterialSpot(57).jpg,4
data/D2/BacterialSpot/BacterialSpot(58).jpg,4
data/D2/BacterialSpot/BacterialSpot(59).jpg,1
data/D2/BacterialSpot/BacterialSpot(6).jpg,1
data/D2/BacterialSpot/BacterialSpot(60).jpg,3
data/D2/BacterialSpot/BacterialSpot(61).jpg,3
data/D2/BacterialSpot/BacterialSpot(62).jpg,1
data/D2/BacterialSpot/BacterialSpot(63).jpg,2
data/D2/BacterialSpot/BacterialSpot(64).jpg,4
data/D2/BacterialSpot/BacterialSpot(65).jpg,3
data/D2/BacterialSpot/BacterialSpot(66).jpg,1
data/D2/BacterialSpot/BacterialSpot(67).jpg,0
data/D2/BacterialSpot/BacterialSpot(68).jpg,3
data/D2/BacterialSpot/BacterialSpot(69).jpg,0
data/D2/BacterialSpot/BacterialSpot(7).jpg,3
data/D2/BacterialSpot/BacterialSpot(70).jpg,2
data/D2/BacterialSpot/BacterialSpot(71).jpg,1
data/D2/BacterialSpot/BacterialSpot(72).jpg,0
data/D2/BacterialSpot/BacterialSpot(73).jpg,1
data/D2/BacterialSpot/BacterialSpot(74).jpg,4
data/D2/BacterialSpot/BacterialSpot(75).jpg,4
data/D2/BacterialSpot/BacterialSpot(76).jpg,4
data/D2/BacterialSpot/BacterialSpot(77).jpg,2
data/D2/BacterialSpot/BacterialSpot(78).jpg,3
data/D2/BacterialSpot/BacterialSpot(79).jpg,2
data/D2/BacterialSpot/BacterialSpot(8).jpg,3
data/D2/BacterialSpot/BacterialSpot(80).jpg,3
data/D2/BacterialSpot/BacterialSpot(81).jpg,1
data/D2/BacterialSpot/BacterialSpot(82).jpg,1
data/D2/BacterialSpot/BacterialSpot(83).jpg,1
data/D2/BacterialSpot/BacterialSpot(84).jpg,1
data/D2/BacterialSpot/BacterialSpot(85).jpg,3
data/D2/BacterialSpot/BacterialSpot(86).jpg,3
data/D2/BacterialSpot/BacterialSpot(87).jpg,3
data/D2/BacterialSpot/BacterialSpot(88).jpg,1
data/D2/BacterialSpot/BacterialSpot(89).jpg,4
data/D2/BacterialSpot/BacterialSpot(9).jpg,4
data/D2/BacterialSpot/BacterialSpot(90).jpg,0
data/D2/BacterialSpot/BacterialSpot(91).jpg,2
data/D2/BacterialSpot/BacterialSpot(92).jpg,3
data/D2/BacterialSpot/BacterialSpot(93).jpg,0
data/D2/BacterialSpot/BacterialSpot(94).jpg,3
data/D2/BacterialSpot/BacterialSpot(95).jpg,3
data/D2/BacterialSpot/BacterialSpot(96).jpg,4
data/D2/BacterialSpot/BacterialSpot(97).jpg,0
data/D2/BacterialSpot/BacterialSpot(98).jpg,3
data/D2/BacterialSpot/BacterialSpot(99).jpg,0
data/D2/Curl/Curl(1).jpg,1
data/D2/Curl/Curl(10).jpg,4
data/D2/Curl/Curl(100).jpg,0
data/D2/Curl/Curl(101).jpg,0
data/D2/Curl/Curl(102).jpg,0
data/D2/Curl/Curl(103).jpg,3
data/D2/Curl/Curl(104).jpg,0
data/D2/Curl/Curl(105).jpg,3
data/D2/Curl/Curl(106).jpg,3
data/D2/Curl/Curl(107).jpg,2
data/D2/Curl/Curl(108).jpg,2
data/D2/Curl/Curl(109).jpg,3
data/D2/Curl/Curl(11).jpg,0
data/D2/Curl/Curl(110).jpg,0
data/D2/Curl/Curl(111).jpg,3
data/D2/Curl/Curl(112).jpg,4
data/D2/Curl/Curl(113).jpg,3
data/D2/Curl/Curl(114).jpg,1
data/D2/Curl/Curl(115).jpg,1
data/D2/Curl/Curl(116).jpg,1
data/D2/Curl/Curl(117).jpg,1
data/D2/Curl/Curl(118).jpg,0
data/D2/Curl/Curl(119).jpg,2
data/D2/Curl/Curl(12).jpg,4
data/D2/Curl/Curl(120).jpg,2
data/D2/Curl/Curl(121).jpg,2
data/D2/Curl/Curl(122).jpg,4
data/D2/Curl/Curl(123).jpg,0
data/D2/Curl/Curl(124).jpg,0
data/D2/Curl/Curl(125).jpg,3
data/D2/Curl/Curl(126).jpg,0
data/D2/Curl/Curl(127).jpg,3
data/D2/Curl/Curl(128).jpg,3
data/D2/Curl/Curl(129).jpg,1
data/D2/Curl/Curl(13).jpg,1
data/D2/Curl/Curl(130).jpg,2
data/D2/Curl/Curl(131).jpg,0
data/D2/Curl/Curl(132).jpg,4
data/D2/Curl/Curl(133).jpg,4
data/D2/Curl/Curl(134).jpg,3
data/D2/Curl/Curl(135).jpg,3
data/D2/Curl/Curl(136).jpg,3
data/D2/Curl/Curl(137).jpg,4
data/D2/Curl/Curl(138).jpg,3
data/D2/Curl/Curl(139).jpg,3
data/D2/Curl/Curl(14).jpg,2
data/D2/Curl/Curl(140).jpg,4
data/D2/Curl/Curl(141).jpg,0
data/D2/Curl/Curl(142).jpg,4
data/D2/Curl/Curl(143).jpg,2
data/D2/Curl/Curl(144).jpg,2
data/D2/Curl/Curl(145).jpg,4
data/D2/Curl/Curl(146).jpg,0
data/D2/Curl/Curl(147).jpg,1
data/D2/Curl/Curl(148).jpg,0
data/D2/Curl/Curl(149).jpg,0
data/D2/Curl/Curl(15).jpg,4
data/D2/Curl/Curl(150).jpg,1
data/D2/Curl/Curl(151).jpg,2
data/D2/Curl/Curl(152).jpg,4
data/D2/Curl/Curl(153).jpg,4
data/D2/Curl/Curl(154).jpg,1
data/D2/Curl/Curl(155).jpg,2
data/D2/Curl/Curl(156).jpg,0
data/D2/Curl/Curl(157).jpg,4
data/D2/Curl/Curl(158).jpg,4
data/D2/Curl/Curl(159).jpg,2
data/D2/Curl/Curl(16).jpg,1
data/D2/Curl/Curl(160).jpg,2
data/D2/Curl/Curl(161).jpg,2
data/D2/Curl/Curl(162).jpg,2
data/D2/Curl/Curl(163).jpg,2
data/D2/Curl/Curl(164).jpg,0
data/D2/Curl/Curl(165).jpg,0
data/D2/Curl/Curl(166).jpg,3
data/D2/Curl/Curl(167).jpg,2
data/D2/Curl/Curl(168).jpg,1
data/D2/Curl/Curl(169).jpg,1
data/D2/Curl/Curl(17).jpg,4
data/D2/Curl/Curl(170).jpg,2
data/D2/Curl/Curl(171).jpg,0
data/D2/Curl/Curl(172).jpg,2
data/D2/Curl/Curl(173).jpg,1
data/D2/Curl/Curl(174).jpg,2
data/D2/Curl/Curl(175).jpg,0
data/D2/Curl/Curl(176).jpg,3
data/D2/Curl/Curl(177).jpg,4
data/D2/Curl/Curl(178).jpg,0
data/D2/Curl/Curl(179).jpg,4
data/D2/Curl/Curl(18).jpg,4
data/D2/Curl/Curl(180).jpg,4
data/D2/Curl/Curl(181).jpg,4
data/D2/Curl/Curl(182).jpg,0
data/D2/Curl/Curl(183).jpg,2
data/D2/Curl/Curl(184).jpg,3
data/D2/Curl/Curl(185).jpg,3
data/D2/Curl/Curl(186).jpg,1
data/D2/Curl/Curl(187).jpg,0
data/D2/Curl/Curl(188).jpg,3
data/D2/Curl/Curl(189).jpg,0
data/D2/Curl/Curl(19).jpg,0
data/D2/Curl/Curl(190).jpg,4
data/D2/Curl/Curl(191).jpg,3
data/D2/Curl/Curl(192).jpg,2
data/D2/Curl/Curl(193).jpg,4
data/D2/Curl/Curl(194).jpg,3
data/D2/Curl/Curl(195).jpg,3
data/D2/Curl/Curl(196).jpg,2
data/D2/Curl/Curl(197).jpg,2
data/D2/Curl/Curl(198).jpg,3
data/D2/Curl/Curl(199).jpg,2
data/D2/Curl/Curl(2).jpg,1
data/D2/Curl/Curl(20).jpg,1
data/D2/Curl/Curl(200).jpg,0
data/D2/Curl/Curl(201).jpg,0
data/D2/Curl/Curl(202).jpg,3
data/D2/Curl/Curl(203).jpg,0
data/D2/Curl/Curl(204).jpg,4
data/D2/Curl/Curl(205).jpg,4
data/D2/Curl/Curl(206).jpg,1
data/D2/Curl/Curl(207).jpg,2
data/D2/Curl/Curl(208).jpg,2
data/D2/Curl/Curl(209).jpg,2
data/D2/Curl/Curl(21).jpg,1
data/D2/Curl/Curl(210).jpg,4
data/D2/Curl/Curl(211).jpg,4
data/D2/Curl/Curl(212).jpg,2
data/D2/Curl/Curl(213).jpg,4
data/D2/Curl/Curl(214).jpg,1
data/D2/Curl/Curl(215).jpg,1
data/D2/Curl/Curl(216).jpg,1
data/D2/Curl/Curl(217).jpg,3
data/D2/Curl/Curl(218).jpg,3
data/D2/Curl/Curl(219).jpg,4
data/D2/Curl/Curl(22).jpg,3
data/D2/Curl/Curl(220).jpg,3
data/D2/Curl/Curl(221).jpg,3
data/D2/Curl/Curl(222).jpg,0
data/D2/Curl/Curl(223).jpg,4
data/D2/Curl/Curl(224).jpg,3
data/D2/Curl/Curl(225).jpg,3
data/D2/Curl/Curl(226).jpg,2
data/D2/Curl/Curl(227).jpg,3
data/D2/Curl/Curl(228).jpg,1
data/D2/Curl/Curl(229).jpg,1
data/D2/Curl/Curl(23).jpg,0
data/D2/Curl/Curl(230).jpg,0
data/D2/Curl/Curl(231).jpg,4
data/D2/Curl/Curl(232).jpg,2
data/D2/Curl/Curl(233).jpg,3
data/D2/Curl/Curl(234).jpg,2
data/D2/Curl/Curl(235).jpg,0
data/D2/Curl/Curl(236).jpg,4
data/D2/Curl/Curl(237).jpg,3
data/D2/Curl/Curl(238).jpg,4
data/D2/Curl/Curl(239).jpg,1
data/D2/Curl/Curl(24).jpg,3
data/D2/Curl/Curl(240).jpg,4
data/D2/Curl/Curl(241).jpg,1
data/D2/Curl/Curl(242).jpg,0
data/D2/Curl/Curl(243).jpg,1
data/D2/Curl/Curl(244).jpg,0
data/D2/Curl/Curl(245).jpg,4
data/D2/Curl/Curl(246).jpg,4
data/D2/Curl/Curl(247).jpg,2
data/D2/Curl/Curl(248).jpg,3
data/D2/Curl/Curl(249).jpg,1
data/D2/Curl/Curl(25).jpg,3
data/D2/Curl/Curl(250).jpg,1
data/D2/Curl/Curl(251).jpg,2
data/D2/Curl/Curl(252).jpg,3
data/D2/Curl/Curl(253).jpg,1
data/D2/Curl/Curl(254).jpg,4
data/D2/Curl/Curl(255).jpg,0
data/D2/Curl/Curl(256).jpg,3
data/D2/Curl/Curl(257).jpg,2
data/D2/Curl/Curl(258).jpg,4
data/D2/Curl/Curl(259).jpg,2
data/D2/Curl/Curl(26).jpg,1
data/D2/Curl/Curl(260).jpg,1
data/D2/Curl/Curl(261).jpg,2
data/D2/Curl/Curl(262).jpg,4
data/D2/Curl/Curl(263).jpg,4
data/D2/Curl/Curl(264).jpg,1
data/D2/Curl/Curl(265).jpg,4
data/D2/Curl/Curl(266).jpg,1
data/D2/Curl/Curl(267).jpg,1
data/D2/Curl/Curl(268).jpg,1
data/D2/Curl/Curl(269).jpg,1
data/D2/Curl/Curl(27).jpg,1
data/D2/Curl/Curl(270).jpg,2
data/D2/Curl/Curl(271).jpg,2
data/D2/Curl/Curl(272).jpg,0
data/D2/Curl/Curl(273).jpg,3
data/D2/Curl/Curl(274).jpg,0
data/D2/Curl/Curl(275).jpg,1
data/D2/Curl/Curl(276).jpg,0
data/D2/Curl/Curl(277).jpg,3
data/D2/Curl/Curl(278).jpg,1
data/D2/Curl/Curl(279).jpg,1
data/D2/Curl/Curl(28).jpg,0
data/D2/Curl/Curl(280).jpg,4
data/D2/Curl/Curl(281).jpg,4
data/D2/Curl/Curl(282).jpg,0
data/D2/Curl/Curl(283).jpg,0
data/D2/Curl/Curl(284).jpg,3
data/D2/Curl/Curl(285).jpg,2
data/D2/Curl/Curl(286).jpg,3
data/D2/Curl/Curl(287).jpg,3
data/D2/Curl/Curl(288).jpg,4
data/D2/Curl/Curl(289).jpg,2
data/D2/Curl/Curl(29).jpg,1
data/D2/Curl/Curl(290).jpg,1
data/D2/Curl/Curl(291).jpg,2
data/D2/Curl/Curl(292).jpg,3
data/D2/Curl/Curl(293).jpg,2
data/D2/Curl/Curl(294).jpg,2
data/D2/Curl/Curl(295).jpg,4
data/D2/Curl/Curl(296).jpg,3
data/D2/Curl/Curl(297).jpg,1
data/D2/Curl/Curl(298).jpg,3
data/D2/Curl/Curl(299).jpg,2
data/D2/Curl/Curl(3).jpg,1
data/D2/Curl/Curl(30).jpg,1
data/D2/Curl/Curl(300).jpg,4
data/D2/Curl/Curl(301).jpg,1
data/D2/Curl/Curl(302).jpg,1
data/D2/Curl/Curl(303).jpg,0
data/D2/Curl/Curl(304).jpg,2
data/D2/Curl/Curl(305).jpg,2
data/D2/Curl/Curl(306).jpg,3
data/D2/Curl/Curl(307).jpg,1
data/D2/Curl/Curl(308).jpg,4
data/D2/Curl/Curl(309).jpg,0
data/D2/Curl/Curl(31).jpg,1
data/D2/Curl/Curl(310).jpg,1
data/D2/Curl/Curl(311).jpg,3
data/D2/Curl/Curl(312).jpg,1
data/D2/Curl/Curl(313).jpg,1
data/D2/Curl/Curl(314).jpg,0
data/D2/Curl/Curl(315).jpg,4
data/D2/Curl/Curl(316).jpg,2
data/D2/Curl/Curl(317).jpg,3
data/D2/Curl/Curl(318).jpg,1
data/D2/Curl/Curl(319).jpg,0
data/D2/Curl/Curl(32).jpg,4
data/D2/Curl/Curl(320).jpg,3
data/D2/Curl/Curl(321).jpg,4
data/D2/Curl/Curl(322).jpg,1
data/D2/Curl/Curl(323).jpg,4
data/D2/Curl/Curl(324).jpg,4
data/D2/Curl/Curl(325).jpg,1
data/D2/Curl/Curl(326).jpg,1
data/D2/Curl/Curl(327).jpg,3
data/D2/Curl/Curl(328).jpg,3
data/D2/Curl/Curl(329).jpg,2
data/D2/Curl/Curl(33).jpg,3
data/D2/Curl/Curl(330).jpg,1
data/D2/Curl/Curl(331).jpg,2
data/D2/Curl/Curl(332).jpg,1
data/D2/Curl/Curl(333).jpg,4
data/D2/Curl/Curl(334).jpg,4
data/D2/Curl/Curl(335).jpg,0
data/D2/Curl/Curl(336).jpg,4
data/D2/Curl/Curl(337).jpg,2
data/D2/Curl/Curl(338).jpg,0
data/D2/Curl/Curl(339).jpg,3
data/D2/Curl/Curl(34).jpg,3
data/D2/Curl/Curl(340).jpg,2
data/D2/Curl/Curl(341).jpg,2
data/D2/Curl/Curl(342).jpg,3
data/D2/Curl/Curl(343).jpg,4
data/D2/Curl/Curl(344).jpg,1
data/D2/Curl/Curl(345).jpg,3
data/D2/Curl/Curl(346).jpg,1
data/D2/Curl/Curl(347).jpg,2
data/D2/Curl/Curl(348).jpg,3
data/D2/Curl/Curl(349).jpg,3
data/D2/Curl/Curl(35).jpg,1
data/D2/Curl/Curl(350).jpg,0
data/D2/Curl/Curl(351).jpg,1
data/D2/Curl/Curl(352).jpg,0
data/D2/Curl/Curl(353).jpg,3
data/D2/Curl/Curl(354).jpg,4
data/D2/Curl/Curl(355).jpg,3
data/D2/Curl/Curl(356).jpg,3
data/D2/Curl/Curl(357).jpg,3
data/D2/Curl/Curl(358).jpg,2
data/D2/Curl/Curl(359).jpg,3
data/D2/Curl/Curl(36).jpg,0
data/D2/Curl/Curl(360).jpg,4
data/D2/Curl/Curl(361).jpg,4
data/D2/Curl/Curl(362).jpg,3
data/D2/Curl/Curl(363).jpg,1
data/D2/Curl/Curl(364).jpg,3
data/D2/Curl/Curl(365).jpg,3
data/D2/Curl/Curl(366).jpg,3
data/D2/Curl/Curl(367).jpg,4
data/D2/Curl/Curl(368).jpg,0
data/D2/Curl/Curl(369).jpg,1
data/D2/Curl/Curl(37).jpg,3
data/D2/Curl/Curl(370).jpg,3
data/D2/Curl/Curl(371).jpg,1
data/D2/Curl/Curl(372).jpg,1
data/D2/Curl/Curl(373).jpg,4
data/D2/Curl/Curl(374).jpg,2
data/D2/Curl/Curl(375).jpg,1
data/D2/Curl/Curl(376).jpg,3
data/D2/Curl/Curl(377).jpg,2
data/D2/Curl/Curl(378).jpg,1
data/D2/Curl/Curl(379).jpg,3
data/D2/Curl/Curl(38).jpg,1
data/D2/Curl/Curl(380).jpg,1
data/D2/Curl/Curl(381).jpg,1
data/D2/Curl/Curl(382).jpg,3
data/D2/Curl/Curl(383).jpg,1
data/D2/Curl/Curl(384).jpg,0
data/D2/Curl/Curl(385).jpg,2
data/D2/Curl/Curl(386).jpg,1
data/D2/Curl/Curl(387).jpg,1
data/D2/Curl/Curl(388).jpg,3
data/D2/Curl/Curl(389).jpg,1
data/D2/Curl/Curl(39).jpg,4
data/D2/Curl/Curl(390).jpg,0
data/D2/Curl/Curl(391).jpg,0
data/D2/Curl/Curl(392).jpg,2
data/D2/Curl/Curl(393).jpg,2
data/D2/Curl/Curl(394).jpg,1
data/D2/Curl/Curl(395).jpg,2
data/D2/Curl/Curl(396).jpg,4
data/D2/Curl/Curl(397).jpg,2
data/D2/Curl/Curl(398).jpg,2
data/D2/Curl/Curl(399).jpg,0
data/D2/Curl/Curl(4).jpg,1
data/D2/Curl/Curl(40).jpg,4
data/D2/Curl/Curl(400).jpg,0
data/D2/Curl/Curl(401).jpg,2
data/D2/Curl/Curl(402).jpg,0
data/D2/Curl/Curl(403).jpg,2
data/D2/Curl/Curl(404).jpg,3
data/D2/Curl/Curl(405).jpg,0
data/D2/Curl/Curl(406).jpg,1
data/D2/Curl/Curl(407).jpg,0
data/D2/Curl/Curl(408).jpg,0
data/D2/Curl/Curl(409).jpg,0
data/D2/Curl/Curl(41).jpg,3
data/D2/Curl/Curl(410).jpg,4
data/D2/Curl/Curl(411).jpg,2
data/D2/Curl/Curl(412).jpg,4
data/D2/Curl/Curl(413).jpg,0
data/D2/Curl/Curl(414).jpg,3
data/D2/Curl/Curl(415).jpg,2
data/D2/Curl/Curl(416).jpg,1
data/D2/Curl/Curl(417).jpg,3
data/D2/Curl/Curl(418).jpg,4
data/D2/Curl/Curl(419).jpg,0
data/D2/Curl/Curl(42).jpg,2
data/D2/Curl/Curl(420).jpg,0
data/D2/Curl/Curl(421).jpg,2
data/D2/Curl/Curl(422).jpg,1
data/D2/Curl/Curl(423).jpg,1
data/D2/Curl/Curl(424).jpg,0
data/D2/Curl/Curl(425).jpg,1
data/D2/Curl/Curl(426).jpg,4
data/D2/Curl/Curl(427).jpg,0
data/D2/Curl/Curl(428).jpg,4
data/D2/Curl/Curl(429).jpg,3
data/D2/Curl/Curl(43).jpg,0
data/D2/Curl/Curl(430).jpg,3
data/D2/Curl/Curl(431).jpg,1
data/D2/Curl/Curl(432).jpg,1
data/D2/Curl/Curl(433).jpg,2
data/D2/Curl/Curl(434).jpg,3
data/D2/Curl/Curl(435).jpg,0
data/D2/Curl/Curl(436).jpg,1
data/D2/Curl/Curl(437).jpg,4
data/D2/Curl/Curl(438).jpg,4
data/D2/Curl/Curl(439).jpg,2
data/D2/Curl/Curl(44).jpg,4
data/D2/Curl/Curl(440).jpg,0
data/D2/Curl/Curl(441).jpg,1
data/D2/Curl/Curl(442).jpg,2
data/D2/Curl/Curl(443).jpg,0
data/D2/Curl/Curl(444).jpg,3
data/D2/Curl/Curl(445).jpg,0
data/D2/Curl/Curl(446).jpg,2
data/D2/Curl/Curl(447).jpg,3
data/D2/Curl/Curl(448).jpg,0
data/D2/Curl/Curl(449).jpg,0
data/D2/Curl/Curl(45).jpg,0
data/D2/Curl/Curl(450).jpg,2
data/D2/Curl/Curl(451).jpg,2
data/D2/Curl/Curl(452).jpg,3
data/D2/Curl/Curl(453).jpg,1
data/D2/Curl/Curl(454).jpg,4
data/D2/Curl/Curl(455).jpg,1
data/D2/Curl/Curl(456).jpg,2
data/D2/Curl/Curl(457).jpg,1
data/D2/Curl/Curl(458).jpg,3
data/D2/Curl/Curl(459).jpg,1
data/D2/Curl/Curl(46).jpg,2
data/D2/Curl/Curl(460).jpg,1
data/D2/Curl/Curl(461).jpg,1
data/D2/Curl/Curl(462).jpg,1
data/D2/Curl/Curl(463).jpg,1
data/D2/Curl/Curl(464).jpg,1
data/D2/Curl/Curl(465).jpg,4
data/D2/Curl/Curl(466).jpg,1
data/D2/Curl/Curl(467).jpg,1
data/D2/Curl/Curl(468).jpg,1
data/D2/Curl/Curl(469).jpg,0
data/D2/Curl/Curl(47).jpg,2
data/D2/Curl/Curl(470).jpg,0
data/D2/Curl/Curl(471).jpg,2
data/D2/Curl/Curl(472).jpg,2
data/D2/Curl/Curl(473).jpg,2
data/D2/Curl/Curl(474).jpg,3
data/D2/Curl/Curl(475).jpg,3
data/D2/Curl/Curl(476).jpg,1
data/D2/Curl/Curl(477).jpg,0
data/D2/Curl/Curl(478).jpg,1
data/D2/Curl/Curl(479).jpg,1
data/D2/Curl/Curl(48).jpg,4
data/D2/Curl/Curl(480).jpg,2
data/D2/Curl/Curl(481).jpg,3
data/D2/Curl/Curl(482).jpg,2
data/D2/Curl/Curl(483).jpg,1
data/D2/Curl/Curl(484).jpg,1
data/D2/Curl/Curl(485).jpg,1
data/D2/Curl/Curl(486).jpg,3
data/D2/Curl/Curl(487).jpg,2
data/D2/Curl/Curl(488).jpg,2
data/D2/Curl/Curl(489).jpg,2
data/D2/Curl/Curl(49).jpg,2
data/D2/Curl/Curl(490).jpg,1
data/D2/Curl/Curl(491).jpg,1
data/D2/Curl/Curl(492).jpg,2
data/D2/Curl/Curl(493).jpg,3
data/D2/Curl/Curl(494).jpg,1
data/D2/Curl/Curl(495).jpg,1
data/D2/Curl/Curl(496).jpg,4
data/D2/Curl/Curl(497).jpg,2
data/D2/Curl/Curl(498).jpg,4
data/D2/Curl/Curl(499).jpg,3
data/D2/Curl/Curl(5).jpg,4
data/D2/Curl/Curl(50).jpg,2
data/D2/Curl/Curl(500).jpg,1
data/D2/Curl/Curl(501).jpg,0
data/D2/Curl/Curl(502).jpg,1
data/D2/Curl/Curl(503).jpg,3
data/D2/Curl/Curl(504).jpg,2
data/D2/Curl/Curl(505).jpg,3
data/D2/Curl/Curl(506).jpg,2
data/D2/Curl/Curl(507).jpg,0
data/D2/Curl/Curl(508).jpg,3
data/D2/Curl/Curl(509).jpg,1
data/D2/Curl/Curl(51).jpg,4
data/D2/Curl/Curl(510).jpg,0
data/D2/Curl/Curl(511).jpg,4
data/D2/Curl/Curl(512).jpg,1
data/D2/Curl/Curl(513).jpg,1
data/D2/Curl/Curl(514).jpg,2
data/D2/Curl/Curl(515).jpg,1
data/D2/Curl/Curl(516).jpg,2
data/D2/Curl/Curl(517).jpg,3
data/D2/Curl/Curl(518).jpg,3
data/D2/Curl/Curl(519).jpg,4
data/D2/Curl/Curl(52).jpg,2
data/D2/Curl/Curl(520).jpg,4
data/D2/Curl/Curl(521).jpg,1
data/D2/Curl/Curl(522).jpg,1
data/D2/Curl/Curl(523).jpg,2
data/D2/Curl/Curl(524).jpg,1
data/D2/Curl/Curl(525).jpg,1
data/D2/Curl/Curl(526).jpg,1
data/D2/Curl/Curl(527).jpg,1
data/D2/Curl/Curl(528).jpg,4
data/D2/Curl/Curl(529).jpg,2
data/D2/Curl/Curl(53).jpg,3
data/D2/Curl/Curl(530).jpg,1
data/D2/Curl/Curl(531).jpg,4
data/D2/Curl/Curl(532).jpg,1
data/D2/Curl/Curl(533).jpg,1
data/D2/Curl/Curl(534).jpg,4
data/D2/Curl/Curl(535).jpg,3
data/D2/Curl/Curl(536).jpg,2
data/D2/Curl/Curl(537).jpg,0
data/D2/Curl/Curl(538).jpg,4
data/D2/Curl/Curl(539).jpg,4
data/D2/Curl/Curl(54).jpg,0
data/D2/Curl/Curl(540).jpg,1
data/D2/Curl/Curl(541).jpg,1
data/D2/Curl/Curl(542).jpg,1
data/D2/Curl/Curl(543).jpg,2
data/D2/Curl/Curl(544).jpg,2
data/D2/Curl/Curl(545).jpg,1
data/D2/Curl/Curl(546).jpg,1
data/D2/Curl/Curl(547).jpg,1
data/D2/Curl/Curl(548).jpg,1
data/D2/Curl/Curl(549).jpg,3
data/D2/Curl/Curl(55).jpg,1
data/D2/Curl/Curl(550).jpg,4
data/D2/Curl/Curl(551).jpg,4
data/D2/Curl/Curl(552).jpg,0
data/D2/Curl/Curl(553).jpg,1
data/D2/Curl/Curl(554).jpg,1
data/D2/Curl/Curl(555).jpg,4
data/D2/Curl/Curl(556).jpg,3
data/D2/Curl/Curl(557).jpg,1
data/D2/Curl/Curl(558).jpg,0
data/D2/Curl/Curl(559).jpg,0
data/D2/Curl/Curl(56).jpg,1
data/D2/Curl/Curl(560).jpg,1
data/D2/Curl/Curl(561).jpg,2
data/D2/Curl/Curl(562).jpg,0
data/D2/Curl/Curl(563).jpg,1
data/D2/Curl/Curl(564).jpg,0
data/D2/Curl/Curl(565).jpg,0
data/D2/Curl/Curl(566).jpg,2
data/D2/Curl/Curl(567).jpg,1
data/D2/Curl/Curl(568).jpg,3
data/D2/Curl/Curl(569).jpg,4
data/D2/Curl/Curl(57).jpg,2
data/D2/Curl/Curl(570).jpg,4
data/D2/Curl/Curl(571).jpg,1
data/D2/Curl/Curl(572).jpg,1
data/D2/Curl/Curl(573).jpg,1
data/D2/Curl/Curl(574).jpg,2
data/D2/Curl/Curl(575).jpg,0
data/D2/Curl/Curl(576).jpg,1
data/D2/Curl/Curl(577).jpg,1
data/D2/Curl/Curl(578).jpg,2
data/D2/Curl/Curl(579).jpg,0
data/D2/Curl/Curl(58).jpg,1
data/D2/Curl/Curl(580).jpg,2
data/D2/Curl/Curl(581).jpg,2
data/D2/Curl/Curl(582).jpg,0
data/D2/Curl/Curl(583).jpg,0
data/D2/Curl/Curl(584).jpg,0
data/D2/Curl/Curl(585).jpg,4
data/D2/Curl/Curl(59).jpg,1
data/D2/Curl/Curl(6).jpg,3
data/D2/Curl/Curl(60).jpg,2
data/D2/Curl/Curl(61).jpg,3
data/D2/Curl/Curl(62).jpg,4
data/D2/Curl/Curl(63).jpg,4
data/D2/Curl/Curl(64).jpg,4
data/D2/Curl/Curl(65).jpg,4
data/D2/Curl/Curl(66).jpg,2
data/D2/Curl/Curl(67).jpg,1
data/D2/Curl/Curl(68).jpg,0
data/D2/Curl/Curl(69).jpg,0
data/D2/Curl/Curl(7).jpg,2
data/D2/Curl/Curl(70).jpg,2
data/D2/Curl/Curl(71).jpg,3
data/D2/Curl/Curl(72).jpg,0
data/D2/Curl/Curl(73).jpg,3
data/D2/Curl/Curl(74).jpg,1
data/D2/Curl/Curl(75).jpg,4
data/D2/Curl/Curl(76).jpg,2
data/D2/Curl/Curl(77).jpg,4
data/D2/Curl/Curl(78).jpg,0
data/D2/Curl/Curl(79).jpg,2
data/D2/Curl/Curl(8).jpg,4
data/D2/Curl/Curl(80).jpg,2
data/D2/Curl/Curl(81).jpg,2
data/D2/Curl/Curl(82).jpg,1
data/D2/Curl/Curl(83).jpg,2
data/D2/Curl/Curl(84).jpg,2
data/D2/Curl/Curl(85).jpg,0
data/D2/Curl/Curl(86).jpg,0
data/D2/Curl/Curl(87).jpg,4
data/D2/Curl/Curl(88).jpg,1
data/D2/Curl/Curl(89).jpg,4
data/D2/Curl/Curl(9).jpg,4
data/D2/Curl/Curl(90).jpg,4
data/D2/Curl/Curl(91).jpg,0
data/D2/Curl/Curl(92).jpg,1
data/D2/Curl/Curl(93).jpg,0
data/D2/Curl/Curl(94).jpg,0
data/D2/Curl/Curl(95).jpg,2
data/D2/Curl/Curl(96).jpg,3
data/D2/Curl/Curl(97).jpg,3
data/D2/Curl/Curl(98).jpg,3
data/D2/Curl/Curl(99).jpg,4
data/D2/Healthy/Healthy(1).jpg,4
data/D2/Healthy/Healthy(10).jpg,1
data/D2/Healthy/Healthy(100).jpg,1
data/D2/Healthy/Healthy(101).jpg,1
data/D2/Healthy/Healthy(102).jpg,4
data/D2/Healthy/Healthy(103).jpg,4
data/D2/Healthy/Healthy(104).jpg,4
data/D2/Healthy/Healthy(105).jpg,1
data/D2/Healthy/Healthy(106).jpg,3
data/D2/Healthy/Healthy(107).jpg,3
data/D2/Healthy/Healthy(108).jpg,2
data/D2/Healthy/Healthy(109).jpg,4
data/D2/Healthy/Healthy(11).jpg,3
data/D2/Healthy/Healthy(110).jpg,2
data/D2/Healthy/Healthy(111).jpg,4
data/D2/Healthy/Healthy(112).jpg,2
data/D2/Healthy/Healthy(113).jpg,1
data/D2/Healthy/Healthy(114).jpg,1
data/D2/Healthy/Healthy(115).jpg,1
data/D2/Healthy/Healthy(116).jpg,2
data/D2/Healthy/Healthy(117).jpg,3
data/D2/Healthy/Healthy(118).jpg,1
data/D2/Healthy/Healthy(119).jpg,3
data/D2/Healthy/Healthy(12).jpg,1
data/D2/Healthy/Healthy(120).jpg,2
data/D2/Healthy/Healthy(121).jpg,3
data/D2/Healthy/Healthy(122).jpg,1
data/D2/Healthy/Healthy(123).jpg,1
data/D2/Healthy/Healthy(124).jpg,2
data/D2/Healthy/Healthy(125).jpg,3
data/D2/Healthy/Healthy(126).jpg,1
data/D2/Healthy/Healthy(127).jpg,4
data/D2/Healthy/Healthy(128).jpg,1
data/D2/Healthy/Healthy(129).jpg,1
data/D2/Healthy/Healthy(13).jpg,1
data/D2/Healthy/Healthy(130).jpg,1
data/D2/Healthy/Healthy(131).jpg,2
data/D2/Healthy/Healthy(132).jpg,3
data/D2/Healthy/Healthy(133).jpg,2
data/D2/Healthy/Healthy(134).jpg,1
data/D2/Healthy/Healthy(135).jpg,1
data/D2/Healthy/Healthy(136).jpg,1
data/D2/Healthy/Healthy(137).jpg,1
data/D2/Healthy/Healthy(138).jpg,4
data/D2/Healthy/Healthy(139).jpg,2
data/D2/Healthy/Healthy(14).jpg,3
data/D2/Healthy/Healthy(140).jpg,4
data/D2/Healthy/Healthy(141).jpg,2
data/D2/Healthy/Healthy(142).jpg,3
data/D2/Healthy/Healthy(143).jpg,4
data/D2/Healthy/Healthy(144).jpg,4
data/D2/Healthy/Healthy(145).jpg,4
data/D2/Healthy/Healthy(146).jpg,2
data/D2/Healthy/Healthy(147).jpg,1
data/D2/Healthy/Healthy(148).jpg,2
data/D2/Healthy/Healthy(149).jpg,2
data/D2/Healthy/Healthy(15).jpg,3
data/D2/Healthy/Healthy(150).jpg,1
data/D2/Healthy/Healthy(151).jpg,1
data/D2/Healthy/Healthy(152).jpg,4
data/D2/Healthy/Healthy(153).jpg,4
data/D2/Healthy/Healthy(154).jpg,3
data/D2/Healthy/Healthy(155).jpg,1
data/D2/Healthy/Healthy(156).jpg,1
data/D2/Healthy/Healthy(157).jpg,4
data/D2/Healthy/Healthy(158).jpg,2
data/D2/Healthy/Healthy(159).jpg,1
data/D2/Healthy/Healthy(16).jpg,3
data/D2/Healthy/Healthy(160).jpg,2
data/D2/Healthy/Healthy(161).jpg,1
data/D2/Healthy/Healthy(162).jpg,4
data/D2/Healthy/Healthy(163).jpg,4
data/D2/Healthy/Healthy(164).jpg,1
data/D2/Healthy/Healthy(165).jpg,1
data/D2/Healthy/Healthy(166).jpg,1
data/D2/Healthy/Healthy(167).jpg,1
data/D2/Healthy/Healthy(168).jpg,1
data/D2/Healthy/Healthy(169).jpg,3
data/D2/Healthy/Healthy(17).jpg,3
data/D2/Healthy/Healthy(170).jpg,1
data/D2/Healthy/Healthy(171).jpg,1
data/D2/Healthy/Healthy(172).jpg,3
data/D2/Healthy/Healthy(173).jpg,1
data/D2/Healthy/Healthy(174).jpg,1
data/D2/Healthy/Healthy(175).jpg,1
data/D2/Healthy/Healthy(176).jpg,1
data/D2/Healthy/Healthy(177).jpg,2
data/D2/Healthy/Healthy(178).jpg,1
data/D2/Healthy/Healthy(179).jpg,4
data/D2/Healthy/Healthy(18).jpg,4
data/D2/Healthy/Healthy(180).jpg,1
data/D2/Healthy/Healthy(181).jpg,3
data/D2/Healthy/Healthy(182).jpg,1
data/D2/Healthy/Healthy(183).jpg,1
data/D2/Healthy/Healthy(184).jpg,1
data/D2/Healthy/Healthy(185).jpg,2
data/D2/Healthy/Healthy(186).jpg,4
data/D2/Healthy/Healthy(187).jpg,2
data/D2/Healthy/Healthy(188).jpg,4
data/D2/Healthy/Healthy(189).jpg,1
data/D2/Healthy/Healthy(19).jpg,2
data/D2/Healthy/Healthy(190).jpg,1
data/D2/Healthy/Healthy(191).jpg,1
data/D2/Healthy/Healthy(192).jpg,1
data/D2/Healthy/Healthy(193).jpg,4
data/D2/Healthy/Healthy(194).jpg,3
data/D2/Healthy/Healthy(195).jpg,1
data/D2/Healthy/Healthy(196).jpg,1
data/D2/Healthy/Healthy(197).jpg,1
data/D2/Healthy/Healthy(198).jpg,1
data/D2/Healthy/Healthy(199).jpg,1
data/D2/Healthy/Healthy(2).jpg,2
data/D2/Healthy/Healthy(20).jpg,3
data/D2/Healthy/Healthy(200).jpg,2
data/D2/Healthy/Healthy(201).jpg,2
data/D2/Healthy/Healthy(202).jpg,2
data/D2/Healthy/Healthy(203).jpg,3
data/D2/Healthy/Healthy(204).jpg,2
data/D2/Healthy/Healthy(205).jpg,2
data/D2/Healthy/Healthy(206).jpg,4
data/D2/Healthy/Healthy(207).jpg,1
data/D2/Healthy/Healthy(208).jpg,4
data/D2/Healthy/Healthy(209).jpg,3
data/D2/Healthy/Healthy(21).jpg,1
data/D2/Healthy/Healthy(210).jpg,2
data/D2/Healthy/Healthy(211).jpg,1
data/D2/Healthy/Healthy(212).jpg,3
data/D2/Healthy/Healthy(213).jpg,2
data/D2/Healthy/Healthy(214).jpg,3
data/D2/Healthy/Healthy(215).jpg,1
data/D2/Healthy/Healthy(216).jpg,1
data/D2/Healthy/Healthy(217).jpg,2
data/D2/Healthy/Healthy(218).jpg,3
data/D2/Healthy/Healthy(219).jpg,2
data/D2/Healthy/Healthy(22).jpg,1
data/D2/Healthy/Healthy(220).jpg,4
data/D2/Healthy/Healthy(221).jpg,4
data/D2/Healthy/Healthy(222).jpg,3
data/D2/Healthy/Healthy(223).jpg,1
data/D2/Healthy/Healthy(224).jpg,3
data/D2/Healthy/Healthy(225).jpg,4
data/D2/Healthy/Healthy(226).jpg,3
data/D2/Healthy/Healthy(227).jpg,3
data/D2/Healthy/Healthy(228).jpg,3
data/D2/Healthy/Healthy(23).jpg,3
data/D2/Healthy/Healthy(24).jpg,4
data/D2/Healthy/Healthy(25).jpg,4
data/D2/Healthy/Healthy(26).jpg,3
data/D2/Healthy/Healthy(27).jpg,1
data/D2/Healthy/Healthy(28).jpg,4
data/D2/Healthy/Healthy(29).jpg,1
data/D2/Healthy/Healthy(3).jpg,1
data/D2/Healthy/Healthy(30).jpg,1
data/D2/Healthy/Healthy(31).jpg,3
data/D2/Healthy/Healthy(32).jpg,1
data/D2/Healthy/Healthy(33).jpg,1
data/D2/Healthy/Healthy(34).jpg,3
data/D2/Healthy/Healthy(35).jpg,4
data/D2/Healthy/Healthy(36).jpg,2
data/D2/Healthy/Healthy(37).jpg,1
data/D2/Healthy/Healthy(38).jpg,2
data/D2/Healthy/Healthy(39).jpg,2
data/D2/Healthy/Healthy(4).jpg,2
data/D2/Healthy/Healthy(40).jpg,1
data/D2/Healthy/Healthy(41).jpg,1
data/D2/Healthy/Healthy(42).jpg,1
data/D2/Healthy/Healthy(43).jpg,1
data/D2/Healthy/Healthy(44).jpg,1
data/D2/Healthy/Healthy(45).jpg,3
data/D2/Healthy/Healthy(46).jpg,1
data/D2/Healthy/Healthy(47).jpg,1
data/D2/Healthy/Healthy(48).jpg,3
data/D2/Healthy/Healthy(49).jpg,3
data/D2/Healthy/Healthy(5).jpg,2
data/D2/Healthy/Healthy(50).jpg,3
data/D2/Healthy/Healthy(51).jpg,3
data/D2/Healthy/Healthy(52).jpg,4
data/D2/Healthy/Healthy(53).jpg,2
data/D2/Healthy/Healthy(54).jpg,3
data/D2/Healthy/Healthy(55).jpg,1
data/D2/Healthy/Healthy(56).jpg,1
data/D2/Healthy/Healthy(57).jpg,3
data/D2/Healthy/Healthy(58).jpg,4
data/D2/Healthy/Healthy(59).jpg,4
data/D2/Healthy/Healthy(6).jpg,1
data/D2/Healthy/Healthy(60).jpg,3
data/D2/Healthy/Healthy(61).jpg,1
data/D2/Healthy/Healthy(62).jpg,4
data/D2/Healthy/Healthy(63).jpg,1
data/D2/Healthy/Healthy(64).jpg,1
data/D2/Healthy/Healthy(65).jpg,3
data/D2/Healthy/Healthy(66).jpg,1
data/D2/Healthy/Healthy(67).jpg,1
data/D2/Healthy/Healthy(68).jpg,1
data/D2/Healthy/Healthy(69).jpg,1
data/D2/Healthy/Healthy(7).jpg,1
data/D2/Healthy/Healthy(70).jpg,4
data/D2/Healthy/Healthy(71).jpg,1
data/D2/Healthy/Healthy(72).jpg,2
data/D2/Healthy/Healthy(73).jpg,3
data/D2/Healthy/Healthy(74).jpg,2
data/D2/Healthy/Healthy(75).jpg,1
data/D2/Healthy/Healthy(76).jpg,3
data/D2/Healthy/Healthy(77).jpg,1
data/D2/Healthy/Healthy(78).jpg,1
data/D2/Healthy/Healthy(79).jpg,1
data/D2/Healthy/Healthy(8).jpg,1
data/D2/Healthy/Healthy(80).jpg,1
data/D2/Healthy/Healthy(81).jpg,1
data/D2/Healthy/Healthy(82).jpg,1
data/D2/Healthy/Healthy(83).jpg,1
data/D2/Healthy/Healthy(84).jpg,1
data/D2/Healthy/Healthy(85).jpg,1
data/D2/Healthy/Healthy(86).jpg,1
data/D2/Healthy/Healthy(87).jpg,1
data/D2/Healthy/Healthy(88).jpg,4
data/D2/Healthy/Healthy(89).jpg,4
data/D2/Healthy/Healthy(9).jpg,1
data/D2/Healthy/Healthy(90).jpg,2
data/D2/Healthy/Healthy(91).jpg,1
data/D2/Healthy/Healthy(92).jpg,4
data/D2/Healthy/Healthy(93).jpg,4
data/D2/Healthy/Healthy(94).jpg,4
data/D2/Healthy/Healthy(95).jpg,3
data/D2/Healthy/Healthy(96).jpg,1
data/D2/Healthy/Healthy(97).jpg,4
data/D2/Healthy/Healthy(98).jpg,1
data/D2/Healthy/Healthy(99).jpg,1
data/D2/RingSpot/RingSpot(1).jpg,3
data/D2/RingSpot/RingSpot(10).jpg,3
data/D2/RingSpot/RingSpot(100).jpg,1
data/D2/RingSpot/RingSpot(101).jpg,2
data/D2/RingSpot/RingSpot(102).jpg,3
data/D2/RingSpot/RingSpot(103).jpg,2
data/D2/RingSpot/RingSpot(104).jpg,4
data/D2/RingSpot/RingSpot(105).jpg,1
data/D2/RingSpot/RingSpot(106).jpg,1
data/D2/RingSpot/RingSpot(107).jpg,1
data/D2/RingSpot/RingSpot(108).jpg,1
data/D2/RingSpot/RingSpot(109).jpg,3
data/D2/RingSpot/RingSpot(11).jpg,4
data/D2/RingSpot/RingSpot(110).jpg,4
data/D2/RingSpot/RingSpot(111).jpg,0
data/D2/RingSpot/RingSpot(112).jpg,0
data/D2/RingSpot/RingSpot(113).jpg,3
data/D2/RingSpot/RingSpot(114).jpg,2
data/D2/RingSpot/RingSpot(115).jpg,0
data/D2/RingSpot/RingSpot(116).jpg,1
data/D2/RingSpot/RingSpot(117).jpg,1
data/D2/RingSpot/RingSpot(118).jpg,1
data/D2/RingSpot/RingSpot(119).jpg,1
data/D2/RingSpot/RingSpot(12).jpg,3
data/D2/RingSpot/RingSpot(120).jpg,2
data/D2/RingSpot/RingSpot(121).jpg,1
data/D2/RingSpot/RingSpot(122).jpg,4
data/D2/RingSpot/RingSpot(123).jpg,1
data/D2/RingSpot/RingSpot(124).jpg,1
data/D2/RingSpot/RingSpot(125).jpg,0
data/D2/RingSpot/RingSpot(126).jpg,1
data/D2/RingSpot/RingSpot(127).jpg,1
data/D2/RingSpot/RingSpot(128).jpg,1
data/D2/RingSpot/RingSpot(129).jpg,2
data/D2/RingSpot/RingSpot(13).jpg,0
data/D2/RingSpot/RingSpot(130).jpg,2
data/D2/RingSpot/RingSpot(131).jpg,3
data/D2/RingSpot/RingSpot(132).jpg,1
data/D2/RingSpot/RingSpot(133).jpg,0
data/D2/RingSpot/RingSpot(134).jpg,3
data/D2/RingSpot/RingSpot(135).jpg,1
data/D2/RingSpot/RingSpot(136).jpg,3
data/D2/RingSpot/RingSpot(137).jpg,4
data/D2/RingSpot/RingSpot(138).jpg,2
data/D2/RingSpot/RingSpot(139).jpg,1
data/D2/RingSpot/RingSpot(14).jpg,4
data/D2/RingSpot/RingSpot(140).jpg,1
data/D2/RingSpot/RingSpot(141).jpg,0
data/D2/RingSpot/RingSpot(142).jpg,0
data/D2/RingSpot/RingSpot(143).jpg,0
data/D2/RingSpot/RingSpot(144).jpg,2
data/D2/RingSpot/RingSpot(145).jpg,1
data/D2/RingSpot/RingSpot(146).jpg,4
data/D2/RingSpot/RingSpot(147).jpg,4
data/D2/RingSpot/RingSpot(148).jpg,0
data/D2/RingSpot/RingSpot(149).jpg,0
data/D2/RingSpot/RingSpot(15).jpg,4
data/D2/RingSpot/RingSpot(150).jpg,3
data/D2/RingSpot/RingSpot(151).jpg,1
data/D2/RingSpot/RingSpot(152).jpg,1
data/D2/RingSpot/RingSpot(153).jpg,2
data/D2/RingSpot/RingSpot(154).jpg,1
data/D2/RingSpot/RingSpot(155).jpg,0
data/D2/RingSpot/RingSpot(156).jpg,1
data/D2/RingSpot/RingSpot(157).jpg,1
data/D2/RingSpot/RingSpot(158).jpg,3
data/D2/RingSpot/RingSpot(159).jpg,3
data/D2/RingSpot/RingSpot(16).jpg,3
data/D2/RingSpot/RingSpot(160).jpg,4
data/D2/RingSpot/RingSpot(161).jpg,0
data/D2/RingSpot/RingSpot(162).jpg,3
data/D2/RingSpot/RingSpot(163).jpg,3
data/D2/RingSpot/RingSpot(164).jpg,1
data/D2/RingSpot/RingSpot(165).jpg,2
data/D2/RingSpot/RingSpot(166).jpg,2
data/D2/RingSpot/RingSpot(167).jpg,1
data/D2/RingSpot/RingSpot(168).jpg,1
data/D2/RingSpot/RingSpot(169).jpg,1
data/D2/RingSpot/RingSpot(17).jpg,0
data/D2/RingSpot/RingSpot(170).jpg,1
data/D2/RingSpot/RingSpot(171).jpg,1
data/D2/RingSpot/RingSpot(172).jpg,1
data/D2/RingSpot/RingSpot(173).jpg,1
data/D2/RingSpot/RingSpot(174).jpg,2
data/D2/RingSpot/RingSpot(175).jpg,2
data/D2/RingSpot/RingSpot(176).jpg,1
data/D2/RingSpot/RingSpot(177).jpg,3
data/D2/RingSpot/RingSpot(178).jpg,1
data/D2/RingSpot/RingSpot(179).jpg,0
data/D2/RingSpot/RingSpot(18).jpg,2
data/D2/RingSpot/RingSpot(180).jpg,1
data/D2/RingSpot/RingSpot(181).jpg,1
data/D2/RingSpot/RingSpot(182).jpg,1
data/D2/RingSpot/RingSpot(183).jpg,2
data/D2/RingSpot/RingSpot(184).jpg,3
data/D2/RingSpot/RingSpot(185).jpg,1
data/D2/RingSpot/RingSpot(186).jpg,4
data/D2/RingSpot/RingSpot(187).jpg,1
data/D2/RingSpot/RingSpot(188).jpg,0
data/D2/RingSpot/RingSpot(189).jpg,1
data/D2/RingSpot/RingSpot(19).jpg,2
data/D2/RingSpot/RingSpot(190).jpg,1
data/D2/RingSpot/RingSpot(191).jpg,0
data/D2/RingSpot/RingSpot(192).jpg,1
data/D2/RingSpot/RingSpot(193).jpg,1
data/D2/RingSpot/RingSpot(194).jpg,4
data/D2/RingSpot/RingSpot(195).jpg,1
data/D2/RingSpot/RingSpot(196).jpg,1
data/D2/RingSpot/RingSpot(197).jpg,1
data/D2/RingSpot/RingSpot(198).jpg,2
data/D2/RingSpot/RingSpot(199).jpg,4
data/D2/RingSpot/RingSpot(2).jpg,1
data/D2/RingSpot/RingSpot(20).jpg,4
data/D2/RingSpot/RingSpot(200).jpg,4
data/D2/RingSpot/RingSpot(201).jpg,0
data/D2/RingSpot/RingSpot(202).jpg,4
data/D2/RingSpot/RingSpot(203).jpg,1
data/D2/RingSpot/RingSpot(204).jpg,1
data/D2/RingSpot/RingSpot(205).jpg,3
data/D2/RingSpot/RingSpot(206).jpg,1
data/D2/RingSpot/RingSpot(207).jpg,1
data/D2/RingSpot/RingSpot(208).jpg,1
data/D2/RingSpot/RingSpot(209).jpg,1
data/D2/RingSpot/RingSpot(21).jpg,1
data/D2/RingSpot/RingSpot(210).jpg,4
data/D2/RingSpot/RingSpot(211).jpg,2
data/D2/RingSpot/RingSpot(212).jpg,0
data/D2/RingSpot/RingSpot(213).jpg,4
data/D2/RingSpot/RingSpot(214).jpg,0
data/D2/RingSpot/RingSpot(215).jpg,2
data/D2/RingSpot/RingSpot(216).jpg,0
data/D2/RingSpot/RingSpot(217).jpg,1
data/D2/RingSpot/RingSpot(218).jpg,1
data/D2/RingSpot/RingSpot(219).jpg,4
data/D2/RingSpot/RingSpot(22).jpg,4
data/D2/RingSpot/RingSpot(220).jpg,3
data/D2/RingSpot/RingSpot(221).jpg,1
data/D2/RingSpot/RingSpot(222).jpg,1
data/D2/RingSpot/RingSpot(223).jpg,0
data/D2/RingSpot/RingSpot(224).jpg,0
data/D2/RingSpot/RingSpot(225).jpg,0
data/D2/RingSpot/RingSpot(226).jpg,1
data/D2/RingSpot/RingSpot(227).jpg,1
data/D2/RingSpot/RingSpot(228).jpg,1
data/D2/RingSpot/RingSpot(229).jpg,1
data/D2/RingSpot/RingSpot(23).jpg,3
data/D2/RingSpot/RingSpot(230).jpg,1
data/D2/RingSpot/RingSpot(231).jpg,0
data/D2/RingSpot/RingSpot(232).jpg,1
data/D2/RingSpot/RingSpot(233).jpg,2
data/D2/RingSpot/RingSpot(234).jpg,1
data/D2/RingSpot/RingSpot(235).jpg,2
data/D2/RingSpot/RingSpot(236).jpg,1
data/D2/RingSpot/RingSpot(237).jpg,3
data/D2/RingSpot/RingSpot(238).jpg,1
data/D2/RingSpot/RingSpot(239).jpg,2
data/D2/RingSpot/RingSpot(24).jpg,1
data/D2/RingSpot/RingSpot(240).jpg,1
data/D2/RingSpot/RingSpot(241).jpg,3
data/D2/RingSpot/RingSpot(242).jpg,1
data/D2/RingSpot/RingSpot(243).jpg,1
data/D2/RingSpot/RingSpot(244).jpg,0
data/D2/RingSpot/RingSpot(245).jpg,1
data/D2/RingSpot/RingSpot(246).jpg,1
data/D2/RingSpot/RingSpot(247).jpg,3
data/D2/RingSpot/RingSpot(248).jpg,1
data/D2/RingSpot/RingSpot(249).jpg,2
data/D2/RingSpot/RingSpot(25).jpg,1
data/D2/RingSpot/RingSpot(250).jpg,1
data/D2/RingSpot/RingSpot(251).jpg,1
data/D2/RingSpot/RingSpot(252).jpg,1
data/D2/RingSpot/RingSpot(253).jpg,2
data/D2/RingSpot/RingSpot(254).jpg,1
data/D2/RingSpot/RingSpot(255).jpg,3
data/D2/RingSpot/RingSpot(256).jpg,1
data/D2/RingSpot/RingSpot(257).jpg,4
data/D2/RingSpot/RingSpot(258).jpg,1
data/D2/RingSpot/RingSpot(259).jpg,1
data/D2/RingSpot/RingSpot(26).jpg,1
data/D2/RingSpot/RingSpot(260).jpg,4
data/D2/RingSpot/RingSpot(261).jpg,1
data/D2/RingSpot/RingSpot(262).jpg,2
data/D2/RingSpot/RingSpot(263).jpg,0
data/D2/RingSpot/RingSpot(264).jpg,2
data/D2/RingSpot/RingSpot(265).jpg,3
data/D2/RingSpot/RingSpot(266).jpg,1
data/D2/RingSpot/RingSpot(267).jpg,1
data/D2/RingSpot/RingSpot(268).jpg,4
data/D2/RingSpot/RingSpot(269).jpg,2
data/D2/RingSpot/RingSpot(27).jpg,3
data/D2/RingSpot/RingSpot(270).jpg,2
data/D2/RingSpot/RingSpot(271).jpg,3
data/D2/RingSpot/RingSpot(272).jpg,3
data/D2/RingSpot/RingSpot(273).jpg,4
data/D2/RingSpot/RingSpot(274).jpg,3
data/D2/RingSpot/RingSpot(275).jpg,0
data/D2/RingSpot/RingSpot(276).jpg,4
data/D2/RingSpot/RingSpot(277).jpg,2
data/D2/RingSpot/RingSpot(278).jpg,0
data/D2/RingSpot/RingSpot(279).jpg,2
data/D2/RingSpot/RingSpot(28).jpg,4
data/D2/RingSpot/RingSpot(280).jpg,0
data/D2/RingSpot/RingSpot(281).jpg,4
data/D2/RingSpot/RingSpot(282).jpg,0
data/D2/RingSpot/RingSpot(283).jpg,0
data/D2/RingSpot/RingSpot(284).jpg,0
data/D2/RingSpot/RingSpot(285).jpg,1
data/D2/RingSpot/RingSpot(286).jpg,0
data/D2/RingSpot/RingSpot(287).jpg,2
data/D2/RingSpot/RingSpot(288).jpg,0
data/D2/RingSpot/RingSpot(289).jpg,2
data/D2/RingSpot/RingSpot(29).jpg,1
data/D2/RingSpot/RingSpot(290).jpg,3
data/D2/RingSpot/RingSpot(291).jpg,1
data/D2/RingSpot/RingSpot(292).jpg,1
data/D2/RingSpot/RingSpot(293).jpg,4
data/D2/RingSpot/RingSpot(294).jpg,0
data/D2/RingSpot/RingSpot(295).jpg,2
data/D2/RingSpot/RingSpot(296).jpg,1
data/D2/RingSpot/RingSpot(297).jpg,4
data/D2/RingSpot/RingSpot(298).jpg,3
data/D2/RingSpot/RingSpot(299).jpg,1
data/D2/RingSpot/RingSpot(3).jpg,0
data/D2/RingSpot/RingSpot(30).jpg,4
data/D2/RingSpot/RingSpot(300).jpg,1
data/D2/RingSpot/RingSpot(301).jpg,3
data/D2/RingSpot/RingSpot(302).jpg,3
data/D2/RingSpot/RingSpot(303).jpg,0
data/D2/RingSpot/RingSpot(304).jpg,3
data/D2/RingSpot/RingSpot(305).jpg,2
data/D2/RingSpot/RingSpot(306).jpg,4
data/D2/RingSpot/RingSpot(307).jpg,2
data/D2/RingSpot/RingSpot(308).jpg,1
data/D2/RingSpot/RingSpot(309).jpg,3
data/D2/RingSpot/RingSpot(31).jpg,0
data/D2/RingSpot/RingSpot(310).jpg,4
data/D2/RingSpot/RingSpot(311).jpg,3
data/D2/RingSpot/RingSpot(312).jpg,0
data/D2/RingSpot/RingSpot(313).jpg,3
data/D2/RingSpot/RingSpot(314).jpg,2
data/D2/RingSpot/RingSpot(315).jpg,0
data/D2/RingSpot/RingSpot(316).jpg,4
data/D2/RingSpot/RingSpot(317).jpg,0
data/D2/RingSpot/RingSpot(318).jpg,3
data/D2/RingSpot/RingSpot(319).jpg,0
data/D2/RingSpot/RingSpot(32).jpg,3
data/D2/RingSpot/RingSpot(320).jpg,3
data/D2/RingSpot/RingSpot(321).jpg,0
data/D2/RingSpot/RingSpot(322).jpg,1
data/D2/RingSpot/RingSpot(323).jpg,3
data/D2/RingSpot/RingSpot(324).jpg,3
data/D2/RingSpot/RingSpot(325).jpg,1
data/D2/RingSpot/RingSpot(326).jpg,4
data/D2/RingSpot/RingSpot(327).jpg,3
data/D2/RingSpot/RingSpot(328).jpg,3
data/D2/RingSpot/RingSpot(329).jpg,4
data/D2/RingSpot/RingSpot(33).jpg,4
data/D2/RingSpot/RingSpot(330).jpg,0
data/D2/RingSpot/RingSpot(331).jpg,1
data/D2/RingSpot/RingSpot(332).jpg,3
data/D2/RingSpot/RingSpot(333).jpg,4
data/D2/RingSpot/RingSpot(334).jpg,4
data/D2/RingSpot/RingSpot(335).jpg,4
data/D2/RingSpot/RingSpot(336).jpg,1
data/D2/RingSpot/RingSpot(337).jpg,3
data/D2/RingSpot/RingSpot(338).jpg,0
data/D2/RingSpot/RingSpot(339).jpg,1
data/D2/RingSpot/RingSpot(34).jpg,1
data/D2/RingSpot/RingSpot(340).jpg,1
data/D2/RingSpot/RingSpot(341).jpg,1
data/D2/RingSpot/RingSpot(342).jpg,1
data/D2/RingSpot/RingSpot(343).jpg,3
data/D2/RingSpot/RingSpot(344).jpg,3
data/D2/RingSpot/RingSpot(345).jpg,1
data/D2/RingSpot/RingSpot(346).jpg,1
data/D2/RingSpot/RingSpot(347).jpg,1
data/D2/RingSpot/RingSpot(348).jpg,1
data/D2/RingSpot/RingSpot(349).jpg,2
data/D2/RingSpot/RingSpot(35).jpg,1
data/D2/RingSpot/RingSpot(350).jpg,0
data/D2/RingSpot/RingSpot(351).jpg,3
data/D2/RingSpot/RingSpot(352).jpg,3
data/D2/RingSpot/RingSpot(353).jpg,3
data/D2/RingSpot/RingSpot(354).jpg,4
data/D2/RingSpot/RingSpot(355).jpg,0
data/D2/RingSpot/RingSpot(356).jpg,0
data/D2/RingSpot/RingSpot(357).jpg,2
data/D2/RingSpot/RingSpot(358).jpg,0
data/D2/RingSpot/RingSpot(359).jpg,2
data/D2/RingSpot/RingSpot(36).jpg,0
data/D2/RingSpot/RingSpot(360).jpg,2
data/D2/RingSpot/RingSpot(361).jpg,2
data/D2/RingSpot/RingSpot(362).jpg,3
data/D2/RingSpot/RingSpot(363).jpg,2
data/D2/RingSpot/RingSpot(364).jpg,4
data/D2/RingSpot/RingSpot(365).jpg,4
data/D2/RingSpot/RingSpot(366).jpg,4
data/D2/RingSpot/RingSpot(367).jpg,3
data/D2/RingSpot/RingSpot(368).jpg,3
data/D2/RingSpot/RingSpot(369).jpg,4
data/D2/RingSpot/RingSpot(37).jpg,1
data/D2/RingSpot/RingSpot(370).jpg,0
data/D2/RingSpot/RingSpot(371).jpg,4
data/D2/RingSpot/RingSpot(372).jpg,0
data/D2/RingSpot/RingSpot(373).jpg,4
data/D2/RingSpot/RingSpot(374).jpg,1
data/D2/RingSpot/RingSpot(375).jpg,0
data/D2/RingSpot/RingSpot(376).jpg,1
data/D2/RingSpot/RingSpot(377).jpg,2
data/D2/RingSpot/RingSpot(378).jpg,4
data/D2/RingSpot/RingSpot(379).jpg,1
data/D2/RingSpot/RingSpot(38).jpg,0
data/D2/RingSpot/RingSpot(380).jpg,0
data/D2/RingSpot/RingSpot(381).jpg,2
data/D2/RingSpot/RingSpot(382).jpg,2
data/D2/RingSpot/RingSpot(383).jpg,4
data/D2/RingSpot/RingSpot(384).jpg,0
data/D2/RingSpot/RingSpot(385).jpg,0
data/D2/RingSpot/RingSpot(386).jpg,1
data/D2/RingSpot/RingSpot(387).jpg,2
data/D2/RingSpot/RingSpot(388).jpg,4
data/D2/RingSpot/RingSpot(389).jpg,4
data/D2/RingSpot/RingSpot(39).jpg,2
data/D2/RingSpot/RingSpot(390).jpg,2
data/D2/RingSpot/RingSpot(391).jpg,2
data/D2/RingSpot/RingSpot(392).jpg,2
data/D2/RingSpot/RingSpot(393).jpg,2
data/D2/RingSpot/RingSpot(394).jpg,1
data/D2/RingSpot/RingSpot(395).jpg,1
data/D2/RingSpot/RingSpot(396).jpg,4
data/D2/RingSpot/RingSpot(397).jpg,1
data/D2/RingSpot/RingSpot(398).jpg,1
data/D2/RingSpot/RingSpot(399).jpg,0
data/D2/RingSpot/RingSpot(4).jpg,0
data/D2/RingSpot/RingSpot(40).jpg,1
data/D2/RingSpot/RingSpot(400).jpg,0
data/D2/RingSpot/RingSpot(401).jpg,4
data/D2/RingSpot/RingSpot(402).jpg,2
data/D2/RingSpot/RingSpot(403).jpg,0
data/D2/RingSpot/RingSpot(404).jpg,4
data/D2/RingSpot/RingSpot(405).jpg,2
data/D2/RingSpot/RingSpot(406).jpg,4
data/D2/RingSpot/RingSpot(407).jpg,3
data/D2/RingSpot/RingSpot(408).jpg,1
data/D2/RingSpot/RingSpot(409).jpg,0
data/D2/RingSpot/RingSpot(41).jpg,0
data/D2/RingSpot/RingSpot(410).jpg,1
data/D2/RingSpot/RingSpot(411).jpg,0
data/D2/RingSpot/RingSpot(412).jpg,0
data/D2/RingSpot/RingSpot(413).jpg,4
data/D2/RingSpot/RingSpot(414).jpg,3
data/D2/RingSpot/RingSpot(415).jpg,1
data/D2/RingSpot/RingSpot(416).jpg,3
data/D2/RingSpot/RingSpot(417).jpg,3
data/D2/RingSpot/RingSpot(418).jpg,2
data/D2/RingSpot/RingSpot(419).jpg,4
data/D2/RingSpot/RingSpot(42).jpg,0
data/D2/RingSpot/RingSpot(420).jpg,2
data/D2/RingSpot/RingSpot(421).jpg,2
data/D2/RingSpot/RingSpot(422).jpg,4
data/D2/RingSpot/RingSpot(423).jpg,1
data/D2/RingSpot/RingSpot(424).jpg,3
data/D2/RingSpot/RingSpot(425).jpg,0
data/D2/RingSpot/RingSpot(426).jpg,0
data/D2/RingSpot/RingSpot(427).jpg,2
data/D2/RingSpot/RingSpot(428).jpg,3
data/D2/RingSpot/RingSpot(429).jpg,4
data/D2/RingSpot/RingSpot(43).jpg,1
data/D2/RingSpot/RingSpot(430).jpg,0
data/D2/RingSpot/RingSpot(431).jpg,0
data/D2/RingSpot/RingSpot(432).jpg,4
data/D2/RingSpot/RingSpot(433).jpg,4
data/D2/RingSpot/RingSpot(434).jpg,2
data/D2/RingSpot/RingSpot(435).jpg,4
data/D2/RingSpot/RingSpot(436).jpg,0
data/D2/RingSpot/RingSpot(437).jpg,1
data/D2/RingSpot/RingSpot(438).jpg,2
data/D2/RingSpot/RingSpot(439).jpg,4
data/D2/RingSpot/RingSpot(44).jpg,4
data/D2/RingSpot/RingSpot(440).jpg,2
data/D2/RingSpot/RingSpot(441).jpg,4
data/D2/RingSpot/RingSpot(442).jpg,3
data/D2/RingSpot/RingSpot(443).jpg,3
data/D2/RingSpot/RingSpot(444).jpg,3
data/D2/RingSpot/RingSpot(445).jpg,3
data/D2/RingSpot/RingSpot(446).jpg,0
data/D2/RingSpot/RingSpot(447).jpg,0
data/D2/RingSpot/RingSpot(448).jpg,1
data/D2/RingSpot/RingSpot(449).jpg,1
data/D2/RingSpot/RingSpot(45).jpg,1
data/D2/RingSpot/RingSpot(450).jpg,3
data/D2/RingSpot/RingSpot(451).jpg,3
data/D2/RingSpot/RingSpot(452).jpg,4
data/D2/RingSpot/RingSpot(453).jpg,4
data/D2/RingSpot/RingSpot(454).jpg,1
data/D2/RingSpot/RingSpot(455).jpg,4
data/D2/RingSpot/RingSpot(456).jpg,3
data/D2/RingSpot/RingSpot(457).jpg,4
data/D2/RingSpot/RingSpot(458).jpg,0
data/D2/RingSpot/RingSpot(459).jpg,3
data/D2/RingSpot/RingSpot(46).jpg,4
data/D2/RingSpot/RingSpot(460).jpg,3
data/D2/RingSpot/RingSpot(461).jpg,1
data/D2/RingSpot/RingSpot(462).jpg,1
data/D2/RingSpot/RingSpot(463).jpg,2
data/D2/RingSpot/RingSpot(464).jpg,2
data/D2/RingSpot/RingSpot(465).jpg,0
data/D2/RingSpot/RingSpot(466).jpg,0
data/D2/RingSpot/RingSpot(467).jpg,2
data/D2/RingSpot/RingSpot(468).jpg,2
data/D2/RingSpot/RingSpot(469).jpg,3
data/D2/RingSpot/RingSpot(47).jpg,1
data/D2/RingSpot/RingSpot(470).jpg,3
data/D2/RingSpot/RingSpot(471).jpg,0
data/D2/RingSpot/RingSpot(472).jpg,0
data/D2/RingSpot/RingSpot(473).jpg,4
data/D2/RingSpot/RingSpot(474).jpg,4
data/D2/RingSpot/RingSpot(475).jpg,3
data/D2/RingSpot/RingSpot(476).jpg,3
data/D2/RingSpot/RingSpot(477).jpg,1
data/D2/RingSpot/RingSpot(478).jpg,4
data/D2/RingSpot/RingSpot(479).jpg,4
data/D2/RingSpot/RingSpot(48).jpg,1
data/D2/RingSpot/RingSpot(480).jpg,4
data/D2/RingSpot/RingSpot(481).jpg,4
data/D2/RingSpot/RingSpot(482).jpg,0
data/D2/RingSpot/RingSpot(483).jpg,0
data/D2/RingSpot/RingSpot(484).jpg,0
data/D2/RingSpot/RingSpot(485).jpg,0
data/D2/RingSpot/RingSpot(486).jpg,4
data/D2/RingSpot/RingSpot(487).jpg,4
data/D2/RingSpot/RingSpot(488).jpg,4
data/D2/RingSpot/RingSpot(489).jpg,4
data/D2/RingSpot/RingSpot(49).jpg,2
data/D2/RingSpot/RingSpot(490).jpg,4
data/D2/RingSpot/RingSpot(491).jpg,4
data/D2/RingSpot/RingSpot(492).jpg,4
data/D2/RingSpot/RingSpot(493).jpg,4
data/D2/RingSpot/RingSpot(494).jpg,4
data/D2/RingSpot/RingSpot(495).jpg,4
data/D2/RingSpot/RingSpot(496).jpg,0
data/D2/RingSpot/RingSpot(497).jpg,4
data/D2/RingSpot/RingSpot(498).jpg,4
data/D2/RingSpot/RingSpot(499).jpg,2
data/D2/RingSpot/RingSpot(5).jpg,1
data/D2/RingSpot/RingSpot(50).jpg,1
data/D2/RingSpot/RingSpot(500).jpg,2
data/D2/RingSpot/RingSpot(501).jpg,0
data/D2/RingSpot/RingSpot(502).jpg,0
data/D2/RingSpot/RingSpot(503).jpg,2
data/D2/RingSpot/RingSpot(504).jpg,2
data/D2/RingSpot/RingSpot(505).jpg,4
data/D2/RingSpot/RingSpot(506).jpg,4
data/D2/RingSpot/RingSpot(507).jpg,1
data/D2/RingSpot/RingSpot(508).jpg,1
data/D2/RingSpot/RingSpot(509).jpg,2
data/D2/RingSpot/RingSpot(51).jpg,1
data/D2/RingSpot/RingSpot(510).jpg,3
data/D2/RingSpot/RingSpot(511).jpg,1
data/D2/RingSpot/RingSpot(512).jpg,1
data/D2/RingSpot/RingSpot(513).jpg,2
data/D2/RingSpot/RingSpot(514).jpg,2
data/D2/RingSpot/RingSpot(515).jpg,2
data/D2/RingSpot/RingSpot(516).jpg,2
data/D2/RingSpot/RingSpot(517).jpg,2
data/D2/RingSpot/RingSpot(518).jpg,1
data/D2/RingSpot/RingSpot(519).jpg,1
data/D2/RingSpot/RingSpot(52).jpg,2
data/D2/RingSpot/RingSpot(520).jpg,1
data/D2/RingSpot/RingSpot(521).jpg,1
data/D2/RingSpot/RingSpot(522).jpg,3
data/D2/RingSpot/RingSpot(523).jpg,3
data/D2/RingSpot/RingSpot(524).jpg,2
data/D2/RingSpot/RingSpot(525).jpg,2
data/D2/RingSpot/RingSpot(526).jpg,0
data/D2/RingSpot/RingSpot(527).jpg,0
data/D2/RingSpot/RingSpot(528).jpg,1
data/D2/RingSpot/RingSpot(529).jpg,0
data/D2/RingSpot/RingSpot(53).jpg,1
data/D2/RingSpot/RingSpot(530).jpg,2
data/D2/RingSpot/RingSpot(531).jpg,2
data/D2/RingSpot/RingSpot(532).jpg,1
data/D2/RingSpot/RingSpot(533).jpg,1
data/D2/RingSpot/RingSpot(54).jpg,1
data/D2/RingSpot/RingSpot(55).jpg,4
data/D2/RingSpot/RingSpot(56).jpg,0
data/D2/RingSpot/RingSpot(57).jpg,1
data/D2/RingSpot/RingSpot(58).jpg,2
data/D2/RingSpot/RingSpot(59).jpg,4
data/D2/RingSpot/RingSpot(6).jpg,3
data/D2/RingSpot/RingSpot(60).jpg,2
data/D2/RingSpot/RingSpot(61).jpg,1
data/D2/RingSpot/RingSpot(62).jpg,4
data/D2/RingSpot/RingSpot(63).jpg,1
data/D2/RingSpot/RingSpot(64).jpg,1
data/D2/RingSpot/RingSpot(65).jpg,4
data/D2/RingSpot/RingSpot(66).jpg,1
data/D2/RingSpot/RingSpot(67).jpg,3
data/D2/RingSpot/RingSpot(68).jpg,4
data/D2/RingSpot/RingSpot(69).jpg,2
data/D2/RingSpot/RingSpot(7).jpg,4
data/D2/RingSpot/RingSpot(70).jpg,3
data/D2/RingSpot/RingSpot(71).jpg,1
data/D2/RingSpot/RingSpot(72).jpg,1
data/D2/RingSpot/RingSpot(73).jpg,3
data/D2/RingSpot/RingSpot(74).jpg,3
data/D2/RingSpot/RingSpot(75).jpg,3
data/D2/RingSpot/RingSpot(76).jpg,2
data/D2/RingSpot/RingSpot(77).jpg,1
data/D2/RingSpot/RingSpot(78).jpg,3
data/D2/RingSpot/RingSpot(79).jpg,4
data/D2/RingSpot/RingSpot(8).jpg,1
data/D2/RingSpot/RingSpot(80).jpg,1
data/D2/RingSpot/RingSpot(81).jpg,1
data/D2/RingSpot/RingSpot(82).jpg,1
data/D2/RingSpot/RingSpot(83).jpg,4
data/D2/RingSpot/RingSpot(84).jpg,1
data/D2/RingSpot/RingSpot(85).jpg,4
data/D2/RingSpot/RingSpot(86).jpg,1
data/D2/RingSpot/RingSpot(87).jpg,2
data/D2/RingSpot/RingSpot(88).jpg,4
data/D2/RingSpot/RingSpot(89).jpg,1
data/D2/RingSpot/RingSpot(9).jpg,0
data/D2/RingSpot/RingSpot(90).jpg,2
data/D2/RingSpot/RingSpot(91).jpg,1
data/D2/RingSpot/RingSpot(92).jpg,1
data/D2/RingSpot/RingSpot(93).jpg,2
data/D2/RingSpot/RingSpot(94).jpg,3
data/D2/RingSpot/RingSpot(95).jpg,1
data/D2/RingSpot/RingSpot(96).jpg,1
data/D2/RingSpot/RingSpot(97).jpg,1
data/D2/RingSpot/RingSpot(98).jpg,1
data/D2/RingSpot/RingSpot(99).jpg,1
data/D3/Anthracanose Diease/1.tif,2
data/D3/Anthracanose Diease/10.jpg,0
data/D3/Anthracanose Diease/100.tif,4
data/D3/Anthracanose Diease/101.tif,4
data/D3/Anthracanose Diease/102.tif,4
data/D3/Anthracanose Diease/103.tif,4
data/D3/Anthracanose Diease/104.tif,4
data/D3/Anthracanose Diease/105.tif,4
data/D3/Anthracanose Diease/106.tif,1
data/D3/Anthracanose Diease/107.tif,1
data/D3/Anthracanose Diease/108.tif,1
data/D3/Anthracanose Diease/109.tif,1
data/D3/Anthracanose Diease/11.tif,2
data/D3/Anthracanose Diease/110.tif,1
data/D3/Anthracanose Diease/111.tif,3
data/D3/Anthracanose Diease/112.tif,3
data/D3/Anthracanose Diease/113.tif,3
data/D3/Anthracanose Diease/114.tif,3
data/D3/Anthracanose Diease/115.tif,3
data/D3/Anthracanose Diease/116.tif,3
data/D3/Anthracanose Diease/117.tif,3
data/D3/Anthracanose Diease/118.tif,3
data/D3/Anthracanose Diease/119.tif,3
data/D3/Anthracanose Diease/12.tif,2
data/D3/Anthracanose Diease/120.tif,3
data/D3/Anthracanose Diease/121.tif,2
data/D3/Anthracanose Diease/122.tif,2
data/D3/Anthracanose Diease/123.tif,2
data/D3/Anthracanose Diease/124.tif,2
data/D3/Anthracanose Diease/125.tif,2
data/D3/Anthracanose Diease/126.tif,4
data/D3/Anthracanose Diease/127.tif,4
data/D3/Anthracanose Diease/128.tif,4
data/D3/Anthracanose Diease/129.tif,4
data/D3/Anthracanose Diease/13.tif,2
data/D3/Anthracanose Diease/130.tif,4
data/D3/Anthracanose Diease/131.tif,2
data/D3/Anthracanose Diease/132.tif,2
data/D3/Anthracanose Diease/133.tif,2
data/D3/Anthracanose Diease/134.tif,2
data/D3/Anthracanose Diease/135.tif,2
data/D3/Anthracanose Diease/136.tif,4
data/D3/Anthracanose Diease/137.tif,4
data/D3/Anthracanose Diease/138.tif,4
data/D3/Anthracanose Diease/139.tif,4
data/D3/Anthracanose Diease/14.tif,2
data/D3/Anthracanose Diease/140.tif,4
data/D3/Anthracanose Diease/141.tif,2
data/D3/Anthracanose Diease/142.tif,2
data/D3/Anthracanose Diease/143.tif,2
data/D3/Anthracanose Diease/144.tif,2
data/D3/Anthracanose Diease/145.tif,2
data/D3/Anthracanose Diease/146.tif,4
data/D3/Anthracanose Diease/147.tif,4
data/D3/Anthracanose Diease/148.tif,4
data/D3/Anthracanose Diease/149.tif,4
data/D3/Anthracanose Diease/15.tif,2
data/D3/Anthracanose Diease/150.tif,4
data/D3/Anthracanose Diease/151.tif,4
data/D3/Anthracanose Diease/152.tif,0
data/D3/Anthracanose Diease/153.tif,0
data/D3/Anthracanose Diease/154.tif,0
data/D3/Anthracanose Diease/155.tif,0
data/D3/Anthracanose Diease/156.tif,3
data/D3/Anthracanose Diease/157.tif,3
data/D3/Anthracanose Diease/158.tif,3
data/D3/Anthracanose Diease/159.tif,3
data/D3/Anthracanose Diease/16.tif,0
data/D3/Anthracanose Diease/160.tif,3
data/D3/Anthracanose Diease/161.tif,1
data/D3/Anthracanose Diease/162.tif,1
data/D3/Anthracanose Diease/163.tif,1
data/D3/Anthracanose Diease/164.tif,1
data/D3/Anthracanose Diease/165.tif,1
data/D3/Anthracanose Diease/166.tif,4
data/D3/Anthracanose Diease/167.tif,2
data/D3/Anthracanose Diease/168.tif,4
data/D3/Anthracanose Diease/169.tif,2
data/D3/Anthracanose Diease/17.tif,0
data/D3/Anthracanose Diease/170.tif,4
data/D3/Anthracanose Diease/171.tif,2
data/D3/Anthracanose Diease/172.tif,4
data/D3/Anthracanose Diease/173.tif,2
data/D3/Anthracanose Diease/174.tif,4
data/D3/Anthracanose Diease/175.tif,2
data/D3/Anthracanose Diease/176.tif,4
data/D3/Anthracanose Diease/177.tif,4
data/D3/Anthracanose Diease/178.tif,4
data/D3/Anthracanose Diease/179.tif,4
data/D3/Anthracanose Diease/18.tif,0
data/D3/Anthracanose Diease/180.tif,4
data/D3/Anthracanose Diease/181.tif,4
data/D3/Anthracanose Diease/182.tif,4
data/D3/Anthracanose Diease/183.tif,4
data/D3/Anthracanose Diease/184.tif,4
data/D3/Anthracanose Diease/185.tif,4
data/D3/Anthracanose Diease/186.tif,1
data/D3/Anthracanose Diease/187.tif,1
data/D3/Anthracanose Diease/188.tif,1
data/D3/Anthracanose Diease/189.tif,1
data/D3/Anthracanose Diease/19.tif,0
data/D3/Anthracanose Diease/190.tif,1
data/D3/Anthracanose Diease/2.tif,2
data/D3/Anthracanose Diease/20.tif,0
data/D3/Anthracanose Diease/21.tif,0
data/D3/Anthracanose Diease/22.tif,0
data/D3/Anthracanose Diease/23.tif,0
data/D3/Anthracanose Diease/24.tif,0
data/D3/Anthracanose Diease/25.tif,0
data/D3/Anthracanose Diease/26.tif,0
data/D3/Anthracanose Diease/27.tif,0
data/D3/Anthracanose Diease/28.tif,0
data/D3/Anthracanose Diease/29.tif,0
data/D3/Anthracanose Diease/3.tif,2
data/D3/Anthracanose Diease/30.tif,0
data/D3/Anthracanose Diease/31.tif,3
data/D3/Anthracanose Diease/32.tif,3
data/D3/Anthracanose Diease/33.tif,3
data/D3/Anthracanose Diease/34.tif,3
data/D3/Anthracanose Diease/35.tif,3
data/D3/Anthracanose Diease/36.tif,1
data/D3/Anthracanose Diease/37.tif,1
data/D3/Anthracanose Diease/38.tif,1
data/D3/Anthracanose Diease/39.tif,1
data/D3/Anthracanose Diease/4.tif,2
data/D3/Anthracanose Diease/40.tif,1
data/D3/Anthracanose Diease/41.tif,3
data/D3/Anthracanose Diease/42.tif,3
data/D3/Anthracanose Diease/43.tif,3
data/D3/Anthracanose Diease/44.tif,3
data/D3/Anthracanose Diease/45.tif,3
data/D3/Anthracanose Diease/46.tif,4
data/D3/Anthracanose Diease/47.tif,4
data/D3/Anthracanose Diease/48.tif,4
data/D3/Anthracanose Diease/49.tif,4
data/D3/Anthracanose Diease/5.tif,2
data/D3/Anthracanose Diease/50.tif,4
data/D3/Anthracanose Diease/51.tif,0
data/D3/Anthracanose Diease/52.tif,0
data/D3/Anthracanose Diease/53.tif,0
data/D3/Anthracanose Diease/54.tif,0
data/D3/Anthracanose Diease/55.tif,0
data/D3/Anthracanose Diease/56.tif,1
data/D3/Anthracanose Diease/57.tif,1
data/D3/Anthracanose Diease/58.tif,1
data/D3/Anthracanose Diease/59.tif,1
data/D3/Anthracanose Diease/6.jpg,0
data/D3/Anthracanose Diease/60.tif,1
data/D3/Anthracanose Diease/61.tif,1
data/D3/Anthracanose Diease/62.tif,1
data/D3/Anthracanose Diease/63.tif,1
data/D3/Anthracanose Diease/64.tif,1
data/D3/Anthracanose Diease/65.tif,1
data/D3/Anthracanose Diease/66.tif,4
data/D3/Anthracanose Diease/67.tif,4
data/D3/Anthracanose Diease/68.tif,4
data/D3/Anthracanose Diease/69.tif,4
data/D3/Anthracanose Diease/7.jpg,0
data/D3/Anthracanose Diease/70.tif,4
data/D3/Anthracanose Diease/71.tif,4
data/D3/Anthracanose Diease/72.tif,4
data/D3/Anthracanose Diease/73.tif,4
data/D3/Anthracanose Diease/74.tif,4
data/D3/Anthracanose Diease/75.tif,4
data/D3/Anthracanose Diease/76.tif,3
data/D3/Anthracanose Diease/77.tif,3
data/D3/Anthracanose Diease/78.tif,3
data/D3/Anthracanose Diease/79.tif,3
data/D3/Anthracanose Diease/8.jpg,0
data/D3/Anthracanose Diease/80.tif,3
data/D3/Anthracanose Diease/81.tif,1
data/D3/Anthracanose Diease/82.tif,1
data/D3/Anthracanose Diease/83.tif,1
data/D3/Anthracanose Diease/84.tif,1
data/D3/Anthracanose Diease/85.tif,1
data/D3/Anthracanose Diease/86.tif,4
data/D3/Anthracanose Diease/87.tif,4
data/D3/Anthracanose Diease/88.tif,4
data/D3/Anthracanose Diease/89.tif,4
data/D3/Anthracanose Diease/9.jpg,0
data/D3/Anthracanose Diease/90.tif,4
data/D3/Anthracanose Diease/91.tif,1
data/D3/Anthracanose Diease/92.tif,1
data/D3/Anthracanose Diease/93.tif,1
data/D3/Anthracanose Diease/94.tif,1
data/D3/Anthracanose Diease/95.tif,1
data/D3/Anthracanose Diease/96.tif,4
data/D3/Anthracanose Diease/97.tif,4
data/D3/Anthracanose Diease/98.tif,4
data/D3/Anthracanose Diease/99.tif,4
data/D3/Black Spot Diease/1.tif,0
data/D3/Black Spot Diease/10.tif,4
data/D3/Black Spot Diease/100.tif,2
data/D3/Black Spot Diease/101.tif,0
data/D3/Black Spot Diease/102.tif,0
data/D3/Black Spot Diease/103.tif,0
data/D3/Black Spot Diease/104.tif,0
data/D3/Black Spot Diease/105.tif,0
data/D3/Black Spot Diease/106.tif,2
data/D3/Black Spot Diease/107.tif,2
data/D3/Black Spot Diease/108.tif,2
data/D3/Black Spot Diease/109.tif,2
data/D3/Black Spot Diease/11.tif,0
data/D3/Black Spot Diease/110.tif,2
data/D3/Black Spot Diease/111.tif,0
data/D3/Black Spot Diease/112.tif,0
data/D3/Black Spot Diease/113.tif,0
data/D3/Black Spot Diease/114.tif,0
data/D3/Black Spot Diease/115.tif,0
data/D3/Black Spot Diease/116.tif,3
data/D3/Black Spot Diease/117.tif,3
data/D3/Black Spot Diease/118.tif,3
data/D3/Black Spot Diease/119.tif,3
data/D3/Black Spot Diease/12.tif,0
data/D3/Black Spot Diease/120.tif,3
data/D3/Black Spot Diease/121.tif,3
data/D3/Black Spot Diease/122.tif,3
data/D3/Black Spot Diease/123.tif,3
data/D3/Black Spot Diease/124.tif,3
data/D3/Black Spot Diease/125.tif,3
data/D3/Black Spot Diease/126.tif,4
data/D3/Black Spot Diease/127.tif,4
data/D3/Black Spot Diease/128.tif,4
data/D3/Black Spot Diease/129.tif,4
data/D3/Black Spot Diease/13.tif,0
data/D3/Black Spot Diease/130.tif,4
data/D3/Black Spot Diease/131.tif,4
data/D3/Black Spot Diease/132.tif,4
data/D3/Black Spot Diease/133.tif,4
data/D3/Black Spot Diease/134.tif,4
data/D3/Black Spot Diease/135.tif,4
data/D3/Black Spot Diease/136.tif,3
data/D3/Black Spot Diease/137.tif,3
data/D3/Black Spot Diease/138.tif,3
data/D3/Black Spot Diease/139.tif,3
data/D3/Black Spot Diease/14.tif,0
data/D3/Black Spot Diease/140.tif,3
data/D3/Black Spot Diease/141.tif,4
data/D3/Black Spot Diease/142.tif,4
data/D3/Black Spot Diease/143.tif,4
data/D3/Black Spot Diease/144.tif,4
data/D3/Black Spot Diease/145.tif,4
data/D3/Black Spot Diease/146.tif,3
data/D3/Black Spot Diease/147.tif,3
data/D3/Black Spot Diease/148.tif,3
data/D3/Black Spot Diease/149.tif,3
data/D3/Black Spot Diease/15.tif,0
data/D3/Black Spot Diease/150.tif,3
data/D3/Black Spot Diease/151.tif,3
data/D3/Black Spot Diease/152.tif,3
data/D3/Black Spot Diease/153.tif,3
data/D3/Black Spot Diease/154.tif,3
data/D3/Black Spot Diease/155.tif,3
data/D3/Black Spot Diease/156.tif,2
data/D3/Black Spot Diease/157.tif,2
data/D3/Black Spot Diease/158.tif,2
data/D3/Black Spot Diease/159.tif,2
data/D3/Black Spot Diease/16.tif,3
data/D3/Black Spot Diease/160.tif,2
data/D3/Black Spot Diease/161.tif,0
data/D3/Black Spot Diease/162.tif,4
data/D3/Black Spot Diease/163.tif,4
data/D3/Black Spot Diease/164.tif,0
data/D3/Black Spot Diease/165.tif,4
data/D3/Black Spot Diease/166.tif,0
data/D3/Black Spot Diease/167.tif,4
data/D3/Black Spot Diease/168.tif,4
data/D3/Black Spot Diease/169.tif,0
data/D3/Black Spot Diease/17.tif,3
data/D3/Black Spot Diease/170.tif,0
data/D3/Black Spot Diease/18.tif,3
data/D3/Black Spot Diease/19.tif,3
data/D3/Black Spot Diease/2.tif,0
data/D3/Black Spot Diease/20.tif,3
data/D3/Black Spot Diease/21.tif,4
data/D3/Black Spot Diease/22.tif,4
data/D3/Black Spot Diease/23.tif,4
data/D3/Black Spot Diease/24.tif,4
data/D3/Black Spot Diease/25.tif,4
data/D3/Black Spot Diease/26.tif,3
data/D3/Black Spot Diease/27.tif,3
data/D3/Black Spot Diease/28.tif,3
data/D3/Black Spot Diease/29.tif,3
data/D3/Black Spot Diease/3.tif,0
data/D3/Black Spot Diease/30.tif,3
data/D3/Black Spot Diease/31.tif,2
data/D3/Black Spot Diease/32.tif,2
data/D3/Black Spot Diease/33.tif,2
data/D3/Black Spot Diease/34.tif,2
data/D3/Black Spot Diease/35.tif,2
data/D3/Black Spot Diease/36.tif,4
data/D3/Black Spot Diease/37.tif,4
data/D3/Black Spot Diease/38.tif,4
data/D3/Black Spot Diease/39.tif,4
data/D3/Black Spot Diease/4.tif,0
data/D3/Black Spot Diease/40.tif,4
data/D3/Black Spot Diease/41.tif,3
data/D3/Black Spot Diease/42.tif,3
data/D3/Black Spot Diease/43.tif,3
data/D3/Black Spot Diease/44.tif,3
data/D3/Black Spot Diease/45.tif,3
data/D3/Black Spot Diease/46.tif,2
data/D3/Black Spot Diease/47.tif,2
data/D3/Black Spot Diease/48.tif,2
data/D3/Black Spot Diease/49.tif,2
data/D3/Black Spot Diease/5.tif,0
data/D3/Black Spot Diease/50.tif,2
data/D3/Black Spot Diease/51.tif,4
data/D3/Black Spot Diease/52.tif,4
data/D3/Black Spot Diease/53.tif,4
data/D3/Black Spot Diease/54.tif,4
data/D3/Black Spot Diease/55.tif,4
data/D3/Black Spot Diease/56.tif,2
data/D3/Black Spot Diease/57.tif,2
data/D3/Black Spot Diease/58.tif,2
data/D3/Black Spot Diease/59.tif,2
data/D3/Black Spot Diease/6.tif,4
data/D3/Black Spot Diease/60.tif,2
data/D3/Black Spot Diease/61.tif,2
data/D3/Black Spot Diease/62.tif,2
data/D3/Black Spot Diease/63.tif,2
data/D3/Black Spot Diease/64.tif,2
data/D3/Black Spot Diease/65.tif,2
data/D3/Black Spot Diease/66.tif,3
data/D3/Black Spot Diease/67.tif,3
data/D3/Black Spot Diease/68.tif,3
data/D3/Black Spot Diease/69.tif,3
data/D3/Black Spot Diease/7.tif,4
data/D3/Black Spot Diease/70.tif,3
data/D3/Black Spot Diease/71.tif,0
data/D3/Black Spot Diease/72.tif,0
data/D3/Black Spot Diease/73.tif,0
data/D3/Black Spot Diease/74.tif,0
data/D3/Black Spot Diease/75.tif,0
data/D3/Black Spot Diease/76.tif,0
data/D3/Black Spot Diease/77.tif,0
data/D3/Black Spot Diease/78.tif,0
data/D3/Black Spot Diease/79.tif,0
data/D3/Black Spot Diease/8.tif,4
data/D3/Black Spot Diease/80.tif,0
data/D3/Black Spot Diease/81.tif,4
data/D3/Black Spot Diease/82.tif,4
data/D3/Black Spot Diease/83.tif,4
data/D3/Black Spot Diease/84.tif,4
data/D3/Black Spot Diease/85.tif,4
data/D3/Black Spot Diease/86.tif,0
data/D3/Black Spot Diease/87.tif,0
data/D3/Black Spot Diease/88.tif,0
data/D3/Black Spot Diease/89.tif,0
data/D3/Black Spot Diease/9.tif,4
data/D3/Black Spot Diease/90.tif,0
data/D3/Black Spot Diease/91.tif,4
data/D3/Black Spot Diease/92.tif,4
data/D3/Black Spot Diease/93.tif,4
data/D3/Black Spot Diease/94.tif,4
data/D3/Black Spot Diease/95.tif,4
data/D3/Black Spot Diease/96.tif,2
data/D3/Black Spot Diease/97.tif,2
data/D3/Black Spot Diease/98.tif,2
data/D3/Black Spot Diease/99.tif,2
data/D3/Good Papaya/partiallymature_017.jpg,2
data/D3/Good Papaya/partiallymature_018.jpg,2
data/D3/Good Papaya/partiallymature_019.jpg,2
data/D3/Good Papaya/partiallymature_020.jpg,2
data/D3/Good Papaya/partiallymature_021.jpg,2
data/D3/Good Papaya/partiallymature_022.jpg,2
data/D3/Good Papaya/partiallymature_023.jpg,2
data/D3/Good Papaya/partiallymature_024.jpg,2
data/D3/Good Papaya/partiallymature_025.jpg,2
data/D3/Good Papaya/partiallymature_026.jpg,2
data/D3/Good Papaya/partiallymature_027.jpg,2
data/D3/Good Papaya/partiallymature_028.jpg,2
data/D3/Good Papaya/partiallymature_029.jpg,3
data/D3/Good Papaya/partiallymature_030.jpg,3
data/D3/Good Papaya/partiallymature_031.jpg,3
data/D3/Good Papaya/partiallymature_032.jpg,3
data/D3/Good Papaya/partiallymature_033.jpg,3
data/D3/Good Papaya/partiallymature_034.jpg,3
data/D3/Good Papaya/partiallymature_035.jpg,3
data/D3/Good Papaya/partiallymature_036.jpg,3
data/D3/Good Papaya/partiallymature_037.jpg,3
data/D3/Good Papaya/partiallymature_038.jpg,3
data/D3/Good Papaya/partiallymature_039.jpg,3
data/D3/Good Papaya/partiallymature_040.jpg,3
data/D3/Good Papaya/partiallymature_041.jpg,3
data/D3/Good Papaya/partiallymature_042.jpg,3
data/D3/Good Papaya/partiallymature_043.jpg,3
data/D3/Good Papaya/partiallymature_044.jpg,3
data/D3/Good Papaya/partiallymature_045.jpg,3
data/D3/Good Papaya/partiallymature_046.jpg,3
data/D3/Good Papaya/partiallymature_047.jpg,3
data/D3/Good Papaya/partiallymature_048.jpg,3
data/D3/Good Papaya/partiallymature_077.jpg,4
data/D3/Good Papaya/partiallymature_078.jpg,4
data/D3/Good Papaya/partiallymature_079.jpg,4
data/D3/Good Papaya/partiallymature_080.jpg,4
data/D3/Good Papaya/partiallymature_081.jpg,4
data/D3/Good Papaya/partiallymature_082.jpg,4
data/D3/Good Papaya/partiallymature_083.jpg,4
data/D3/Good Papaya/partiallymature_084.jpg,4
data/D3/Good Papaya/partiallymature_085.jpg,4
data/D3/Good Papaya/partiallymature_086.jpg,4
data/D3/Good Papaya/partiallymature_087.jpg,4
data/D3/Good Papaya/partiallymature_088.jpg,4
data/D3/Good Papaya/unmature_001.jpg,3
data/D3/Good Papaya/unmature_002.jpg,3
data/D3/Good Papaya/unmature_003.jpg,3
data/D3/Good Papaya/unmature_004.jpg,3
data/D3/Good Papaya/unmature_005.jpg,3
data/D3/Good Papaya/unmature_006.jpg,3
data/D3/Good Papaya/unmature_007.jpg,3
data/D3/Good Papaya/unmature_008.jpg,3
data/D3/Good Papaya/unmature_009.jpg,2
data/D3/Good Papaya/unmature_010.jpg,2
data/D3/Good Papaya/unmature_011.jpg,2
data/D3/Good Papaya/unmature_012.jpg,2
data/D3/Good Papaya/unmature_013.jpg,2
data/D3/Good Papaya/unmature_014.jpg,2
data/D3/Good Papaya/unmature_015.jpg,2
data/D3/Good Papaya/unmature_016.jpg,2
data/D3/Good Papaya/unmature_017.jpg,2
data/D3/Good Papaya/unmature_018.jpg,2
data/D3/Good Papaya/unmature_019.jpg,2
data/D3/Good Papaya/unmature_020.jpg,2
data/D3/Good Papaya/unmature_021.jpg,2
data/D3/Good Papaya/unmature_022.jpg,2
data/D3/Good Papaya/unmature_023.jpg,2
data/D3/Good Papaya/unmature_024.jpg,2
data/D3/Good Papaya/unmature_025.jpg,4
data/D3/Good Papaya/unmature_026.jpg,4
data/D3/Good Papaya/unmature_027.jpg,4
data/D3/Good Papaya/unmature_028.jpg,4
data/D3/Good Papaya/unmature_029.jpg,4
data/D3/Good Papaya/unmature_030.jpg,4
data/D3/Good Papaya/unmature_031.jpg,4
data/D3/Good Papaya/unmature_032.jpg,4
data/D3/Good Papaya/unmature_033.jpg,4
data/D3/Good Papaya/unmature_034.jpg,4
data/D3/Good Papaya/unmature_035.jpg,4
data/D3/Good Papaya/unmature_036.jpg,4
data/D3/Good Papaya/unmature_037.jpg,4
data/D3/Good Papaya/unmature_038.jpg,4
data/D3/Good Papaya/unmature_039.jpg,4
data/D3/Good Papaya/unmature_040.jpg,4
data/D3/Good Papaya/unmature_041.jpg,4
data/D3/Good Papaya/unmature_042.jpg,4
data/D3/Good Papaya/unmature_043.jpg,4
data/D3/Good Papaya/unmature_044.jpg,4
data/D3/Good Papaya/unmature_045.jpg,4
data/D3/Good Papaya/unmature_046.jpg,4
data/D3/Good Papaya/unmature_047.jpg,4
data/D3/Good Papaya/unmature_048.jpg,4
data/D3/Good Papaya/unmature_049.jpg,4
data/D3/Good Papaya/unmature_050.jpg,4
data/D3/Good Papaya/unmature_051.jpg,4
data/D3/Good Papaya/unmature_052.jpg,4
data/D3/Good Papaya/unmature_053.jpg,4
data/D3/Good Papaya/unmature_054.jpg,4
data/D3/Good Papaya/unmature_055.jpg,4
data/D3/Good Papaya/unmature_056.jpg,4
data/D3/Good Papaya/unmature_057.jpg,3
data/D3/Good Papaya/unmature_058.jpg,3
data/D3/Good Papaya/unmature_059.jpg,3
data/D3/Good Papaya/unmature_060.jpg,3
data/D3/Good Papaya/unmature_061.jpg,3
data/D3/Good Papaya/unmature_062.jpg,3
data/D3/Good Papaya/unmature_063.jpg,3
data/D3/Good Papaya/unmature_064.jpg,3
data/D3/Good Papaya/unmature_065.jpg,3
data/D3/Good Papaya/unmature_066.jpg,3
data/D3/Good Papaya/unmature_067.jpg,3
data/D3/Good Papaya/unmature_068.jpg,3
data/D3/Good Papaya/unmature_069.jpg,3
data/D3/Good Papaya/unmature_070.jpg,3
data/D3/Good Papaya/unmature_071.jpg,3
data/D3/Good Papaya/unmature_072.jpg,3
data/D3/Good Papaya/unmature_073.jpg,2
data/D3/Good Papaya/unmature_074.jpg,2
data/D3/Good Papaya/unmature_075.jpg,2
data/D3/Good Papaya/unmature_076.jpg,2
data/D3/Good Papaya/unmature_077.jpg,2
data/D3/Good Papaya/unmature_078.jpg,2
data/D3/Good Papaya/unmature_079.jpg,2
data/D3/Good Papaya/unmature_080.jpg,2
data/D3/Good Papaya/unmature_081.jpg,2
data/D3/Good Papaya/unmature_082.jpg,2
data/D3/Good Papaya/unmature_083.jpg,2
data/D3/Good Papaya/unmature_084.jpg,2
data/D3/Good Papaya/unmature_085.jpg,2
data/D3/Good Papaya/unmature_086.jpg,2
data/D3/Good Papaya/unmature_087.jpg,2
data/D3/Good Papaya/unmature_088.jpg,2
data/D3/Good Papaya/unmature_089.jpg,4
data/D3/Good Papaya/unmature_090.jpg,4
data/D3/Good Papaya/unmature_091.jpg,4
data/D3/Good Papaya/unmature_092.jpg,4
data/D3/Good Papaya/unmature_093.jpg,4
data/D3/Good Papaya/unmature_094.jpg,4
data/D3/Good Papaya/unmature_095.jpg,4
data/D3/Good Papaya/unmature_096.jpg,4
data/D3/Good Papaya/unmature_097.jpg,4
data/D3/Good Papaya/unmature_098.jpg,4
data/D3/Good Papaya/unmature_099.jpg,4
data/D3/Good Papaya/unmature_100.jpg,4
data/D3/phytophthora Disease/1.tif,2
data/D3/phytophthora Disease/10.tif,3
data/D3/phytophthora Disease/100.tif,1
data/D3/phytophthora Disease/101.tif,0
data/D3/phytophthora Disease/102.tif,0
data/D3/phytophthora Disease/103.tif,3
data/D3/phytophthora Disease/104.tif,4
data/D3/phytophthora Disease/106.tif,0
data/D3/phytophthora Disease/107.tif,3
data/D3/phytophthora Disease/108.tif,2
data/D3/phytophthora Disease/109.tif,4
data/D3/phytophthora Disease/11.tif,2
data/D3/phytophthora Disease/110.tif,1
data/D3/phytophthora Disease/111.tif,2
data/D3/phytophthora Disease/112.tif,0
data/D3/phytophthora Disease/113.tif,3
data/D3/phytophthora Disease/114.tif,0
data/D3/phytophthora Disease/115.tif,3
data/D3/phytophthora Disease/116.tif,2
data/D3/phytophthora Disease/117.tif,1
data/D3/phytophthora Disease/118.tif,0
data/D3/phytophthora Disease/119.tif,1
data/D3/phytophthora Disease/12.tif,4
data/D3/phytophthora Disease/120.tif,0
data/D3/phytophthora Disease/121.tif,2
data/D3/phytophthora Disease/122.tif,3
data/D3/phytophthora Disease/123.tif,1
data/D3/phytophthora Disease/124.tif,4
data/D3/phytophthora Disease/125.tif,2
data/D3/phytophthora Disease/126.tif,1
data/D3/phytophthora Disease/127.tif,3
data/D3/phytophthora Disease/128.tif,2
data/D3/phytophthora Disease/129.tif,4
data/D3/phytophthora Disease/130.tif,1
data/D3/phytophthora Disease/131.tif,0
data/D3/phytophthora Disease/132.tif,0
data/D3/phytophthora Disease/133.tif,1
data/D3/phytophthora Disease/134.tif,1
data/D3/phytophthora Disease/135.tif,4
data/D3/phytophthora Disease/136.tif,2
data/D3/phytophthora Disease/137.tif,0
data/D3/phytophthora Disease/138.tif,3
data/D3/phytophthora Disease/139.tif,1
data/D3/phytophthora Disease/14.tif,0
data/D3/phytophthora Disease/140.tif,0
data/D3/phytophthora Disease/141.tif,0
data/D3/phytophthora Disease/142.tif,1
data/D3/phytophthora Disease/143.tif,3
data/D3/phytophthora Disease/144.tif,2
data/D3/phytophthora Disease/145.tif,0
data/D3/phytophthora Disease/146.tif,3
data/D3/phytophthora Disease/147.tif,4
data/D3/phytophthora Disease/148.tif,2
data/D3/phytophthora Disease/149.tif,0
data/D3/phytophthora Disease/15.tif,4
data/D3/phytophthora Disease/150.tif,0
data/D3/phytophthora Disease/151.tif,0
data/D3/phytophthora Disease/152.tif,0
data/D3/phytophthora Disease/153.tif,0
data/D3/phytophthora Disease/154.tif,0
data/D3/phytophthora Disease/155.tif,3
data/D3/phytophthora Disease/159.tif,3
data/D3/phytophthora Disease/16.tif,0
data/D3/phytophthora Disease/160.tif,3
data/D3/phytophthora Disease/17.tif,1
data/D3/phytophthora Disease/18.tif,1
data/D3/phytophthora Disease/19.tif,3
data/D3/phytophthora Disease/2.tif,2
data/D3/phytophthora Disease/20.tif,1
data/D3/phytophthora Disease/21.tif,3
data/D3/phytophthora Disease/22.tif,1
data/D3/phytophthora Disease/23.tif,1
data/D3/phytophthora Disease/24.tif,0
data/D3/phytophthora Disease/25.tif,4
data/D3/phytophthora Disease/26.tif,0
data/D3/phytophthora Disease/27.tif,4
data/D3/phytophthora Disease/28.tif,2
data/D3/phytophthora Disease/29.tif,3
data/D3/phytophthora Disease/3.tif,4
data/D3/phytophthora Disease/30.tif,3
data/D3/phytophthora Disease/31.tif,4
data/D3/phytophthora Disease/32.tif,1
data/D3/phytophthora Disease/33.tif,1
data/D3/phytophthora Disease/34.tif,2
data/D3/phytophthora Disease/35.tif,3
data/D3/phytophthora Disease/36.tif,4
data/D3/phytophthora Disease/37.tif,2
data/D3/phytophthora Disease/38.tif,4
data/D3/phytophthora Disease/39.tif,2
data/D3/phytophthora Disease/4.tif,3
data/D3/phytophthora Disease/40.tif,3
data/D3/phytophthora Disease/41.tif,3
data/D3/phytophthora Disease/42.tif,3
data/D3/phytophthora Disease/43.tif,2
data/D3/phytophthora Disease/44.tif,4
data/D3/phytophthora Disease/45.tif,0
data/D3/phytophthora Disease/46.tif,4
data/D3/phytophthora Disease/47.tif,0
data/D3/phytophthora Disease/48.tif,1
data/D3/phytophthora Disease/49.tif,1
data/D3/phytophthora Disease/5.tif,4
data/D3/phytophthora Disease/50.tif,4
data/D3/phytophthora Disease/51.tif,1
data/D3/phytophthora Disease/52.tif,1
data/D3/phytophthora Disease/53.tif,2
data/D3/phytophthora Disease/54.tif,4
data/D3/phytophthora Disease/55.tif,2
data/D3/phytophthora Disease/56.tif,3
data/D3/phytophthora Disease/57.tif,2
data/D3/phytophthora Disease/58.tif,4
data/D3/phytophthora Disease/59.tif,3
data/D3/phytophthora Disease/6.tif,2
data/D3/phytophthora Disease/60.tif,3
data/D3/phytophthora Disease/61.tif,3
data/D3/phytophthora Disease/62.tif,2
data/D3/phytophthora Disease/63.tif,4
data/D3/phytophthora Disease/64.tif,0
data/D3/phytophthora Disease/65.tif,4
data/D3/phytophthora Disease/66.tif,0
data/D3/phytophthora Disease/67.tif,1
data/D3/phytophthora Disease/68.tif,1
data/D3/phytophthora Disease/69.tif,1
data/D3/phytophthora Disease/7.tif,0
data/D3/phytophthora Disease/70.tif,2
data/D3/phytophthora Disease/71.tif,3
data/D3/phytophthora Disease/72.tif,4
data/D3/phytophthora Disease/73.tif,4
data/D3/phytophthora Disease/74.tif,2
data/D3/phytophthora Disease/75.tif,1
data/D3/phytophthora Disease/76.tif,4
data/D3/phytophthora Disease/77.tif,2
data/D3/phytophthora Disease/78.tif,1
data/D3/phytophthora Disease/79.tif,2
data/D3/phytophthora Disease/8.tif,4
data/D3/phytophthora Disease/80.tif,2
data/D3/phytophthora Disease/81.tif,4
data/D3/phytophthora Disease/82.tif,3
data/D3/phytophthora Disease/83.tif,4
data/D3/phytophthora Disease/84.tif,2
data/D3/phytophthora Disease/85.tif,1
data/D3/phytophthora Disease/86.tif,3
data/D3/phytophthora Disease/87.tif,1
data/D3/phytophthora Disease/88.tif,3
data/D3/phytophthora Disease/89.tif,3
data/D3/phytophthora Disease/9.tif,3
data/D3/phytophthora Disease/90.tif,4
data/D3/phytophthora Disease/91.tif,1
data/D3/phytophthora Disease/92.tif,4
data/D3/phytophthora Disease/93.tif,2
data/D3/phytophthora Disease/94.tif,0
data/D3/phytophthora Disease/95.tif,4
data/D3/phytophthora Disease/96.tif,0
data/D3/phytophthora Disease/97.tif,3
data/D3/phytophthora Disease/98.tif,2
data/D3/phytophthora Disease/99.tif,2
data/D3/Powdery Mildery Diease/1.tif,2
data/D3/Powdery Mildery Diease/10.tif,0
data/D3/Powdery Mildery Diease/100.tif,4
data/D3/Powdery Mildery Diease/101.tif,2
data/D3/Powdery Mildery Diease/102.tif,2
data/D3/Powdery Mildery Diease/103.tif,2
data/D3/Powdery Mildery Diease/104.tif,2
data/D3/Powdery Mildery Diease/105.tif,2
data/D3/Powdery Mildery Diease/106.tif,1
data/D3/Powdery Mildery Diease/107.tif,1
data/D3/Powdery Mildery Diease/108.tif,1
data/D3/Powdery Mildery Diease/109.tif,1
data/D3/Powdery Mildery Diease/11.tif,4
data/D3/Powdery Mildery Diease/110.tif,1
data/D3/Powdery Mildery Diease/111.tif,1
data/D3/Powdery Mildery Diease/112.tif,1
data/D3/Powdery Mildery Diease/113.tif,1
data/D3/Powdery Mildery Diease/114.tif,1
data/D3/Powdery Mildery Diease/115.tif,1
data/D3/Powdery Mildery Diease/116.tif,0
data/D3/Powdery Mildery Diease/117.tif,0
data/D3/Powdery Mildery Diease/118.tif,0
data/D3/Powdery Mildery Diease/119.tif,0
data/D3/Powdery Mildery Diease/12.tif,4
data/D3/Powdery Mildery Diease/120.tif,0
data/D3/Powdery Mildery Diease/121.tif,0
data/D3/Powdery Mildery Diease/122.tif,0
data/D3/Powdery Mildery Diease/123.tif,0
data/D3/Powdery Mildery Diease/124.tif,0
data/D3/Powdery Mildery Diease/125.tif,0
data/D3/Powdery Mildery Diease/126.tif,3
data/D3/Powdery Mildery Diease/127.tif,3
data/D3/Powdery Mildery Diease/128.tif,3
data/D3/Powdery Mildery Diease/129.tif,3
data/D3/Powdery Mildery Diease/13.tif,4
data/D3/Powdery Mildery Diease/130.tif,3
data/D3/Powdery Mildery Diease/131.tif,3
data/D3/Powdery Mildery Diease/132.tif,3
data/D3/Powdery Mildery Diease/133.tif,3
data/D3/Powdery Mildery Diease/134.tif,3
data/D3/Powdery Mildery Diease/135.tif,3
data/D3/Powdery Mildery Diease/136.tif,1
data/D3/Powdery Mildery Diease/137.tif,1
data/D3/Powdery Mildery Diease/138.tif,1
data/D3/Powdery Mildery Diease/139.tif,1
data/D3/Powdery Mildery Diease/14.tif,4
data/D3/Powdery Mildery Diease/140.tif,1
data/D3/Powdery Mildery Diease/141.tif,2
data/D3/Powdery Mildery Diease/142.tif,2
data/D3/Powdery Mildery Diease/143.tif,2
data/D3/Powdery Mildery Diease/144.tif,2
data/D3/Powdery Mildery Diease/145.tif,2
data/D3/Powdery Mildery Diease/146.tif,4
data/D3/Powdery Mildery Diease/147.tif,4
data/D3/Powdery Mildery Diease/148.tif,4
data/D3/Powdery Mildery Diease/149.tif,4
data/D3/Powdery Mildery Diease/15.tif,4
data/D3/Powdery Mildery Diease/150.tif,4
data/D3/Powdery Mildery Diease/151.tif,4
data/D3/Powdery Mildery Diease/152.tif,4
data/D3/Powdery Mildery Diease/153.tif,4
data/D3/Powdery Mildery Diease/154.tif,4
data/D3/Powdery Mildery Diease/155.tif,4
data/D3/Powdery Mildery Diease/16.tif,2
data/D3/Powdery Mildery Diease/17.tif,2
data/D3/Powdery Mildery Diease/18.tif,2
data/D3/Powdery Mildery Diease/19.tif,2
data/D3/Powdery Mildery Diease/2.tif,2
data/D3/Powdery Mildery Diease/20.tif,2
data/D3/Powdery Mildery Diease/21.tif,0
data/D3/Powdery Mildery Diease/22.tif,0
data/D3/Powdery Mildery Diease/23.tif,0
data/D3/Powdery Mildery Diease/24.tif,0
data/D3/Powdery Mildery Diease/25.tif,0
data/D3/Powdery Mildery Diease/26.tif,1
data/D3/Powdery Mildery Diease/27.tif,1
data/D3/Powdery Mildery Diease/28.tif,1
data/D3/Powdery Mildery Diease/29.tif,1
data/D3/Powdery Mildery Diease/3.tif,2
data/D3/Powdery Mildery Diease/30.tif,1
data/D3/Powdery Mildery Diease/31.tif,4
data/D3/Powdery Mildery Diease/32.tif,4
data/D3/Powdery Mildery Diease/33.tif,4
data/D3/Powdery Mildery Diease/34.tif,4
data/D3/Powdery Mildery Diease/35.tif,4
data/D3/Powdery Mildery Diease/36.tif,3
data/D3/Powdery Mildery Diease/37.tif,3
data/D3/Powdery Mildery Diease/38.tif,3
data/D3/Powdery Mildery Diease/39.tif,3
data/D3/Powdery Mildery Diease/4.tif,2
data/D3/Powdery Mildery Diease/40.tif,3
data/D3/Powdery Mildery Diease/41.tif,3
data/D3/Powdery Mildery Diease/42.tif,3
data/D3/Powdery Mildery Diease/43.tif,3
data/D3/Powdery Mildery Diease/44.tif,3
data/D3/Powdery Mildery Diease/45.tif,3
data/D3/Powdery Mildery Diease/46.tif,0
data/D3/Powdery Mildery Diease/47.tif,0
data/D3/Powdery Mildery Diease/48.tif,0
data/D3/Powdery Mildery Diease/49.tif,0
data/D3/Powdery Mildery Diease/5.tif,2
data/D3/Powdery Mildery Diease/50.tif,0
data/D3/Powdery Mildery Diease/51.tif,1
data/D3/Powdery Mildery Diease/52.tif,1
data/D3/Powdery Mildery Diease/53.tif,1
data/D3/Powdery Mildery Diease/54.tif,1
data/D3/Powdery Mildery Diease/55.tif,1
data/D3/Powdery Mildery Diease/56.tif,3
data/D3/Powdery Mildery Diease/57.tif,3
data/D3/Powdery Mildery Diease/58.tif,3
data/D3/Powdery Mildery Diease/59.tif,3
data/D3/Powdery Mildery Diease/6.tif,0
data/D3/Powdery Mildery Diease/60.tif,3
data/D3/Powdery Mildery Diease/61.tif,3
data/D3/Powdery Mildery Diease/62.tif,3
data/D3/Powdery Mildery Diease/63.tif,3
data/D3/Powdery Mildery Diease/64.tif,3
data/D3/Powdery Mildery Diease/65.tif,3
data/D3/Powdery Mildery Diease/66.tif,1
data/D3/Powdery Mildery Diease/67.tif,1
data/D3/Powdery Mildery Diease/68.tif,1
data/D3/Powdery Mildery Diease/69.tif,1
data/D3/Powdery Mildery Diease/7.tif,0
data/D3/Powdery Mildery Diease/70.tif,1
data/D3/Powdery Mildery Diease/71.tif,3
data/D3/Powdery Mildery Diease/72.tif,3
data/D3/Powdery Mildery Diease/73.tif,3
data/D3/Powdery Mildery Diease/74.tif,3
data/D3/Powdery Mildery Diease/75.tif,3
data/D3/Powdery Mildery Diease/76.tif,2
data/D3/Powdery Mildery Diease/77.tif,2
data/D3/Powdery Mildery Diease/78.tif,2
data/D3/Powdery Mildery Diease/79.tif,2
data/D3/Powdery Mildery Diease/8.tif,0
data/D3/Powdery Mildery Diease/80.tif,2
data/D3/Powdery Mildery Diease/81.tif,2
data/D3/Powdery Mildery Diease/82.tif,2
data/D3/Powdery Mildery Diease/83.tif,2
data/D3/Powdery Mildery Diease/84.tif,2
data/D3/Powdery Mildery Diease/85.tif,2
data/D3/Powdery Mildery Diease/86.tif,0
data/D3/Powdery Mildery Diease/87.tif,0
data/D3/Powdery Mildery Diease/88.tif,0
data/D3/Powdery Mildery Diease/89.tif,0
data/D3/Powdery Mildery Diease/9.tif,0
data/D3/Powdery Mildery Diease/90.tif,0
data/D3/Powdery Mildery Diease/91.tif,4
data/D3/Powdery Mildery Diease/92.tif,4
data/D3/Powdery Mildery Diease/93.tif,4
data/D3/Powdery Mildery Diease/94.tif,4
data/D3/Powdery Mildery Diease/95.tif,4
data/D3/Powdery Mildery Diease/96.tif,4
data/D3/Powdery Mildery Diease/97.tif,4
data/D3/Powdery Mildery Diease/98.tif,4
data/D3/Powdery Mildery Diease/99.tif,4
data/D3/Ring spot Diease/1.tif,2
data/D3/Ring spot Diease/10.tif,2
data/D3/Ring spot Diease/100.tif,0
data/D3/Ring spot Diease/101.tif,3
data/D3/Ring spot Diease/102.tif,0
data/D3/Ring spot Diease/103.tif,1
data/D3/Ring spot Diease/104.tif,0
data/D3/Ring spot Diease/105.tif,3
data/D3/Ring spot Diease/106.tif,4
data/D3/Ring spot Diease/107.tif,1
data/D3/Ring spot Diease/108.tif,4
data/D3/Ring spot Diease/109.tif,3
data/D3/Ring spot Diease/11.tif,2
data/D3/Ring spot Diease/110.tif,1
data/D3/Ring spot Diease/111.tif,3
data/D3/Ring spot Diease/112.tif,4
data/D3/Ring spot Diease/113.tif,2
data/D3/Ring spot Diease/114.tif,1
data/D3/Ring spot Diease/115.tif,4
data/D3/Ring spot Diease/116.tif,4
data/D3/Ring spot Diease/117.tif,2
data/D3/Ring spot Diease/118.tif,0
data/D3/Ring spot Diease/119.tif,4
data/D3/Ring spot Diease/12.tif,3
data/D3/Ring spot Diease/120.tif,1
data/D3/Ring spot Diease/121.tif,1
data/D3/Ring spot Diease/122.tif,4
data/D3/Ring spot Diease/123.tif,2
data/D3/Ring spot Diease/124.tif,4
data/D3/Ring spot Diease/125.tif,2
data/D3/Ring spot Diease/126.tif,4
data/D3/Ring spot Diease/127.tif,1
data/D3/Ring spot Diease/128.tif,2
data/D3/Ring spot Diease/129.tif,3
data/D3/Ring spot Diease/13.tif,0
data/D3/Ring spot Diease/130.tif,1
data/D3/Ring spot Diease/131.tif,4
data/D3/Ring spot Diease/132.tif,1
data/D3/Ring spot Diease/133.tif,2
data/D3/Ring spot Diease/134.tif,3
data/D3/Ring spot Diease/135.tif,1
data/D3/Ring spot Diease/136.tif,4
data/D3/Ring spot Diease/137.tif,1
data/D3/Ring spot Diease/138.tif,2
data/D3/Ring spot Diease/139.tif,3
data/D3/Ring spot Diease/14.tif,3
data/D3/Ring spot Diease/140.tif,1
data/D3/Ring spot Diease/141.tif,4
data/D3/Ring spot Diease/142.tif,1
data/D3/Ring spot Diease/143.tif,2
data/D3/Ring spot Diease/144.tif,3
data/D3/Ring spot Diease/145.tif,1
data/D3/Ring spot Diease/146.tif,4
data/D3/Ring spot Diease/147.tif,1
data/D3/Ring spot Diease/148.tif,2
data/D3/Ring spot Diease/149.tif,3
data/D3/Ring spot Diease/15.tif,2
data/D3/Ring spot Diease/150.tif,1
data/D3/Ring spot Diease/151.tif,1
data/D3/Ring spot Diease/152.tif,2
data/D3/Ring spot Diease/153.tif,2
data/D3/Ring spot Diease/154.tif,0
data/D3/Ring spot Diease/155.tif,2
data/D3/Ring spot Diease/156.tif,4
data/D3/Ring spot Diease/157.tif,4
data/D3/Ring spot Diease/158.tif,4
data/D3/Ring spot Diease/159.tif,4
data/D3/Ring spot Diease/16.tif,2
data/D3/Ring spot Diease/160.tif,4
data/D3/Ring spot Diease/161.tif,2
data/D3/Ring spot Diease/162.tif,3
data/D3/Ring spot Diease/163.tif,4
data/D3/Ring spot Diease/164.tif,1
data/D3/Ring spot Diease/165.tif,1
data/D3/Ring spot Diease/166.tif,1
data/D3/Ring spot Diease/167.tif,2
data/D3/Ring spot Diease/168.tif,1
data/D3/Ring spot Diease/169.tif,2
data/D3/Ring spot Diease/17.tif,2
data/D3/Ring spot Diease/170.tif,1
data/D3/Ring spot Diease/171.tif,4
data/D3/Ring spot Diease/172.tif,0
data/D3/Ring spot Diease/173.tif,3
data/D3/Ring spot Diease/174.tif,4
data/D3/Ring spot Diease/175.tif,4
data/D3/Ring spot Diease/176.tif,4
data/D3/Ring spot Diease/177.tif,3
data/D3/Ring spot Diease/178.tif,3
data/D3/Ring spot Diease/179.tif,3
data/D3/Ring spot Diease/18.tif,0
data/D3/Ring spot Diease/180.tif,4
data/D3/Ring spot Diease/181.tif,2
data/D3/Ring spot Diease/182.tif,0
data/D3/Ring spot Diease/183.tif,0
data/D3/Ring spot Diease/184.tif,1
data/D3/Ring spot Diease/185.tif,2
data/D3/Ring spot Diease/186.tif,1
data/D3/Ring spot Diease/187.tif,3
data/D3/Ring spot Diease/188.tif,3
data/D3/Ring spot Diease/189.tif,4
data/D3/Ring spot Diease/19.tif,1
data/D3/Ring spot Diease/190.tif,3
data/D3/Ring spot Diease/191.tif,3
data/D3/Ring spot Diease/192.tif,4
data/D3/Ring spot Diease/193.tif,2
data/D3/Ring spot Diease/194.tif,2
data/D3/Ring spot Diease/195.tif,4
data/D3/Ring spot Diease/196.tif,4
data/D3/Ring spot Diease/197.tif,2
data/D3/Ring spot Diease/198.tif,3
data/D3/Ring spot Diease/199.tif,4
data/D3/Ring spot Diease/2.tif,2
data/D3/Ring spot Diease/20.tif,0
data/D3/Ring spot Diease/200.tif,4
data/D3/Ring spot Diease/201.tif,4
data/D3/Ring spot Diease/202.tif,2
data/D3/Ring spot Diease/203.tif,4
data/D3/Ring spot Diease/204.tif,3
data/D3/Ring spot Diease/205.tif,0
data/D3/Ring spot Diease/206.tif,1
data/D3/Ring spot Diease/207.tif,1
data/D3/Ring spot Diease/208.tif,0
data/D3/Ring spot Diease/209.tif,2
data/D3/Ring spot Diease/21.tif,3
data/D3/Ring spot Diease/210.tif,4
data/D3/Ring spot Diease/211.tif,4
data/D3/Ring spot Diease/212.tif,3
data/D3/Ring spot Diease/213.tif,3
data/D3/Ring spot Diease/214.tif,4
data/D3/Ring spot Diease/215.tif,3
data/D3/Ring spot Diease/216.tif,3
data/D3/Ring spot Diease/217.tif,4
data/D3/Ring spot Diease/218.tif,2
data/D3/Ring spot Diease/219.tif,4
data/D3/Ring spot Diease/22.tif,3
data/D3/Ring spot Diease/220.tif,4
data/D3/Ring spot Diease/221.tif,2
data/D3/Ring spot Diease/222.tif,3
data/D3/Ring spot Diease/223.tif,4
data/D3/Ring spot Diease/224.tif,4
data/D3/Ring spot Diease/225.tif,4
data/D3/Ring spot Diease/226.tif,2
data/D3/Ring spot Diease/227.tif,4
data/D3/Ring spot Diease/228.tif,4
data/D3/Ring spot Diease/229.tif,3
data/D3/Ring spot Diease/23.tif,2
data/D3/Ring spot Diease/230.tif,0
data/D3/Ring spot Diease/231.tif,4
data/D3/Ring spot Diease/232.tif,1
data/D3/Ring spot Diease/233.tif,1
data/D3/Ring spot Diease/234.tif,0
data/D3/Ring spot Diease/235.tif,0
data/D3/Ring spot Diease/236.tif,2
data/D3/Ring spot Diease/237.tif,2
data/D3/Ring spot Diease/238.tif,3
data/D3/Ring spot Diease/239.tif,3
data/D3/Ring spot Diease/24.tif,2
data/D3/Ring spot Diease/240.tif,4
data/D3/Ring spot Diease/241.tif,4
data/D3/Ring spot Diease/242.tif,4
data/D3/Ring spot Diease/243.tif,2
data/D3/Ring spot Diease/244.tif,0
data/D3/Ring spot Diease/245.tif,0
data/D3/Ring spot Diease/246.tif,1
data/D3/Ring spot Diease/247.tif,1
data/D3/Ring spot Diease/248.tif,3
data/D3/Ring spot Diease/249.tif,0
data/D3/Ring spot Diease/25.tif,2
data/D3/Ring spot Diease/250.tif,4
data/D3/Ring spot Diease/251.tif,4
data/D3/Ring spot Diease/252.tif,4
data/D3/Ring spot Diease/253.tif,3
data/D3/Ring spot Diease/254.tif,4
data/D3/Ring spot Diease/255.tif,2
data/D3/Ring spot Diease/256.tif,3
data/D3/Ring spot Diease/257.tif,3
data/D3/Ring spot Diease/258.tif,3
data/D3/Ring spot Diease/259.tif,4
data/D3/Ring spot Diease/26.tif,0
data/D3/Ring spot Diease/260.tif,4
data/D3/Ring spot Diease/261.tif,2
data/D3/Ring spot Diease/262.tif,4
data/D3/Ring spot Diease/263.tif,2
data/D3/Ring spot Diease/264.tif,4
data/D3/Ring spot Diease/265.tif,3
data/D3/Ring spot Diease/27.tif,2
data/D3/Ring spot Diease/28.tif,2
data/D3/Ring spot Diease/29.tif,4
data/D3/Ring spot Diease/3.tif,3
data/D3/Ring spot Diease/30.tif,2
data/D3/Ring spot Diease/31.tif,0
data/D3/Ring spot Diease/32.tif,2
data/D3/Ring spot Diease/33.tif,2
data/D3/Ring spot Diease/34.tif,3
data/D3/Ring spot Diease/35.tif,0
data/D3/Ring spot Diease/36.tif,3
data/D3/Ring spot Diease/37.tif,2
data/D3/Ring spot Diease/38.tif,2
data/D3/Ring spot Diease/39.tif,2
data/D3/Ring spot Diease/4.tif,0
data/D3/Ring spot Diease/40.tif,2
data/D3/Ring spot Diease/41.tif,0
data/D3/Ring spot Diease/42.tif,2
data/D3/Ring spot Diease/43.tif,2
data/D3/Ring spot Diease/44.tif,3
data/D3/Ring spot Diease/45.tif,0
data/D3/Ring spot Diease/46.tif,3
data/D3/Ring spot Diease/47.tif,2
data/D3/Ring spot Diease/48.tif,0
data/D3/Ring spot Diease/49.tif,0
data/D3/Ring spot Diease/5.tif,3
data/D3/Ring spot Diease/50.tif,3
data/D3/Ring spot Diease/51.tif,4
data/D3/Ring spot Diease/52.tif,2
data/D3/Ring spot Diease/53.tif,1
data/D3/Ring spot Diease/54.tif,4
data/D3/Ring spot Diease/55.tif,4
data/D3/Ring spot Diease/56.tif,1
data/D3/Ring spot Diease/57.tif,2
data/D3/Ring spot Diease/58.tif,1
data/D3/Ring spot Diease/59.tif,0
data/D3/Ring spot Diease/6.tif,2
data/D3/Ring spot Diease/60.tif,4
data/D3/Ring spot Diease/61.tif,3
data/D3/Ring spot Diease/62.tif,0
data/D3/Ring spot Diease/63.tif,1
data/D3/Ring spot Diease/64.tif,0
data/D3/Ring spot Diease/65.tif,3
data/D3/Ring spot Diease/66.tif,4
data/D3/Ring spot Diease/67.tif,2
data/D3/Ring spot Diease/68.tif,1
data/D3/Ring spot Diease/69.tif,4
data/D3/Ring spot Diease/7.tif,2
data/D3/Ring spot Diease/70.tif,4
data/D3/Ring spot Diease/71.tif,1
data/D3/Ring spot Diease/72.tif,2
data/D3/Ring spot Diease/73.tif,1
data/D3/Ring spot Diease/74.tif,0
data/D3/Ring spot Diease/75.tif,4
data/D3/Ring spot Diease/76.tif,3
data/D3/Ring spot Diease/77.tif,0
data/D3/Ring spot Diease/78.tif,1
data/D3/Ring spot Diease/79.tif,0
data/D3/Ring spot Diease/8.tif,2
data/D3/Ring spot Diease/80.tif,3
data/D3/Ring spot Diease/81.tif,4
data/D3/Ring spot Diease/82.tif,2
data/D3/Ring spot Diease/83.tif,1
data/D3/Ring spot Diease/84.tif,4
data/D3/Ring spot Diease/85.tif,1
data/D3/Ring spot Diease/86.tif,2
data/D3/Ring spot Diease/87.tif,1
data/D3/Ring spot Diease/88.tif,0
data/D3/Ring spot Diease/89.tif,4
data/D3/Ring spot Diease/9.tif,0
data/D3/Ring spot Diease/90.tif,3
data/D3/Ring spot Diease/91.tif,0
data/D3/Ring spot Diease/92.tif,1
data/D3/Ring spot Diease/93.tif,0
data/D3/Ring spot Diease/94.tif,1
data/D3/Ring spot Diease/95.tif,2
data/D3/Ring spot Diease/96.tif,4
data/D3/Ring spot Diease/97.tif,4
data/D3/Ring spot Diease/98.tif,1
data/D3/Ring spot Diease/99.tif,2
